7,21,2026,8,59,28.3,-999.9,60,-999
7,21,2026,8,59,28.3,-999.9,59,-999
7,21,2026,8,59,28.3,-999.9,59,-999
7,21,2026,8,59,28.3,-999.9,58,-999
7,21,2026,8,59,28.3,-999.9,57,-999
7,21,2026,8,59,28.2,-999.9,57,-999
7,21,2026,9,00,28.2,-999.9,56,-999
7,21,2026,9,00,28.2,-999.9,56,-999
7,21,2026,9,00,28.2,-999.9,55,-999
7,21,2026,9,00,28.2,-999.9,55,-999
7,21,2026,9,00,28.2,-999.9,55,-999
7,21,2026,9,00,28.2,-999.9,55,-999
7,21,2026,9,01,28.2,-999.9,55,-999
7,21,2026,9,01,28.1,-999.9,55,-999
7,21,2026,9,01,28.1,-999.9,55,-999
7,21,2026,9,01,28.1,-999.9,54,-999
7,21,2026,9,01,28.1,-999.9,54,-999
7,21,2026,9,01,28.1,-999.9,54,-999
7,21,2026,9,02,28.1,-999.9,54,-999
7,21,2026,9,02,28,-999.9,54,-999
7,21,2026,9,02,28,-999.9,54,-999
7,21,2026,9,02,28,-999.9,53,-999
7,21,2026,9,02,28,-999.9,53,-999
7,21,2026,9,02,28,-999.9,53,-999
7,21,2026,9,03,28,-999.9,53,-999
7,21,2026,9,03,27.9,-999.9,53,-999
7,21,2026,9,03,27.9,-999.9,53,-999
7,21,2026,9,03,27.9,-999.9,53,-999
7,21,2026,9,03,27.9,-999.9,53,-999
7,21,2026,9,03,27.9,-999.9,53,-999
7,21,2026,9,04,27.9,-999.9,53,-999
7,21,2026,9,04,27.9,-999.9,53,-999
7,21,2026,9,04,27.8,-999.9,53,-999
7,21,2026,9,04,27.8,-999.9,53,-999
7,21,2026,9,04,27.8,-999.9,54,-999
7,21,2026,9,04,27.8,-999.9,54,-999
7,21,2026,9,05,27.8,-999.9,54,-999
7,21,2026,9,05,27.8,-999.9,54,-999
7,21,2026,9,05,27.8,-999.9,54,-999
7,21,2026,9,05,27.7,-999.9,54,-999
7,21,2026,9,05,27.7,-999.9,54,-999
7,21,2026,9,05,27.7,-999.9,54,-999
7,21,2026,9,06,27.7,-999.9,54,-999
7,21,2026,9,06,27.6,-999.9,54,-999
7,21,2026,9,06,27.6,-999.9,54,-999
7,21,2026,9,06,27.6,-999.9,54,-999
7,21,2026,9,06,27.6,-999.9,54,-999
7,21,2026,9,06,27.6,-999.9,54,-999
7,21,2026,9,07,27.6,-999.9,54,-999
7,21,2026,9,07,27.6,-999.9,54,-999
7,21,2026,9,07,27.6,-999.9,54,-999
7,21,2026,9,07,27.6,-999.9,54,-999
7,21,2026,9,07,27.6,-999.9,55,-999
7,21,2026,9,07,27.6,-999.9,55,-999
7,21,2026,9,08,27.5,-999.9,55,-999
7,21,2026,9,08,27.5,-999.9,55,-999
7,21,2026,9,08,27.5,-999.9,55,-999
7,21,2026,9,08,27.5,-999.9,55,-999
7,21,2026,9,08,27.5,-999.9,55,-999
7,21,2026,9,08,27.5,-999.9,55,-999
7,21,2026,9,09,27.5,-999.9,55,-999
7,21,2026,9,09,27.5,-999.9,55,-999
7,21,2026,9,09,27.5,-999.9,55,-999
7,21,2026,9,09,27.5,-999.9,55,-999
7,21,2026,9,09,27.4,-999.9,55,-999
7,21,2026,9,09,27.4,-999.9,55,-999
7,21,2026,9,10,27.4,-999.9,55,-999
7,21,2026,9,10,27.4,-999.9,55,-999
7,21,2026,9,10,27.4,-999.9,55,-999
7,21,2026,9,10,27.3,-999.9,55,-999
7,21,2026,9,10,27.3,-999.9,55,-999
7,21,2026,9,10,27.3,-999.9,55,-999
7,21,2026,9,11,27.3,-999.9,55,-999
7,21,2026,9,11,27.3,-999.9,55,-999
7,21,2026,9,11,27.3,-999.9,55,-999
7,21,2026,9,11,27.3,-999.9,55,-999
7,21,2026,9,11,27.3,-999.9,55,-999
7,21,2026,9,11,27.3,-999.9,55,-999
7,21,2026,9,12,27.2,-999.9,55,-999
7,21,2026,9,12,27.2,-999.9,55,-999
7,21,2026,9,12,27.2,-999.9,55,-999
7,21,2026,9,12,27.2,-999.9,56,-999
7,21,2026,9,12,27.2,-999.9,56,-999
7,21,2026,9,12,27.2,-999.9,56,-999
7,21,2026,9,13,27.2,-999.9,56,-999
7,21,2026,9,13,27.2,-999.9,56,-999
7,21,2026,9,13,27.2,-999.9,57,-999
7,21,2026,9,13,27.2,-999.9,57,-999
7,21,2026,9,13,27.2,-999.9,56,-999
7,21,2026,9,13,27.2,-999.9,56,-999
7,21,2026,9,14,27.2,-999.9,56,-999
7,21,2026,9,14,27.2,-999.9,56,-999
7,21,2026,9,14,27.1,-999.9,56,-999
7,21,2026,9,14,27.1,-999.9,56,-999
7,21,2026,9,14,27.1,-999.9,56,-999
7,21,2026,9,14,27.1,-999.9,57,-999
7,21,2026,9,15,27.1,-999.9,57,-999
7,21,2026,9,15,27.1,-999.9,56,-999
7,21,2026,9,15,27.1,-999.9,56,-999
7,21,2026,9,15,27.1,-999.9,56,-999
7,21,2026,9,15,27.1,-999.9,56,-999
7,21,2026,9,15,27.1,-999.9,56,-999
7,21,2026,9,16,27.1,-999.9,56,-999
7,21,2026,9,16,27.1,-999.9,57,-999
7,21,2026,9,16,27,-999.9,56,-999
7,21,2026,9,16,27,-999.9,56,-999
7,21,2026,9,16,27,-999.9,56,-999
7,21,2026,9,16,27,-999.9,56,-999
7,21,2026,9,17,27,-999.9,56,-999
7,21,2026,9,17,27,-999.9,56,-999
7,21,2026,9,17,27,-999.9,56,-999
7,21,2026,9,17,27,-999.9,56,-999
7,21,2026,9,17,27,-999.9,56,-999
7,21,2026,9,17,27,-999.9,56,-999
7,21,2026,9,18,27,-999.9,56,-999
7,21,2026,9,18,27,-999.9,56,-999
7,21,2026,9,18,27,-999.9,56,-999
7,21,2026,9,18,26.9,-999.9,56,-999
7,21,2026,9,18,26.9,-999.9,56,-999
7,21,2026,9,18,26.9,-999.9,57,-999
7,21,2026,9,19,26.9,-999.9,57,-999
7,21,2026,9,19,26.9,-999.9,57,-999
7,21,2026,9,19,26.9,-999.9,57,-999
7,21,2026,9,19,26.9,-999.9,57,-999
7,21,2026,9,19,26.9,-999.9,57,-999
7,21,2026,9,19,26.9,-999.9,57,-999
7,21,2026,9,20,26.9,-999.9,57,-999
7,21,2026,9,20,26.9,-999.9,57,-999
7,21,2026,9,20,26.9,-999.9,57,-999
7,21,2026,9,20,26.9,-999.9,57,-999
7,21,2026,9,20,26.9,-999.9,57,-999
7,21,2026,9,20,26.9,-999.9,57,-999
7,21,2026,9,21,26.9,-999.9,57,-999
7,21,2026,9,21,26.9,-999.9,57,-999
7,21,2026,9,21,26.8,-999.9,57,-999
7,21,2026,9,21,26.8,-999.9,57,-999
7,21,2026,9,21,26.8,-999.9,57,-999
7,21,2026,9,21,26.8,-999.9,57,-999
7,21,2026,9,22,26.8,-999.9,57,-999
7,21,2026,9,22,26.8,-999.9,58,-999
7,21,2026,9,22,26.8,-999.9,58,-999
7,21,2026,9,22,26.8,-999.9,58,-999
7,21,2026,9,22,26.8,-999.9,58,-999
7,21,2026,9,22,26.8,-999.9,58,-999
7,21,2026,9,23,26.8,-999.9,58,-999
7,21,2026,9,23,26.8,-999.9,58,-999
7,21,2026,9,23,26.8,-999.9,58,-999
7,21,2026,9,23,26.8,-999.9,58,-999
7,21,2026,9,23,26.8,-999.9,58,-999
7,21,2026,9,23,26.7,-999.9,58,-999
7,21,2026,9,24,26.7,-999.9,57,-999
7,21,2026,9,24,26.7,-999.9,57,-999
7,21,2026,9,24,26.7,-999.9,57,-999
7,21,2026,9,24,26.7,-999.9,57,-999
7,21,2026,9,24,26.7,-999.9,57,-999
7,21,2026,9,24,26.7,-999.9,57,-999
7,21,2026,9,25,26.7,-999.9,57,-999
7,21,2026,9,25,26.7,-999.9,58,-999
7,21,2026,9,25,26.7,-999.9,58,-999
7,21,2026,9,25,26.7,-999.9,58,-999
7,21,2026,9,25,26.7,-999.9,58,-999
7,21,2026,9,25,26.7,-999.9,58,-999
7,21,2026,9,26,26.7,-999.9,58,-999
7,21,2026,9,26,26.7,-999.9,58,-999
7,21,2026,9,26,26.7,-999.9,58,-999
7,21,2026,9,26,26.7,-999.9,58,-999
7,21,2026,9,26,26.7,-999.9,58,-999
7,21,2026,9,26,26.7,-999.9,58,-999
7,21,2026,9,27,26.7,-999.9,58,-999
7,21,2026,9,27,26.7,-999.9,59,-999
7,21,2026,9,27,26.7,-999.9,59,-999
7,21,2026,9,27,26.7,-999.9,58,-999
7,21,2026,9,27,26.6,-999.9,58,-999
7,21,2026,9,27,26.6,-999.9,58,-999
7,21,2026,9,28,26.6,-999.9,58,-999
7,21,2026,9,28,26.6,-999.9,58,-999
7,21,2026,9,28,26.6,-999.9,58,-999
7,21,2026,9,28,26.6,-999.9,58,-999
7,21,2026,9,28,26.6,-999.9,58,-999
7,21,2026,9,28,26.6,-999.9,58,-999
7,21,2026,9,29,26.6,-999.9,58,-999
7,21,2026,9,29,26.6,-999.9,58,-999
7,21,2026,9,29,26.6,-999.9,58,-999
7,21,2026,9,29,26.6,-999.9,58,-999
7,21,2026,9,29,26.6,-999.9,58,-999
7,21,2026,9,29,26.6,-999.9,58,-999
7,21,2026,9,30,26.6,-999.9,58,-999
7,21,2026,9,30,26.6,-999.9,58,-999
7,21,2026,9,30,26.6,-999.9,58,-999
7,21,2026,9,30,26.5,-999.9,58,-999
7,21,2026,9,30,26.5,-999.9,58,-999
7,21,2026,9,30,26.5,-999.9,58,-999
7,21,2026,9,31,26.5,-999.9,58,-999
7,21,2026,9,31,26.5,-999.9,58,-999
7,21,2026,9,31,26.5,-999.9,58,-999
7,21,2026,9,31,26.5,-999.9,58,-999
7,21,2026,9,31,26.5,-999.9,58,-999
7,21,2026,9,31,26.5,-999.9,58,-999
7,21,2026,9,32,26.5,-999.9,59,-999
7,21,2026,9,32,26.5,-999.9,59,-999
7,21,2026,9,32,26.5,-999.9,59,-999
7,21,2026,9,32,26.5,-999.9,59,-999
7,21,2026,9,32,26.5,-999.9,59,-999
7,21,2026,9,32,26.5,-999.9,59,-999
7,21,2026,9,33,26.5,-999.9,59,-999
7,21,2026,9,33,26.5,-999.9,59,-999
7,21,2026,9,33,26.5,-999.9,59,-999
7,21,2026,9,33,26.5,-999.9,59,-999
7,21,2026,9,33,26.5,-999.9,59,-999
7,21,2026,9,33,26.5,-999.9,58,-999
7,21,2026,9,34,26.4,-999.9,58,-999
7,21,2026,9,34,26.4,-999.9,58,-999
7,21,2026,9,34,26.4,-999.9,58,-999
7,21,2026,9,34,26.4,-999.9,59,-999
7,21,2026,9,34,26.4,-999.9,59,-999
7,21,2026,9,34,26.4,-999.9,59,-999
7,21,2026,9,35,26.4,-999.9,59,-999
7,21,2026,9,35,26.4,-999.9,59,-999
7,21,2026,9,35,26.4,-999.9,59,-999
7,21,2026,9,35,26.4,-999.9,59,-999
7,21,2026,9,35,26.4,-999.9,58,-999
7,21,2026,9,35,26.4,-999.9,58,-999
7,21,2026,9,36,26.4,-999.9,58,-999
7,21,2026,9,36,26.4,-999.9,58,-999
7,21,2026,9,36,26.4,-999.9,59,-999
7,21,2026,9,36,26.4,-999.9,59,-999
7,21,2026,9,36,26.4,-999.9,59,-999
7,21,2026,9,36,26.4,-999.9,59,-999
7,21,2026,9,37,26.3,-999.9,59,-999
7,21,2026,9,37,26.3,-999.9,59,-999
7,21,2026,9,37,26.3,-999.9,59,-999
7,21,2026,9,37,26.3,-999.9,59,-999
7,21,2026,9,37,26.3,-999.9,58,-999
7,21,2026,9,37,26.3,-999.9,58,-999
7,21,2026,9,38,26.3,-999.9,58,-999
7,21,2026,9,38,26.3,-999.9,58,-999
7,21,2026,9,38,26.3,-999.9,58,-999
7,21,2026,9,38,26.3,-999.9,58,-999
7,21,2026,9,38,26.3,-999.9,58,-999
7,21,2026,9,38,26.3,-999.9,58,-999
7,21,2026,9,39,26.2,-999.9,58,-999
7,21,2026,9,39,26.2,-999.9,58,-999
7,21,2026,9,39,26.2,-999.9,58,-999
7,21,2026,9,39,26.2,-999.9,58,-999
7,21,2026,9,39,26.2,-999.9,58,-999
7,21,2026,9,39,26.2,-999.9,58,-999
7,21,2026,9,40,26.2,-999.9,58,-999
7,21,2026,9,40,26.2,-999.9,58,-999
7,21,2026,9,40,26.2,-999.9,59,-999
7,21,2026,9,40,26.2,-999.9,59,-999
7,21,2026,9,40,26.2,-999.9,59,-999
7,21,2026,9,40,26.2,-999.9,59,-999
7,21,2026,9,41,26.2,-999.9,59,-999
7,21,2026,9,41,26.2,-999.9,59,-999
7,21,2026,9,41,26.2,-999.9,59,-999
7,21,2026,9,41,26.2,-999.9,59,-999
7,21,2026,9,41,26.2,-999.9,59,-999
7,21,2026,9,41,26.2,-999.9,59,-999
7,21,2026,9,42,26.2,-999.9,59,-999
7,21,2026,9,42,26.2,-999.9,59,-999
7,21,2026,9,42,26.2,-999.9,59,-999
7,21,2026,9,42,26.2,-999.9,59,-999
7,21,2026,9,42,26.2,-999.9,59,-999
7,21,2026,9,42,26.2,-999.9,59,-999
7,21,2026,9,43,26.2,-999.9,59,-999
7,21,2026,9,43,26.2,-999.9,59,-999
7,21,2026,9,43,26.2,-999.9,59,-999
7,21,2026,9,43,26.2,-999.9,59,-999
7,21,2026,9,43,26.2,-999.9,59,-999
7,21,2026,9,43,26.2,-999.9,59,-999
7,21,2026,9,44,26.2,-999.9,59,-999
7,21,2026,9,44,26.1,-999.9,59,-999
7,21,2026,9,44,26.1,-999.9,59,-999
7,21,2026,9,44,26.1,-999.9,59,-999
7,21,2026,9,44,26.1,-999.9,59,-999
7,21,2026,9,44,26.1,-999.9,59,-999
7,21,2026,9,45,26.1,-999.9,59,-999
7,21,2026,9,45,26.1,-999.9,59,-999
7,21,2026,9,45,26.1,-999.9,59,-999
7,21,2026,9,45,26.1,-999.9,59,-999
7,21,2026,9,45,26.1,-999.9,59,-999
7,21,2026,9,45,26.1,-999.9,59,-999
7,21,2026,9,46,26.1,-999.9,59,-999
7,21,2026,9,46,26.1,-999.9,59,-999
7,21,2026,9,46,26.1,-999.9,59,-999
7,21,2026,9,46,26.1,-999.9,59,-999
7,21,2026,9,46,26.1,-999.9,59,-999
7,21,2026,9,46,26.1,-999.9,59,-999
7,21,2026,9,47,26.1,-999.9,59,-999
7,21,2026,9,47,26.1,-999.9,59,-999
7,21,2026,9,47,26.1,-999.9,59,-999
7,21,2026,9,47,26,-999.9,59,-999
7,21,2026,9,47,26.1,-999.9,59,-999
7,21,2026,9,47,26,-999.9,59,-999
7,21,2026,9,48,26,-999.9,59,-999
7,21,2026,9,48,26,-999.9,59,-999
7,21,2026,9,48,26,-999.9,58,-999
7,21,2026,9,48,26,-999.9,58,-999
7,21,2026,9,48,26,-999.9,59,-999
7,21,2026,9,48,26,-999.9,59,-999
7,21,2026,9,49,26,-999.9,59,-999
7,21,2026,9,49,26,-999.9,59,-999
7,21,2026,9,49,26,-999.9,59,-999
7,21,2026,9,49,26,-999.9,59,-999
7,21,2026,9,49,26,-999.9,59,-999
7,21,2026,9,49,26,-999.9,59,-999
7,21,2026,9,50,26,-999.9,59,-999
7,21,2026,9,50,26,-999.9,59,-999
7,21,2026,9,50,26,-999.9,59,-999
7,21,2026,9,50,26,-999.9,59,-999
7,21,2026,9,50,26,-999.9,59,-999
7,21,2026,9,50,26,-999.9,59,-999
7,21,2026,9,51,26,-999.9,59,-999
7,21,2026,9,51,26,-999.9,59,-999
7,21,2026,9,51,26,-999.9,59,-999
7,21,2026,9,51,26,-999.9,59,-999
7,21,2026,9,51,26,-999.9,59,-999
7,21,2026,9,51,26,-999.9,59,-999
7,21,2026,9,52,26,-999.9,59,-999
7,21,2026,9,52,26,-999.9,59,-999
7,21,2026,9,52,25.9,-999.9,60,-999
7,21,2026,9,52,25.9,-999.9,60,-999
7,21,2026,9,52,25.9,-999.9,60,-999
7,21,2026,9,52,25.9,-999.9,59,-999
7,21,2026,9,53,25.9,-999.9,59,-999
7,21,2026,9,53,25.9,-999.9,59,-999
7,21,2026,9,53,25.9,-999.9,59,-999
7,21,2026,9,53,25.9,-999.9,59,-999
7,21,2026,9,53,25.9,-999.9,59,-999
7,21,2026,9,53,25.9,-999.9,59,-999
7,21,2026,9,54,25.9,-999.9,59,-999
7,21,2026,9,54,25.9,-999.9,59,-999
7,21,2026,9,54,25.9,-999.9,59,-999
7,21,2026,9,54,25.9,-999.9,59,-999
7,21,2026,9,54,25.9,-999.9,59,-999
7,21,2026,9,54,25.9,-999.9,59,-999
7,21,2026,9,55,25.9,-999.9,59,-999
7,21,2026,9,55,25.9,-999.9,60,-999
7,21,2026,9,55,25.9,-999.9,60,-999
7,21,2026,9,55,25.9,-999.9,60,-999
7,21,2026,9,55,25.9,-999.9,60,-999
7,21,2026,9,55,25.9,-999.9,60,-999
7,21,2026,9,56,25.8,-999.9,59,-999
7,21,2026,9,56,25.9,-999.9,59,-999
7,21,2026,9,56,25.8,-999.9,59,-999
7,21,2026,9,56,25.8,-999.9,60,-999
7,21,2026,9,56,25.8,-999.9,59,-999
7,21,2026,9,56,25.8,-999.9,59,-999
7,21,2026,9,57,25.8,-999.9,60,-999
7,21,2026,9,57,25.8,-999.9,60,-999
7,21,2026,9,57,25.8,-999.9,60,-999
7,21,2026,9,57,25.8,-999.9,60,-999
7,21,2026,9,57,25.8,-999.9,60,-999
7,21,2026,9,57,25.8,-999.9,60,-999
7,21,2026,9,58,25.8,-999.9,60,-999
7,21,2026,9,58,25.8,-999.9,60,-999
7,21,2026,9,58,25.8,-999.9,61,-999
7,21,2026,9,58,25.8,-999.9,61,-999
7,21,2026,9,58,25.8,-999.9,61,-999
7,21,2026,9,58,25.8,-999.9,61,-999
7,21,2026,9,59,25.8,-999.9,61,-999
7,21,2026,9,59,25.8,-999.9,61,-999
7,21,2026,9,59,25.8,-999.9,61,-999
7,21,2026,9,59,25.8,-999.9,61,-999
7,21,2026,9,59,25.8,-999.9,61,-999
7,21,2026,9,59,25.8,-999.9,61,-999
7,21,2026,10,00,25.8,-999.9,61,-999
7,21,2026,10,00,25.8,-999.9,61,-999
7,21,2026,10,00,25.8,-999.9,62,-999
7,21,2026,10,00,25.9,-999.9,62,-999
7,21,2026,10,00,25.9,-999.9,62,-999
7,21,2026,10,00,26,-999.9,62,-999
7,21,2026,10,01,26,-999.9,62,-999
7,21,2026,10,01,26,-999.9,62,-999
7,21,2026,10,01,26.1,-999.9,61,-999
7,21,2026,10,01,26.1,-999.9,61,-999
7,21,2026,10,01,26.1,-999.9,61,-999
7,21,2026,10,01,26.1,-999.9,61,-999
7,21,2026,10,02,26.2,-999.9,61,-999
7,21,2026,10,02,26.2,-999.9,61,-999
7,21,2026,10,02,26.2,-999.9,60,-999
7,21,2026,10,02,26.2,-999.9,60,-999
7,21,2026,10,02,26.3,-999.9,60,-999
7,21,2026,10,02,26.3,-999.9,60,-999
7,21,2026,10,03,26.3,-999.9,60,-999
7,21,2026,10,03,26.3,-999.9,60,-999
7,21,2026,10,03,26.3,-999.9,60,-999
7,21,2026,10,03,26.4,-999.9,60,-999
7,21,2026,10,03,26.4,-999.9,60,-999
7,21,2026,10,03,26.4,-999.9,60,-999
7,21,2026,10,04,26.4,-999.9,60,-999
7,21,2026,10,04,26.4,-999.9,60,-999
7,21,2026,10,04,26.4,-999.9,60,-999
7,21,2026,10,04,26.5,-999.9,60,-999
7,21,2026,10,04,26.5,-999.9,60,-999
7,21,2026,10,04,26.5,-999.9,60,-999
7,21,2026,10,05,26.5,-999.9,60,-999
7,21,2026,10,05,26.5,-999.9,61,-999
7,21,2026,10,05,26.5,-999.9,61,-999
7,21,2026,10,05,26.5,-999.9,61,-999
7,21,2026,10,05,26.5,-999.9,61,-999
7,21,2026,10,05,26.6,-999.9,61,-999
7,21,2026,10,06,26.6,-999.9,61,-999
7,21,2026,10,06,26.6,-999.9,61,-999
7,21,2026,10,06,26.6,-999.9,61,-999
7,21,2026,10,06,26.6,-999.9,61,-999
7,21,2026,10,06,26.6,-999.9,61,-999
7,21,2026,10,06,26.6,-999.9,62,-999
7,21,2026,10,07,26.6,-999.9,62,-999
7,21,2026,10,07,26.7,-999.9,62,-999
7,21,2026,10,07,26.7,-999.9,62,-999
7,21,2026,10,07,26.7,-999.9,62,-999
7,21,2026,10,07,26.7,-999.9,62,-999
7,21,2026,10,07,26.7,-999.9,62,-999
7,21,2026,10,08,26.7,-999.9,62,-999
7,21,2026,10,08,26.7,-999.9,63,-999
7,21,2026,10,08,26.7,-999.9,63,-999
7,21,2026,10,08,26.7,-999.9,63,-999
7,21,2026,10,08,26.7,-999.9,63,-999
7,21,2026,10,08,26.7,-999.9,63,-999
7,21,2026,10,09,26.7,-999.9,63,-999
7,21,2026,10,09,26.7,-999.9,63,-999
7,21,2026,10,09,26.7,-999.9,64,-999
7,21,2026,10,09,26.7,-999.9,64,-999
7,21,2026,10,09,26.7,-999.9,64,-999
7,21,2026,10,09,26.7,-999.9,64,-999
7,21,2026,10,10,26.8,-999.9,64,-999
7,21,2026,10,10,26.8,-999.9,64,-999
7,21,2026,10,10,26.8,-999.9,65,-999
7,21,2026,10,10,26.8,-999.9,65,-999
7,21,2026,10,10,26.8,-999.9,65,-999
7,21,2026,10,10,26.8,-999.9,65,-999
7,21,2026,10,11,26.8,-999.9,65,-999
7,21,2026,10,11,26.8,-999.9,65,-999
7,21,2026,10,11,26.8,-999.9,66,-999
7,21,2026,10,11,26.8,-999.9,66,-999
7,21,2026,10,11,26.8,-999.9,66,-999
7,21,2026,10,11,26.8,-999.9,66,-999
7,21,2026,10,12,26.9,-999.9,66,-999
7,21,2026,10,12,26.9,-999.9,66,-999
7,21,2026,10,12,26.9,-999.9,67,-999
7,21,2026,10,12,26.9,-999.9,67,-999
7,21,2026,10,12,26.9,-999.9,67,-999
7,21,2026,10,12,26.9,-999.9,67,-999
7,21,2026,10,13,26.9,-999.9,67,-999
7,21,2026,10,13,26.9,-999.9,67,-999
7,21,2026,10,13,26.9,-999.9,67,-999
7,21,2026,10,13,26.9,-999.9,67,-999
7,21,2026,10,13,26.9,-999.9,68,-999
7,21,2026,10,13,26.9,-999.9,68,-999
7,21,2026,10,14,27,-999.9,68,-999
7,21,2026,10,14,27,-999.9,68,-999
7,21,2026,10,14,27,-999.9,68,-999
7,21,2026,10,14,27,-999.9,68,-999
7,21,2026,10,14,27,-999.9,68,-999
7,21,2026,10,14,27,-999.9,69,-999
7,21,2026,10,15,27,-999.9,69,-999
7,21,2026,10,15,27,-999.9,69,-999
7,21,2026,10,15,27,-999.9,69,-999
7,21,2026,10,15,27,-999.9,69,-999
7,21,2026,10,15,27,-999.9,69,-999
7,21,2026,10,15,27,-999.9,69,-999
7,21,2026,10,16,27,-999.9,69,-999
7,21,2026,10,16,27.1,-999.9,70,-999
7,21,2026,10,16,27.1,-999.9,70,-999
7,21,2026,10,16,27.1,-999.9,70,-999
7,21,2026,10,16,27.1,-999.9,70,-999
7,21,2026,10,16,27.1,-999.9,70,-999
7,21,2026,10,17,27.1,-999.9,70,-999
7,21,2026,10,17,27.1,-999.9,70,-999
7,21,2026,10,17,27.1,-999.9,70,-999
7,21,2026,10,17,27.1,-999.9,70,-999
7,21,2026,10,17,27.1,-999.9,70,-999
7,21,2026,10,17,27.1,-999.9,70,-999
7,21,2026,10,18,27.2,-999.9,70,-999
7,21,2026,10,18,27.2,-999.9,71,-999
7,21,2026,10,18,27.2,-999.9,71,-999
7,21,2026,10,18,27.2,-999.9,71,-999
7,21,2026,10,18,27.2,-999.9,71,-999
7,21,2026,10,18,27.2,-999.9,71,-999
7,21,2026,10,19,27.2,-999.9,71,-999
7,21,2026,10,19,27.2,-999.9,71,-999
7,21,2026,10,19,27.2,-999.9,71,-999
7,21,2026,10,19,27.2,-999.9,71,-999
7,21,2026,10,19,27.2,-999.9,71,-999
7,21,2026,10,19,27.2,-999.9,71,-999
7,21,2026,10,20,27.3,-999.9,71,-999
7,21,2026,10,20,27.3,-999.9,72,-999
7,21,2026,10,20,27.3,-999.9,72,-999
7,21,2026,10,20,27.3,-999.9,72,-999
7,21,2026,10,20,27.3,-999.9,72,-999
7,21,2026,10,20,27.3,-999.9,72,-999
7,21,2026,10,21,27.3,-999.9,72,-999
7,21,2026,10,21,27.3,-999.9,72,-999
7,21,2026,10,21,27.3,-999.9,72,-999
7,21,2026,10,21,27.3,-999.9,72,-999
7,21,2026,10,21,27.3,-999.9,72,-999
7,21,2026,10,21,27.3,-999.9,72,-999
7,21,2026,10,22,27.3,-999.9,72,-999
7,21,2026,10,22,27.3,-999.9,73,-999
7,21,2026,10,22,27.3,-999.9,73,-999
7,21,2026,10,22,27.3,-999.9,73,-999
7,21,2026,10,22,27.3,-999.9,73,-999
7,21,2026,10,22,27.3,-999.9,73,-999
7,21,2026,10,23,27.3,-999.9,73,-999
7,21,2026,10,23,27.3,-999.9,73,-999
7,21,2026,10,23,27.3,-999.9,73,-999
7,21,2026,10,23,27.3,-999.9,73,-999
7,21,2026,10,23,27.3,-999.9,73,-999
7,21,2026,10,23,27.4,-999.9,73,-999
7,21,2026,10,24,27.4,-999.9,73,-999
7,21,2026,10,24,27.4,-999.9,74,-999
7,21,2026,10,24,27.4,-999.9,74,-999
7,21,2026,10,24,27.4,-999.9,74,-999
7,21,2026,10,24,27.4,-999.9,74,-999
7,21,2026,10,24,27.4,-999.9,74,-999
7,21,2026,10,25,27.4,-999.9,74,-999
7,21,2026,10,25,27.4,-999.9,74,-999
7,21,2026,10,25,27.4,-999.9,74,-999
7,21,2026,10,25,27.4,-999.9,74,-999
7,21,2026,10,25,27.4,-999.9,74,-999
7,21,2026,10,25,27.4,-999.9,75,-999
7,21,2026,10,26,27.4,-999.9,75,-999
7,21,2026,10,26,27.4,-999.9,75,-999
7,21,2026,10,26,27.4,-999.9,75,-999
7,21,2026,10,26,27.4,-999.9,75,-999
7,21,2026,10,26,27.4,-999.9,75,-999
7,21,2026,10,26,27.4,-999.9,75,-999
7,21,2026,10,27,27.4,-999.9,75,-999
7,21,2026,10,27,27.4,-999.9,75,-999
7,21,2026,10,27,27.4,-999.9,75,-999
7,21,2026,10,27,27.4,-999.9,75,-999
7,21,2026,10,27,27.4,-999.9,75,-999
7,21,2026,10,27,27.4,-999.9,76,-999
7,21,2026,10,28,27.4,-999.9,76,-999
7,21,2026,10,28,27.4,-999.9,76,-999
7,21,2026,10,28,27.4,-999.9,76,-999
7,21,2026,10,28,27.5,-999.9,76,-999
7,21,2026,10,28,27.5,-999.9,76,-999
7,21,2026,10,28,27.5,-999.9,76,-999
7,21,2026,10,29,27.5,-999.9,76,-999
7,21,2026,10,29,27.5,-999.9,76,-999
7,21,2026,10,29,27.5,-999.9,76,-999
7,21,2026,10,29,27.5,-999.9,76,-999
7,21,2026,10,29,27.5,-999.9,76,-999
7,21,2026,10,29,27.5,-999.9,76,-999
7,21,2026,10,30,27.5,-999.9,76,-999
7,21,2026,10,30,27.5,-999.9,76,-999
7,21,2026,10,30,27.5,-999.9,76,-999
7,21,2026,10,30,27.5,-999.9,77,-999
7,21,2026,10,30,27.5,-999.9,77,-999
7,21,2026,10,30,27.5,-999.9,77,-999
7,21,2026,10,31,27.5,-999.9,77,-999
7,21,2026,10,31,27.5,-999.9,77,-999
7,21,2026,10,31,27.5,-999.9,77,-999
7,21,2026,10,31,27.5,-999.9,77,-999
7,21,2026,10,31,27.5,-999.9,77,-999
7,21,2026,10,31,27.5,-999.9,77,-999
7,21,2026,10,32,27.5,-999.9,77,-999
7,21,2026,10,32,27.5,-999.9,77,-999
7,21,2026,10,32,27.5,-999.9,77,-999
7,21,2026,10,32,27.5,-999.9,77,-999
7,21,2026,10,32,27.5,-999.9,77,-999
7,21,2026,10,32,27.5,-999.9,77,-999
7,21,2026,10,33,27.5,-999.9,77,-999
7,21,2026,10,33,27.5,-999.9,77,-999
7,21,2026,10,33,27.5,-999.9,78,-999
7,21,2026,10,33,27.5,-999.9,78,-999
7,21,2026,10,33,27.5,-999.9,78,-999
7,21,2026,10,33,27.5,-999.9,78,-999
7,21,2026,10,34,27.5,-999.9,78,-999
7,21,2026,10,34,27.5,-999.9,78,-999
7,21,2026,10,34,27.5,-999.9,78,-999
7,21,2026,10,34,27.5,-999.9,78,-999
7,21,2026,10,34,27.6,-999.9,78,-999
7,21,2026,10,34,27.6,-999.9,78,-999
7,21,2026,10,35,27.6,-999.9,78,-999
7,21,2026,10,35,27.6,-999.9,78,-999
7,21,2026,10,35,27.6,-999.9,78,-999
7,21,2026,10,35,27.6,-999.9,78,-999
7,21,2026,10,35,27.6,-999.9,78,-999
7,21,2026,10,35,27.6,-999.9,78,-999
7,21,2026,10,36,27.6,-999.9,78,-999
7,21,2026,10,36,27.6,-999.9,78,-999
7,21,2026,10,36,27.6,-999.9,79,-999
7,21,2026,10,36,27.6,-999.9,78,-999
7,21,2026,10,36,27.6,-999.9,79,-999
7,21,2026,10,36,27.6,-999.9,79,-999
7,21,2026,10,37,27.6,-999.9,79,-999
7,21,2026,10,37,27.6,-999.9,79,-999
7,21,2026,10,37,27.6,-999.9,79,-999
7,21,2026,10,37,27.6,-999.9,79,-999
7,21,2026,10,37,27.6,-999.9,79,-999
7,21,2026,10,37,27.6,-999.9,79,-999
7,21,2026,10,38,27.6,-999.9,79,-999
7,21,2026,10,38,27.6,-999.9,79,-999
7,21,2026,10,38,27.6,-999.9,79,-999
7,21,2026,10,38,27.6,-999.9,79,-999
7,21,2026,10,38,27.6,-999.9,79,-999
7,21,2026,10,38,27.7,-999.9,79,-999
7,21,2026,10,39,27.7,-999.9,79,-999
7,21,2026,10,39,27.6,-999.9,79,-999
7,21,2026,10,39,27.7,-999.9,79,-999
7,21,2026,10,39,27.7,-999.9,79,-999
7,21,2026,10,39,27.7,-999.9,79,-999
7,21,2026,10,39,27.7,-999.9,79,-999
7,21,2026,10,40,27.7,-999.9,79,-999
7,21,2026,10,40,27.7,-999.9,79,-999
7,21,2026,10,40,27.7,-999.9,80,-999
7,21,2026,10,40,27.7,-999.9,80,-999
7,21,2026,10,40,27.7,-999.9,80,-999
7,21,2026,10,40,27.7,-999.9,80,-999
7,21,2026,10,41,27.7,-999.9,80,-999
7,21,2026,10,41,27.7,-999.9,80,-999
7,21,2026,10,41,27.7,-999.9,80,-999
7,21,2026,10,41,27.7,-999.9,80,-999
7,21,2026,10,41,27.7,-999.9,80,-999
7,21,2026,10,41,27.7,-999.9,80,-999
7,21,2026,10,42,27.7,-999.9,80,-999
7,21,2026,10,42,27.7,-999.9,80,-999
7,21,2026,10,42,27.7,-999.9,80,-999
7,21,2026,10,42,27.7,-999.9,80,-999
7,21,2026,10,42,27.7,-999.9,80,-999
7,21,2026,10,42,27.7,-999.9,80,-999
7,21,2026,10,43,27.7,-999.9,80,-999
7,21,2026,10,43,27.7,-999.9,80,-999
7,21,2026,10,43,27.7,-999.9,80,-999
7,21,2026,10,43,27.7,-999.9,80,-999
7,21,2026,10,43,27.7,-999.9,80,-999
7,21,2026,10,43,27.7,-999.9,80,-999
7,21,2026,10,44,27.7,-999.9,80,-999
7,21,2026,10,44,27.7,-999.9,80,-999
7,21,2026,10,44,27.7,-999.9,81,-999
7,21,2026,10,44,27.7,-999.9,80,-999
7,21,2026,10,44,27.7,-999.9,79,-999
7,21,2026,10,44,27.7,-999.9,78,-999
7,21,2026,10,45,27.6,-999.9,77,-999
7,21,2026,10,45,27.6,-999.9,76,-999
7,21,2026,10,45,27.6,-999.9,74,-999
7,21,2026,10,45,27.5,-999.9,72,-999
7,21,2026,10,45,27.5,-999.9,69,-999
7,21,2026,10,45,27.4,-999.9,68,-999
7,21,2026,10,46,27.4,-999.9,67,-999
7,21,2026,10,46,27.4,-999.9,67,-999
7,21,2026,10,46,27.4,-999.9,66,-999
7,21,2026,10,46,27.3,-999.9,65,-999
7,21,2026,10,46,27.3,-999.9,64,-999
7,21,2026,10,46,27.3,-999.9,64,-999
7,21,2026,10,47,27.3,-999.9,63,-999
7,21,2026,10,47,27.2,-999.9,63,-999
7,21,2026,10,47,27.2,-999.9,62,-999
7,21,2026,10,47,27.2,-999.9,62,-999
7,21,2026,10,47,27.2,-999.9,62,-999
7,21,2026,10,47,27.1,-999.9,62,-999
7,21,2026,10,48,27.1,-999.9,61,-999
7,21,2026,10,48,27.1,-999.9,61,-999
7,21,2026,10,48,27.1,-999.9,61,-999
7,21,2026,10,48,27,-999.9,60,-999
7,21,2026,10,48,27,-999.9,60,-999
7,21,2026,10,48,27,-999.9,60,-999
7,21,2026,10,49,27,-999.9,59,-999
7,21,2026,10,49,26.9,-999.9,59,-999
7,21,2026,10,49,26.9,-999.9,59,-999
7,21,2026,10,49,26.9,-999.9,59,-999
7,21,2026,10,49,26.9,-999.9,59,-999
7,21,2026,10,49,26.9,-999.9,59,-999
7,21,2026,10,50,26.8,-999.9,59,-999
7,21,2026,10,50,26.8,-999.9,59,-999
7,21,2026,10,50,26.8,-999.9,59,-999
7,21,2026,10,50,26.8,-999.9,59,-999
7,21,2026,10,50,26.8,-999.9,59,-999
7,21,2026,10,50,26.8,-999.9,59,-999
7,21,2026,10,51,26.7,-999.9,59,-999
7,21,2026,10,51,26.7,-999.9,59,-999
7,21,2026,10,51,26.7,-999.9,58,-999
7,21,2026,10,51,26.7,-999.9,58,-999
7,21,2026,10,51,26.7,-999.9,59,-999
7,21,2026,10,51,26.7,-999.9,58,-999
7,21,2026,10,52,26.6,-999.9,59,-999
7,21,2026,10,52,26.6,-999.9,59,-999
7,21,2026,10,52,26.6,-999.9,59,-999
7,21,2026,10,52,26.6,-999.9,59,-999
7,21,2026,10,52,26.6,-999.9,59,-999
7,21,2026,10,52,26.5,-999.9,59,-999
7,21,2026,10,53,26.5,-999.9,59,-999
7,21,2026,10,53,26.5,-999.9,59,-999
7,21,2026,10,53,26.5,-999.9,59,-999
7,21,2026,10,53,26.5,-999.9,59,-999
7,21,2026,10,53,26.5,-999.9,59,-999
7,21,2026,10,53,26.5,-999.9,60,-999
7,21,2026,10,54,26.5,-999.9,60,-999
7,21,2026,10,54,26.5,-999.9,60,-999
7,21,2026,10,54,26.5,-999.9,60,-999
7,21,2026,10,54,26.4,-999.9,60,-999
7,21,2026,10,54,26.4,-999.9,60,-999
7,21,2026,10,54,26.4,-999.9,60,-999
7,21,2026,10,55,26.4,-999.9,60,-999
7,21,2026,10,55,26.4,-999.9,60,-999
7,21,2026,10,55,26.4,-999.9,60,-999
7,21,2026,10,55,26.4,-999.9,60,-999
7,21,2026,10,55,26.3,-999.9,60,-999
7,21,2026,10,55,26.3,-999.9,60,-999
7,21,2026,10,56,26.3,-999.9,59,-999
7,21,2026,10,56,26.3,-999.9,60,-999
7,21,2026,10,56,26.3,-999.9,60,-999
7,21,2026,10,56,26.3,-999.9,60,-999
7,21,2026,10,56,26.3,-999.9,60,-999
7,21,2026,10,56,26.3,-999.9,60,-999
7,21,2026,10,57,26.2,-999.9,60,-999
7,21,2026,10,57,26.2,-999.9,60,-999
7,21,2026,10,57,26.2,-999.9,60,-999
7,21,2026,10,57,26.2,-999.9,60,-999
7,21,2026,10,57,26.2,-999.9,60,-999
7,21,2026,10,57,26.2,-999.9,60,-999
7,21,2026,10,58,26.2,-999.9,60,-999
7,21,2026,10,58,26.2,-999.9,60,-999
7,21,2026,10,58,26.2,-999.9,60,-999
7,21,2026,10,58,26.1,-999.9,60,-999
7,21,2026,10,58,26.1,-999.9,60,-999
7,21,2026,10,58,26.1,-999.9,61,-999
7,21,2026,10,59,26.1,-999.9,61,-999
7,21,2026,10,59,26.1,-999.9,61,-999
7,21,2026,10,59,26.1,-999.9,61,-999
7,21,2026,10,59,26.1,-999.9,61,-999
7,21,2026,10,59,26.1,-999.9,61,-999
7,21,2026,10,59,26.1,-999.9,61,-999
7,21,2026,11,00,26.1,-999.9,61,-999
7,21,2026,11,00,26.1,-999.9,61,-999
7,21,2026,11,00,26.1,-999.9,61,-999
7,21,2026,11,00,26,-999.9,61,-999
7,21,2026,11,00,26,-999.9,61,-999
7,21,2026,11,00,26,-999.9,61,-999
7,21,2026,11,01,26,-999.9,61,-999
7,21,2026,11,01,26,-999.9,61,-999
7,21,2026,11,01,26,-999.9,61,-999
7,21,2026,11,01,26,-999.9,61,-999
7,21,2026,11,01,26,-999.9,61,-999
7,21,2026,11,01,26,-999.9,61,-999
7,21,2026,11,02,26,-999.9,61,-999
7,21,2026,11,02,26,-999.9,61,-999
7,21,2026,11,02,25.9,-999.9,61,-999
7,21,2026,11,02,25.9,-999.9,61,-999
7,21,2026,11,02,25.9,-999.9,62,-999
7,21,2026,11,02,25.9,-999.9,62,-999
7,21,2026,11,03,25.9,-999.9,62,-999
7,21,2026,11,03,25.9,-999.9,62,-999
7,21,2026,11,03,25.9,-999.9,62,-999
7,21,2026,11,03,25.9,-999.9,62,-999
7,21,2026,11,03,25.9,-999.9,62,-999
7,21,2026,11,03,25.9,-999.9,62,-999
7,21,2026,11,04,25.9,-999.9,62,-999
7,21,2026,11,04,25.9,-999.9,62,-999
7,21,2026,11,04,25.9,-999.9,62,-999
7,21,2026,11,04,25.9,-999.9,62,-999
7,21,2026,11,04,25.9,-999.9,62,-999
7,21,2026,11,04,25.9,-999.9,62,-999
7,21,2026,11,05,25.8,-999.9,62,-999
7,21,2026,11,05,25.9,-999.9,62,-999
7,21,2026,11,05,25.8,-999.9,62,-999
7,21,2026,11,05,25.8,-999.9,62,-999
7,21,2026,11,05,25.8,-999.9,62,-999
7,21,2026,11,05,25.8,-999.9,62,-999
7,21,2026,11,06,25.8,-999.9,62,-999
7,21,2026,11,06,25.8,-999.9,62,-999
7,21,2026,11,06,25.8,-999.9,62,-999
7,21,2026,11,06,25.8,-999.9,62,-999
7,21,2026,11,06,25.8,-999.9,63,-999
7,21,2026,11,06,25.8,-999.9,63,-999
7,21,2026,11,07,25.8,-999.9,63,-999
7,21,2026,11,07,25.8,-999.9,63,-999
7,21,2026,11,07,25.8,-999.9,63,-999
7,21,2026,11,07,25.8,-999.9,63,-999
7,21,2026,11,07,25.8,-999.9,63,-999
7,21,2026,11,07,25.8,-999.9,63,-999
7,21,2026,11,08,25.8,-999.9,63,-999
7,21,2026,11,08,25.8,-999.9,62,-999
7,21,2026,11,08,25.7,-999.9,63,-999
7,21,2026,11,08,25.8,-999.9,63,-999
7,21,2026,11,08,25.7,-999.9,63,-999
7,21,2026,11,08,25.7,-999.9,63,-999
7,21,2026,11,09,25.7,-999.9,63,-999
7,21,2026,11,09,25.7,-999.9,63,-999
7,21,2026,11,09,25.7,-999.9,63,-999
7,21,2026,11,09,25.7,-999.9,63,-999
7,21,2026,11,09,25.7,-999.9,63,-999
7,21,2026,11,09,25.7,-999.9,63,-999
7,21,2026,11,10,25.7,-999.9,63,-999
7,21,2026,11,10,25.7,-999.9,63,-999
7,21,2026,11,10,25.7,-999.9,63,-999
7,21,2026,11,10,25.7,-999.9,63,-999
7,21,2026,11,10,25.7,-999.9,63,-999
7,21,2026,11,10,25.7,-999.9,63,-999
7,21,2026,11,11,25.7,-999.9,63,-999
7,21,2026,11,11,25.7,-999.9,63,-999
7,21,2026,11,11,25.7,-999.9,63,-999
7,21,2026,11,11,25.7,-999.9,63,-999
7,21,2026,11,11,25.7,-999.9,63,-999
7,21,2026,11,11,25.7,-999.9,63,-999
7,21,2026,11,12,25.7,-999.9,63,-999
7,21,2026,11,12,25.7,-999.9,63,-999
7,21,2026,11,12,25.7,-999.9,63,-999
7,21,2026,11,12,25.7,-999.9,63,-999
7,21,2026,11,12,25.7,-999.9,63,-999
7,21,2026,11,12,25.7,-999.9,63,-999
7,21,2026,11,13,25.7,-999.9,63,-999
7,21,2026,11,13,25.7,-999.9,63,-999
7,21,2026,11,13,25.6,-999.9,63,-999
7,21,2026,11,13,25.6,-999.9,63,-999
7,21,2026,11,13,25.6,-999.9,63,-999
7,21,2026,11,13,25.6,-999.9,63,-999
7,21,2026,11,14,25.6,-999.9,63,-999
7,21,2026,11,14,25.6,-999.9,63,-999
7,21,2026,11,14,25.6,-999.9,63,-999
7,21,2026,11,14,25.6,-999.9,63,-999
7,21,2026,11,14,25.6,-999.9,64,-999
7,21,2026,11,14,25.6,-999.9,64,-999
7,21,2026,11,15,25.6,-999.9,64,-999
7,21,2026,11,15,25.6,-999.9,64,-999
7,21,2026,11,15,25.6,-999.9,64,-999
7,21,2026,11,15,25.6,-999.9,64,-999
7,21,2026,11,15,25.6,-999.9,64,-999
7,21,2026,11,15,25.6,-999.9,64,-999
7,21,2026,11,16,25.6,-999.9,64,-999
7,21,2026,11,16,25.6,-999.9,64,-999
7,21,2026,11,16,25.6,-999.9,64,-999
7,21,2026,11,16,25.6,-999.9,64,-999
7,21,2026,11,16,25.6,-999.9,64,-999
7,21,2026,11,16,25.6,-999.9,64,-999
7,21,2026,11,17,25.6,-999.9,64,-999
7,21,2026,11,17,25.6,-999.9,64,-999
7,21,2026,11,17,25.6,-999.9,63,-999
7,21,2026,11,17,25.6,-999.9,63,-999
7,21,2026,11,17,25.6,-999.9,63,-999
7,21,2026,11,17,25.6,-999.9,63,-999
7,21,2026,11,18,25.5,-999.9,63,-999
7,21,2026,11,18,25.5,-999.9,63,-999
7,21,2026,11,18,25.5,-999.9,63,-999
7,21,2026,11,18,25.5,-999.9,63,-999
7,21,2026,11,18,25.5,-999.9,63,-999
7,21,2026,11,18,25.5,-999.9,63,-999
7,21,2026,11,19,25.5,-999.9,64,-999
7,21,2026,11,19,25.5,-999.9,64,-999
7,21,2026,11,19,25.5,-999.9,63,-999
7,21,2026,11,19,25.5,-999.9,63,-999
7,21,2026,11,19,25.5,-999.9,63,-999
7,21,2026,11,19,25.5,-999.9,63,-999
7,21,2026,11,20,25.5,-999.9,63,-999
7,21,2026,11,20,25.5,-999.9,64,-999
7,21,2026,11,20,25.5,-999.9,64,-999
7,21,2026,11,20,25.5,-999.9,64,-999
7,21,2026,11,20,25.5,-999.9,65,-999
7,21,2026,11,20,25.5,-999.9,65,-999
7,21,2026,11,21,25.5,-999.9,65,-999
7,21,2026,11,21,25.5,-999.9,65,-999
7,21,2026,11,21,25.5,-999.9,65,-999
7,21,2026,11,21,25.5,-999.9,65,-999
7,21,2026,11,21,25.5,-999.9,65,-999
7,21,2026,11,21,25.5,-999.9,64,-999
7,21,2026,11,22,25.5,-999.9,64,-999
7,21,2026,11,22,25.5,-999.9,65,-999
7,21,2026,11,22,25.5,-999.9,65,-999
7,21,2026,11,22,25.5,-999.9,65,-999
7,21,2026,11,22,25.5,-999.9,65,-999
7,21,2026,11,22,25.5,-999.9,64,-999
7,21,2026,11,23,25.5,-999.9,64,-999
7,21,2026,11,23,25.5,-999.9,64,-999
7,21,2026,11,23,25.5,-999.9,64,-999
7,21,2026,11,23,25.5,-999.9,64,-999
7,21,2026,11,23,25.5,-999.9,64,-999
7,21,2026,11,23,25.5,-999.9,64,-999
7,21,2026,11,24,25.5,-999.9,64,-999
7,21,2026,11,24,25.5,-999.9,64,-999
7,21,2026,11,24,25.5,-999.9,64,-999
7,21,2026,11,24,25.5,-999.9,64,-999
7,21,2026,11,24,25.5,-999.9,64,-999
7,21,2026,11,24,25.5,-999.9,64,-999
7,21,2026,11,25,25.5,-999.9,64,-999
7,21,2026,11,25,25.5,-999.9,64,-999
7,21,2026,11,25,25.5,-999.9,64,-999
7,21,2026,11,25,25.5,-999.9,64,-999
7,21,2026,11,25,25.5,-999.9,64,-999
7,21,2026,11,25,25.4,-999.9,64,-999
7,21,2026,11,26,25.4,-999.9,64,-999
7,21,2026,11,26,25.4,-999.9,63,-999
7,21,2026,11,26,25.4,-999.9,63,-999
7,21,2026,11,26,25.4,-999.9,63,-999
7,21,2026,11,26,25.4,-999.9,63,-999
7,21,2026,11,26,25.4,-999.9,63,-999
7,21,2026,11,27,25.4,-999.9,63,-999
7,21,2026,11,27,25.4,-999.9,63,-999
7,21,2026,11,27,25.4,-999.9,63,-999
7,21,2026,11,27,25.4,-999.9,64,-999
7,21,2026,11,27,25.4,-999.9,64,-999
7,21,2026,11,27,25.4,-999.9,65,-999
7,21,2026,11,28,25.4,-999.9,65,-999
7,21,2026,11,28,25.4,-999.9,65,-999
7,21,2026,11,28,25.4,-999.9,65,-999
7,21,2026,11,28,25.4,-999.9,65,-999
7,21,2026,11,28,25.4,-999.9,65,-999
7,21,2026,11,28,25.4,-999.9,65,-999
7,21,2026,11,29,25.4,-999.9,65,-999
7,21,2026,11,29,25.4,-999.9,65,-999
7,21,2026,11,29,25.4,-999.9,64,-999
7,21,2026,11,29,25.4,-999.9,64,-999
7,21,2026,11,29,25.4,-999.9,64,-999
7,21,2026,11,29,25.4,-999.9,64,-999
7,21,2026,11,30,25.4,-999.9,64,-999
7,21,2026,11,30,25.4,-999.9,64,-999
7,21,2026,11,30,25.4,-999.9,64,-999
7,21,2026,11,30,25.4,-999.9,64,-999
7,21,2026,11,30,25.4,-999.9,64,-999
7,21,2026,11,30,25.4,-999.9,64,-999
7,21,2026,11,31,25.4,-999.9,64,-999
7,21,2026,11,31,25.4,-999.9,64,-999
7,21,2026,11,31,25.3,-999.9,64,-999
7,21,2026,11,31,25.3,-999.9,64,-999
7,21,2026,11,31,25.3,-999.9,64,-999
7,21,2026,11,31,25.3,-999.9,64,-999
7,21,2026,11,32,25.3,-999.9,64,-999
7,21,2026,11,32,25.3,-999.9,64,-999
7,21,2026,11,32,25.3,-999.9,64,-999
7,21,2026,11,32,25.3,-999.9,63,-999
7,21,2026,11,32,25.3,-999.9,63,-999
7,21,2026,11,32,25.3,-999.9,64,-999
7,21,2026,11,33,25.3,-999.9,64,-999
7,21,2026,11,33,25.3,-999.9,64,-999
7,21,2026,11,33,25.3,-999.9,64,-999
7,21,2026,11,33,25.3,-999.9,64,-999
7,21,2026,11,33,25.3,-999.9,64,-999
7,21,2026,11,33,25.3,-999.9,64,-999
7,21,2026,11,34,25.3,-999.9,64,-999
7,21,2026,11,34,25.3,-999.9,64,-999
7,21,2026,11,34,25.3,-999.9,64,-999
7,21,2026,11,34,25.3,-999.9,64,-999
7,21,2026,11,34,25.3,-999.9,64,-999
7,21,2026,11,34,25.3,-999.9,64,-999
7,21,2026,11,35,25.3,-999.9,64,-999
7,21,2026,11,35,25.3,-999.9,64,-999
7,21,2026,11,35,25.3,-999.9,64,-999
7,21,2026,11,35,25.3,-999.9,64,-999
7,21,2026,11,35,25.3,-999.9,64,-999
7,21,2026,11,35,25.3,-999.9,64,-999
7,21,2026,11,36,25.3,-999.9,64,-999
7,21,2026,11,36,25.3,-999.9,64,-999
7,21,2026,11,36,25.3,-999.9,64,-999
7,21,2026,11,36,25.3,-999.9,64,-999
7,21,2026,11,36,25.3,-999.9,65,-999
7,21,2026,11,36,25.3,-999.9,65,-999
7,21,2026,11,37,25.3,-999.9,65,-999
7,21,2026,11,37,25.3,-999.9,65,-999
7,21,2026,11,37,25.3,-999.9,65,-999
7,21,2026,11,37,25.3,-999.9,64,-999
7,21,2026,11,37,25.3,-999.9,64,-999
7,21,2026,11,37,25.2,-999.9,64,-999
7,21,2026,11,38,25.2,-999.9,64,-999
7,21,2026,11,38,25.2,-999.9,64,-999
7,21,2026,11,38,25.2,-999.9,64,-999
7,21,2026,11,38,25.2,-999.9,65,-999
7,21,2026,11,38,25.2,-999.9,65,-999
7,21,2026,11,38,25.2,-999.9,65,-999
7,21,2026,11,39,25.2,-999.9,65,-999
7,21,2026,11,39,25.2,-999.9,65,-999
7,21,2026,11,39,25.2,-999.9,65,-999
7,21,2026,11,39,25.2,-999.9,65,-999
7,21,2026,11,39,25.2,-999.9,65,-999
7,21,2026,11,39,25.2,-999.9,65,-999
7,21,2026,11,40,25.2,-999.9,65,-999
7,21,2026,11,40,25.2,-999.9,65,-999
7,21,2026,11,40,25.2,-999.9,64,-999
7,21,2026,11,40,25.2,-999.9,65,-999
7,21,2026,11,40,25.2,-999.9,65,-999
7,21,2026,11,40,25.2,-999.9,64,-999
7,21,2026,11,41,25.2,-999.9,64,-999
7,21,2026,11,41,25.2,-999.9,64,-999
7,21,2026,11,41,25.2,-999.9,64,-999
7,21,2026,11,41,25.2,-999.9,64,-999
7,21,2026,11,41,25.2,-999.9,64,-999
7,21,2026,11,41,25.2,-999.9,64,-999
7,21,2026,11,42,25.2,-999.9,65,-999
7,21,2026,11,42,25.2,-999.9,65,-999
7,21,2026,11,42,25.2,-999.9,65,-999
7,21,2026,11,42,25.2,-999.9,65,-999
7,21,2026,11,42,25.2,-999.9,65,-999
7,21,2026,11,42,25.2,-999.9,65,-999
7,21,2026,11,43,25.2,-999.9,65,-999
7,21,2026,11,43,25.2,-999.9,65,-999
7,21,2026,11,43,25.2,-999.9,65,-999
7,21,2026,11,43,25.2,-999.9,65,-999
7,21,2026,11,43,25.2,-999.9,65,-999
7,21,2026,11,43,25.2,-999.9,65,-999
7,21,2026,11,44,25.2,-999.9,65,-999
7,21,2026,11,44,25.2,-999.9,65,-999
7,21,2026,11,44,25.2,-999.9,65,-999
7,21,2026,11,44,25.2,-999.9,65,-999
7,21,2026,11,44,25.2,-999.9,65,-999
7,21,2026,11,44,25.2,-999.9,65,-999
7,21,2026,11,45,25.2,-999.9,65,-999
7,21,2026,11,45,25.2,-999.9,65,-999
7,21,2026,11,45,25.2,-999.9,65,-999
7,21,2026,11,45,25.2,-999.9,65,-999
7,21,2026,11,45,25.2,-999.9,65,-999
7,21,2026,11,45,25.1,-999.9,64,-999
7,21,2026,11,46,25.1,-999.9,64,-999
7,21,2026,11,46,25.1,-999.9,64,-999
7,21,2026,11,46,25.1,-999.9,64,-999
7,21,2026,11,46,25.1,-999.9,65,-999
7,21,2026,11,46,25.1,-999.9,65,-999
7,21,2026,11,46,25.1,-999.9,65,-999
7,21,2026,11,47,25.1,-999.9,65,-999
7,21,2026,11,47,25.1,-999.9,65,-999
7,21,2026,11,47,25.1,-999.9,65,-999
7,21,2026,11,47,25.1,-999.9,65,-999
7,21,2026,11,47,25.1,-999.9,65,-999
7,21,2026,11,47,25.1,-999.9,65,-999
7,21,2026,11,48,25.1,-999.9,65,-999
7,21,2026,11,48,25.1,-999.9,65,-999
7,21,2026,11,48,25.1,-999.9,65,-999
7,21,2026,11,48,25.1,-999.9,65,-999
7,21,2026,11,48,25.1,-999.9,65,-999
7,21,2026,11,48,25.1,-999.9,65,-999
7,21,2026,11,49,25.1,-999.9,65,-999
7,21,2026,11,49,25.1,-999.9,65,-999
7,21,2026,11,49,25.1,-999.9,65,-999
7,21,2026,11,49,25.1,-999.9,65,-999
7,21,2026,11,49,25.1,-999.9,65,-999
7,21,2026,11,49,25.1,-999.9,65,-999
7,21,2026,11,50,25.1,-999.9,65,-999
7,21,2026,11,50,25.1,-999.9,65,-999
7,21,2026,11,50,25.1,-999.9,65,-999
7,21,2026,11,50,25.1,-999.9,65,-999
7,21,2026,11,50,25.1,-999.9,65,-999
7,21,2026,11,50,25.1,-999.9,65,-999
7,21,2026,11,51,25.1,-999.9,65,-999
7,21,2026,11,51,25.1,-999.9,65,-999
7,21,2026,11,51,25.1,-999.9,65,-999
7,21,2026,11,51,25.1,-999.9,65,-999
7,21,2026,11,51,25.1,-999.9,65,-999
7,21,2026,11,51,25.1,-999.9,65,-999
7,21,2026,11,52,25.1,-999.9,65,-999
7,21,2026,11,52,25.1,-999.9,65,-999
7,21,2026,11,52,25.1,-999.9,65,-999
7,21,2026,11,52,25.1,-999.9,65,-999
7,21,2026,11,52,25.1,-999.9,65,-999
7,21,2026,11,52,25.1,-999.9,65,-999
7,21,2026,11,53,25.1,-999.9,65,-999
7,21,2026,11,53,25.1,-999.9,65,-999
7,21,2026,11,53,25.1,-999.9,65,-999
7,21,2026,11,53,25.1,-999.9,65,-999
7,21,2026,11,53,25.1,-999.9,65,-999
7,21,2026,11,53,25.1,-999.9,66,-999
7,21,2026,11,54,25.1,-999.9,66,-999
7,21,2026,11,54,25.1,-999.9,66,-999
7,21,2026,11,54,25.1,-999.9,66,-999
7,21,2026,11,54,25.1,-999.9,66,-999
7,21,2026,11,54,25.1,-999.9,66,-999
7,21,2026,11,54,25.1,-999.9,65,-999
7,21,2026,11,55,25.1,-999.9,65,-999
7,21,2026,11,55,25,-999.9,65,-999
7,21,2026,11,55,25,-999.9,65,-999
7,21,2026,11,55,25,-999.9,65,-999
7,21,2026,11,55,25,-999.9,65,-999
7,21,2026,11,55,25,-999.9,65,-999
7,21,2026,11,56,25,-999.9,65,-999
7,21,2026,11,56,25,-999.9,65,-999
7,21,2026,11,56,25,-999.9,65,-999
7,21,2026,11,56,25,-999.9,65,-999
7,21,2026,11,56,25,-999.9,65,-999
7,21,2026,11,56,25,-999.9,65,-999
7,21,2026,11,57,25,-999.9,65,-999
7,21,2026,11,57,25,-999.9,65,-999
7,21,2026,11,57,25,-999.9,66,-999
7,21,2026,11,57,25,-999.9,66,-999
7,21,2026,11,57,25,-999.9,66,-999
7,21,2026,11,57,25,-999.9,66,-999
7,21,2026,11,58,25,-999.9,66,-999
7,21,2026,11,58,25,-999.9,66,-999
7,21,2026,11,58,25,-999.9,65,-999
7,21,2026,11,58,25,-999.9,65,-999
7,21,2026,11,58,25,-999.9,65,-999
7,21,2026,11,58,25,-999.9,65,-999
7,21,2026,11,59,25,-999.9,65,-999
7,21,2026,11,59,25,-999.9,65,-999
7,21,2026,11,59,25,-999.9,65,-999
7,21,2026,11,59,25,-999.9,65,-999
7,21,2026,11,59,25,-999.9,66,-999
7,21,2026,11,59,25,-999.9,66,-999
7,21,2026,12,00,25,-999.9,66,-999
7,21,2026,12,00,25,-999.9,66,-999
7,21,2026,12,00,25,-999.9,66,-999
7,21,2026,12,00,25,-999.9,66,-999
7,21,2026,12,00,25,-999.9,66,-999
7,21,2026,12,00,25,-999.9,66,-999
7,21,2026,12,01,25,-999.9,66,-999
7,21,2026,12,01,25,-999.9,66,-999
7,21,2026,12,01,25,-999.9,66,-999
7,21,2026,12,01,25,-999.9,65,-999
7,21,2026,12,01,25,-999.9,65,-999
7,21,2026,12,01,25,-999.9,65,-999
7,21,2026,12,02,25,-999.9,65,-999
7,21,2026,12,02,25,-999.9,65,-999
7,21,2026,12,02,25,-999.9,66,-999
7,21,2026,12,02,25,-999.9,66,-999
7,21,2026,12,02,25,-999.9,66,-999
7,21,2026,12,02,25,-999.9,65,-999
7,21,2026,12,03,25,-999.9,66,-999
7,21,2026,12,03,25,-999.9,66,-999
7,21,2026,12,03,25,-999.9,65,-999
7,21,2026,12,03,25,-999.9,65,-999
7,21,2026,12,03,25,-999.9,65,-999
7,21,2026,12,03,25,-999.9,65,-999
7,21,2026,12,04,25,-999.9,65,-999
7,21,2026,12,04,25,-999.9,65,-999
7,21,2026,12,04,25,-999.9,65,-999
7,21,2026,12,04,25,-999.9,64,-999
7,21,2026,12,04,25,-999.9,64,-999
7,21,2026,12,04,24.9,-999.9,64,-999
7,21,2026,12,05,24.9,-999.9,65,-999
7,21,2026,12,05,24.9,-999.9,65,-999
7,21,2026,12,05,25,-999.9,65,-999
7,21,2026,12,05,24.9,-999.9,65,-999
7,21,2026,12,05,25,-999.9,65,-999
7,21,2026,12,05,24.9,-999.9,65,-999
7,21,2026,12,06,25,-999.9,65,-999
7,21,2026,12,06,24.9,-999.9,65,-999
7,21,2026,12,06,25,-999.9,65,-999
7,21,2026,12,06,25,-999.9,65,-999
7,21,2026,12,06,25,-999.9,65,-999
7,21,2026,12,06,25,-999.9,65,-999
7,21,2026,12,07,24.9,-999.9,65,-999
7,21,2026,12,07,25,-999.9,66,-999
7,21,2026,12,07,24.9,-999.9,66,-999
7,21,2026,12,07,24.9,-999.9,66,-999
7,21,2026,12,07,24.9,-999.9,65,-999
7,21,2026,12,07,24.9,-999.9,65,-999
7,21,2026,12,08,24.9,-999.9,65,-999
7,21,2026,12,08,24.9,-999.9,65,-999
7,21,2026,12,08,24.9,-999.9,65,-999
7,21,2026,12,08,24.9,-999.9,65,-999
7,21,2026,12,08,24.9,-999.9,66,-999
7,21,2026,12,08,24.9,-999.9,66,-999
7,21,2026,12,09,24.9,-999.9,66,-999
7,21,2026,12,09,24.9,-999.9,66,-999
7,21,2026,12,09,24.9,-999.9,66,-999
7,21,2026,12,09,24.9,-999.9,66,-999
7,21,2026,12,09,24.9,-999.9,65,-999
7,21,2026,12,09,24.9,-999.9,65,-999
7,21,2026,12,10,24.9,-999.9,65,-999
7,21,2026,12,10,24.9,-999.9,66,-999
7,21,2026,12,10,24.9,-999.9,66,-999
7,21,2026,12,10,24.9,-999.9,66,-999
7,21,2026,12,10,24.9,-999.9,66,-999
7,21,2026,12,10,24.9,-999.9,66,-999
7,21,2026,12,11,24.9,-999.9,66,-999
7,21,2026,12,11,24.9,-999.9,65,-999
7,21,2026,12,11,24.9,-999.9,65,-999
7,21,2026,12,11,24.9,-999.9,65,-999
7,21,2026,12,11,24.9,-999.9,65,-999
7,21,2026,12,11,24.9,-999.9,65,-999
7,21,2026,12,12,24.9,-999.9,65,-999
7,21,2026,12,12,24.9,-999.9,65,-999
7,21,2026,12,12,24.9,-999.9,65,-999
7,21,2026,12,12,24.9,-999.9,65,-999
7,21,2026,12,12,24.9,-999.9,65,-999
7,21,2026,12,12,24.9,-999.9,65,-999
7,21,2026,12,13,24.9,-999.9,65,-999
7,21,2026,12,13,24.9,-999.9,66,-999
7,21,2026,12,13,24.9,-999.9,66,-999
7,21,2026,12,13,24.9,-999.9,66,-999
7,21,2026,12,13,24.9,-999.9,66,-999
7,21,2026,12,13,24.9,-999.9,65,-999
7,21,2026,12,14,24.9,-999.9,65,-999
7,21,2026,12,14,24.9,-999.9,65,-999
7,21,2026,12,14,24.9,-999.9,65,-999
7,21,2026,12,14,24.9,-999.9,65,-999
7,21,2026,12,14,24.9,-999.9,66,-999
7,21,2026,12,14,24.9,-999.9,66,-999
7,21,2026,12,15,24.9,-999.9,66,-999
7,21,2026,12,15,24.9,-999.9,65,-999
7,21,2026,12,15,24.9,-999.9,65,-999
7,21,2026,12,15,24.9,-999.9,65,-999
7,21,2026,12,15,24.9,-999.9,65,-999
7,21,2026,12,15,24.9,-999.9,65,-999
7,21,2026,12,16,24.9,-999.9,65,-999
7,21,2026,12,16,24.9,-999.9,65,-999
7,21,2026,12,16,24.9,-999.9,65,-999
7,21,2026,12,16,24.9,-999.9,65,-999
7,21,2026,12,16,24.9,-999.9,65,-999
7,21,2026,12,16,24.9,-999.9,65,-999
7,21,2026,12,17,24.8,-999.9,65,-999
7,21,2026,12,17,24.8,-999.9,65,-999
7,21,2026,12,17,24.9,-999.9,65,-999
7,21,2026,12,17,24.9,-999.9,66,-999
7,21,2026,12,17,24.9,-999.9,66,-999
7,21,2026,12,17,24.9,-999.9,66,-999
7,21,2026,12,18,24.9,-999.9,66,-999
7,21,2026,12,18,24.9,-999.9,66,-999
7,21,2026,12,18,24.9,-999.9,66,-999
7,21,2026,12,18,24.8,-999.9,66,-999
7,21,2026,12,18,24.8,-999.9,66,-999
7,21,2026,12,18,24.8,-999.9,66,-999
7,21,2026,12,19,24.8,-999.9,65,-999
7,21,2026,12,19,24.8,-999.9,65,-999
7,21,2026,12,19,24.8,-999.9,65,-999
7,21,2026,12,19,24.8,-999.9,65,-999
7,21,2026,12,19,24.8,-999.9,65,-999
7,21,2026,12,19,24.8,-999.9,65,-999
7,21,2026,12,20,24.8,-999.9,65,-999
7,21,2026,12,20,24.8,-999.9,65,-999
7,21,2026,12,20,24.8,-999.9,66,-999
7,21,2026,12,20,24.8,-999.9,66,-999
7,21,2026,12,20,24.8,-999.9,66,-999
7,21,2026,12,20,24.8,-999.9,66,-999
7,21,2026,12,21,24.8,-999.9,65,-999
7,21,2026,12,21,24.8,-999.9,65,-999
7,21,2026,12,21,24.8,-999.9,65,-999
7,21,2026,12,21,24.8,-999.9,65,-999
7,21,2026,12,21,24.8,-999.9,65,-999
7,21,2026,12,21,24.8,-999.9,65,-999
7,21,2026,12,22,24.8,-999.9,65,-999
7,21,2026,12,22,24.8,-999.9,65,-999
7,21,2026,12,22,24.8,-999.9,65,-999
7,21,2026,12,22,24.8,-999.9,65,-999
7,21,2026,12,22,24.8,-999.9,65,-999
7,21,2026,12,22,24.8,-999.9,65,-999
7,21,2026,12,23,24.8,-999.9,65,-999
7,21,2026,12,23,24.8,-999.9,65,-999
7,21,2026,12,23,24.8,-999.9,65,-999
7,21,2026,12,23,24.8,-999.9,65,-999
7,21,2026,12,23,24.8,-999.9,65,-999
7,21,2026,12,23,24.8,-999.9,65,-999
7,21,2026,12,24,24.8,-999.9,65,-999
7,21,2026,12,24,24.8,-999.9,65,-999
7,21,2026,12,24,24.8,-999.9,65,-999
7,21,2026,12,24,24.8,-999.9,65,-999
7,21,2026,12,24,24.8,-999.9,65,-999
7,21,2026,12,24,24.8,-999.9,65,-999
7,21,2026,12,25,24.8,-999.9,65,-999
7,21,2026,12,25,24.8,-999.9,65,-999
7,21,2026,12,25,24.8,-999.9,65,-999
7,21,2026,12,25,24.8,-999.9,65,-999
7,21,2026,12,25,24.8,-999.9,65,-999
7,21,2026,12,25,24.8,-999.9,65,-999
7,21,2026,12,26,24.8,-999.9,65,-999
7,21,2026,12,26,24.8,-999.9,65,-999
7,21,2026,12,26,24.8,-999.9,66,-999
7,21,2026,12,26,24.8,-999.9,66,-999
7,21,2026,12,26,24.8,-999.9,66,-999
7,21,2026,12,26,24.8,-999.9,66,-999
7,21,2026,12,27,24.8,-999.9,66,-999
7,21,2026,12,27,24.8,-999.9,66,-999
7,21,2026,12,27,24.8,-999.9,66,-999
7,21,2026,12,27,24.8,-999.9,66,-999
7,21,2026,12,27,24.8,-999.9,66,-999
7,21,2026,12,27,24.8,-999.9,66,-999
7,21,2026,12,28,24.8,-999.9,65,-999
7,21,2026,12,28,24.8,-999.9,65,-999
7,21,2026,12,28,24.8,-999.9,65,-999
7,21,2026,12,28,24.8,-999.9,65,-999
7,21,2026,12,28,24.8,-999.9,65,-999
7,21,2026,12,28,24.8,-999.9,65,-999
7,21,2026,12,29,24.8,-999.9,65,-999
7,21,2026,12,29,24.8,-999.9,65,-999
7,21,2026,12,29,24.8,-999.9,65,-999
7,21,2026,12,29,24.8,-999.9,64,-999
7,21,2026,12,29,24.8,-999.9,65,-999
7,21,2026,12,29,24.7,-999.9,65,-999
7,21,2026,12,30,24.8,-999.9,65,-999
7,21,2026,12,30,24.8,-999.9,65,-999
7,21,2026,12,30,24.7,-999.9,65,-999
7,21,2026,12,30,24.7,-999.9,65,-999
7,21,2026,12,30,24.8,-999.9,65,-999
7,21,2026,12,30,24.8,-999.9,65,-999
7,21,2026,12,31,24.7,-999.9,65,-999
7,21,2026,12,31,24.8,-999.9,65,-999
7,21,2026,12,31,24.8,-999.9,65,-999
7,21,2026,12,31,24.7,-999.9,65,-999
7,21,2026,12,31,24.8,-999.9,65,-999
7,21,2026,12,31,24.8,-999.9,65,-999
7,21,2026,12,32,24.7,-999.9,65,-999
7,21,2026,12,32,24.7,-999.9,65,-999
7,21,2026,12,32,24.7,-999.9,65,-999
7,21,2026,12,32,24.7,-999.9,65,-999
7,21,2026,12,32,24.7,-999.9,65,-999
7,21,2026,12,32,24.7,-999.9,65,-999
7,21,2026,12,33,24.7,-999.9,65,-999
7,21,2026,12,33,24.7,-999.9,65,-999
7,21,2026,12,33,24.7,-999.9,65,-999
7,21,2026,12,33,24.7,-999.9,65,-999
7,21,2026,12,33,24.7,-999.9,66,-999
7,21,2026,12,33,24.7,-999.9,66,-999
7,21,2026,12,34,24.7,-999.9,65,-999
7,21,2026,12,34,24.7,-999.9,65,-999
7,21,2026,12,34,24.7,-999.9,65,-999
7,21,2026,12,34,24.7,-999.9,66,-999
7,21,2026,12,34,24.7,-999.9,66,-999
7,21,2026,12,34,24.7,-999.9,66,-999
7,21,2026,12,35,24.7,-999.9,66,-999
7,21,2026,12,35,24.7,-999.9,66,-999
7,21,2026,12,35,24.7,-999.9,66,-999
7,21,2026,12,35,24.7,-999.9,66,-999
7,21,2026,12,35,24.7,-999.9,66,-999
7,21,2026,12,35,24.7,-999.9,66,-999
7,21,2026,12,36,24.7,-999.9,66,-999
7,21,2026,12,36,24.7,-999.9,65,-999
7,21,2026,12,36,24.7,-999.9,65,-999
7,21,2026,12,36,24.7,-999.9,65,-999
7,21,2026,12,36,24.7,-999.9,65,-999
7,21,2026,12,36,24.7,-999.9,66,-999
7,21,2026,12,37,24.7,-999.9,66,-999
7,21,2026,12,37,24.7,-999.9,66,-999
7,21,2026,12,37,24.7,-999.9,66,-999
7,21,2026,12,37,24.7,-999.9,66,-999
7,21,2026,12,37,24.7,-999.9,66,-999
7,21,2026,12,37,24.7,-999.9,66,-999
7,21,2026,12,38,24.7,-999.9,66,-999
7,21,2026,12,38,24.7,-999.9,66,-999
7,21,2026,12,38,24.7,-999.9,66,-999
7,21,2026,12,38,24.7,-999.9,65,-999
7,21,2026,12,38,24.7,-999.9,65,-999
7,21,2026,12,38,24.7,-999.9,65,-999
7,21,2026,12,39,24.7,-999.9,65,-999
7,21,2026,12,39,24.7,-999.9,66,-999
7,21,2026,12,39,24.7,-999.9,66,-999
7,21,2026,12,39,24.7,-999.9,66,-999
7,21,2026,12,39,24.7,-999.9,66,-999
7,21,2026,12,39,24.7,-999.9,66,-999
7,21,2026,12,40,24.7,-999.9,66,-999
7,21,2026,12,40,24.7,-999.9,66,-999
7,21,2026,12,40,24.7,-999.9,66,-999
7,21,2026,12,40,24.7,-999.9,66,-999
7,21,2026,12,40,24.7,-999.9,66,-999
7,21,2026,12,40,24.7,-999.9,66,-999
7,21,2026,12,41,24.7,-999.9,66,-999
7,21,2026,12,41,24.7,-999.9,66,-999
7,21,2026,12,41,24.7,-999.9,66,-999
7,21,2026,12,41,24.7,-999.9,66,-999
7,21,2026,12,41,24.7,-999.9,66,-999
7,21,2026,12,41,24.7,-999.9,66,-999
7,21,2026,12,42,24.7,-999.9,66,-999
7,21,2026,12,42,24.7,-999.9,66,-999
7,21,2026,12,42,24.7,-999.9,66,-999
7,21,2026,12,42,24.7,-999.9,67,-999
7,21,2026,12,42,24.7,-999.9,67,-999
7,21,2026,12,42,24.7,-999.9,67,-999
7,21,2026,12,43,24.7,-999.9,66,-999
7,21,2026,12,43,24.7,-999.9,66,-999
7,21,2026,12,43,24.7,-999.9,66,-999
7,21,2026,12,43,24.7,-999.9,66,-999
7,21,2026,12,43,24.7,-999.9,66,-999
7,21,2026,12,43,24.7,-999.9,66,-999
7,21,2026,12,44,24.7,-999.9,66,-999
7,21,2026,12,44,24.7,-999.9,67,-999
7,21,2026,12,44,24.7,-999.9,67,-999
7,21,2026,12,44,24.7,-999.9,68,-999
7,21,2026,12,44,24.7,-999.9,68,-999
7,21,2026,12,44,24.7,-999.9,68,-999
7,21,2026,12,45,24.7,-999.9,68,-999
7,21,2026,12,45,24.7,-999.9,68,-999
7,21,2026,12,45,24.7,-999.9,68,-999
7,21,2026,12,45,24.7,-999.9,68,-999
7,21,2026,12,45,24.8,-999.9,67,-999
7,21,2026,12,45,24.8,-999.9,67,-999
7,21,2026,12,46,24.8,-999.9,66,-999
7,21,2026,12,46,24.8,-999.9,66,-999
7,21,2026,12,46,24.8,-999.9,66,-999
7,21,2026,12,46,24.8,-999.9,66,-999
7,21,2026,12,46,24.9,-999.9,65,-999
7,21,2026,12,46,24.9,-999.9,65,-999
7,21,2026,12,47,24.9,-999.9,65,-999
7,21,2026,12,47,24.9,-999.9,65,-999
7,21,2026,12,47,24.9,-999.9,65,-999
7,21,2026,12,47,25,-999.9,65,-999
7,21,2026,12,47,25,-999.9,65,-999
7,21,2026,12,47,25,-999.9,65,-999
7,21,2026,12,48,25,-999.9,65,-999
7,21,2026,12,48,25,-999.9,65,-999
7,21,2026,12,48,25,-999.9,65,-999
7,21,2026,12,48,25,-999.9,65,-999
7,21,2026,12,48,25.1,-999.9,65,-999
7,21,2026,12,48,25.1,-999.9,65,-999
7,21,2026,12,49,25.1,-999.9,65,-999
7,21,2026,12,49,25.1,-999.9,65,-999
7,21,2026,12,49,25.1,-999.9,65,-999
7,21,2026,12,49,25.1,-999.9,65,-999
7,21,2026,12,49,25.1,-999.9,66,-999
7,21,2026,12,49,25.2,-999.9,66,-999
7,21,2026,12,50,25.2,-999.9,66,-999
7,21,2026,12,50,25.2,-999.9,66,-999
7,21,2026,12,50,25.2,-999.9,66,-999
7,21,2026,12,50,25.2,-999.9,66,-999
7,21,2026,12,50,25.2,-999.9,66,-999
7,21,2026,12,50,25.2,-999.9,66,-999
7,21,2026,12,51,25.3,-999.9,66,-999
7,21,2026,12,51,25.3,-999.9,67,-999
7,21,2026,12,51,25.3,-999.9,67,-999
7,21,2026,12,51,25.3,-999.9,67,-999
7,21,2026,12,51,25.3,-999.9,67,-999
7,21,2026,12,51,25.3,-999.9,67,-999
7,21,2026,12,52,25.4,-999.9,67,-999
7,21,2026,12,52,25.4,-999.9,67,-999
7,21,2026,12,52,25.4,-999.9,67,-999
7,21,2026,12,52,25.4,-999.9,67,-999
7,21,2026,12,52,25.4,-999.9,67,-999
7,21,2026,12,52,25.4,-999.9,67,-999
7,21,2026,12,53,25.4,-999.9,67,-999
7,21,2026,12,53,25.5,-999.9,67,-999
7,21,2026,12,53,25.5,-999.9,67,-999
7,21,2026,12,53,25.5,-999.9,67,-999
7,21,2026,12,53,25.5,-999.9,67,-999
7,21,2026,12,53,25.5,-999.9,67,-999
7,21,2026,12,54,25.5,-999.9,68,-999
7,21,2026,12,54,25.5,-999.9,68,-999
7,21,2026,12,54,25.5,-999.9,68,-999
7,21,2026,12,54,25.6,-999.9,68,-999
7,21,2026,12,54,25.6,-999.9,68,-999
7,21,2026,12,54,25.6,-999.9,68,-999
7,21,2026,12,55,25.6,-999.9,68,-999
7,21,2026,12,55,25.6,-999.9,68,-999
7,21,2026,12,55,25.6,-999.9,68,-999
7,21,2026,12,55,25.6,-999.9,68,-999
7,21,2026,12,55,25.6,-999.9,68,-999
7,21,2026,12,55,25.6,-999.9,68,-999
7,21,2026,12,56,25.6,-999.9,68,-999
7,21,2026,12,56,25.7,-999.9,68,-999
7,21,2026,12,56,25.7,-999.9,68,-999
7,21,2026,12,56,25.7,-999.9,68,-999
7,21,2026,12,56,25.7,-999.9,68,-999
7,21,2026,12,56,25.7,-999.9,69,-999
7,21,2026,12,57,25.7,-999.9,69,-999
7,21,2026,12,57,25.7,-999.9,69,-999
7,21,2026,12,57,25.7,-999.9,69,-999
7,21,2026,12,57,25.8,-999.9,69,-999
7,21,2026,12,57,25.8,-999.9,69,-999
7,21,2026,12,57,25.8,-999.9,69,-999
7,21,2026,12,58,25.8,-999.9,69,-999
7,21,2026,12,58,25.8,-999.9,69,-999
7,21,2026,12,58,25.8,-999.9,69,-999
7,21,2026,12,58,25.8,-999.9,69,-999
7,21,2026,12,58,25.8,-999.9,69,-999
7,21,2026,12,58,25.8,-999.9,70,-999
7,21,2026,12,59,25.9,-999.9,70,-999
7,21,2026,12,59,25.9,-999.9,70,-999
7,21,2026,12,59,25.9,-999.9,70,-999
7,21,2026,12,59,25.9,-999.9,70,-999
7,21,2026,12,59,25.9,-999.9,70,-999
7,21,2026,12,59,25.9,-999.9,71,-999
7,21,2026,13,00,25.9,-999.9,71,-999
7,21,2026,13,00,25.9,-999.9,71,-999
7,21,2026,13,00,25.9,-999.9,71,-999
7,21,2026,13,00,25.9,-999.9,71,-999
7,21,2026,13,00,25.9,-999.9,72,-999
7,21,2026,13,00,25.9,-999.9,72,-999
7,21,2026,13,01,26,-999.9,72,-999
7,21,2026,13,01,26,-999.9,72,-999
7,21,2026,13,01,26,-999.9,72,-999
7,21,2026,13,01,26,-999.9,73,-999
7,21,2026,13,01,26,-999.9,73,-999
7,21,2026,13,01,26,-999.9,73,-999
7,21,2026,13,02,26,-999.9,73,-999
7,21,2026,13,02,26,-999.9,73,-999
7,21,2026,13,02,26,-999.9,73,-999
7,21,2026,13,02,26,-999.9,74,-999
7,21,2026,13,02,26,-999.9,74,-999
7,21,2026,13,02,26,-999.9,74,-999
7,21,2026,13,03,26,-999.9,74,-999
7,21,2026,13,03,26,-999.9,75,-999
7,21,2026,13,03,26,-999.9,75,-999
7,21,2026,13,03,26,-999.9,75,-999
7,21,2026,13,03,26,-999.9,75,-999
7,21,2026,13,03,26,-999.9,75,-999
7,21,2026,13,04,26,-999.9,75,-999
7,21,2026,13,04,26,-999.9,76,-999
7,21,2026,13,04,26,-999.9,76,-999
7,21,2026,13,04,26,-999.9,76,-999
7,21,2026,13,04,26,-999.9,76,-999
7,21,2026,13,04,26,-999.9,76,-999
7,21,2026,13,05,26.1,-999.9,77,-999
7,21,2026,13,05,26.1,-999.9,77,-999
7,21,2026,13,05,26.1,-999.9,77,-999
7,21,2026,13,05,26.1,-999.9,77,-999
7,21,2026,13,05,26.1,-999.9,78,-999
7,21,2026,13,05,26.1,-999.9,78,-999
7,21,2026,13,06,26.1,-999.9,78,-999
7,21,2026,13,06,26.1,-999.9,78,-999
7,21,2026,13,06,26.1,-999.9,78,-999
7,21,2026,13,06,26.1,-999.9,79,-999
7,21,2026,13,06,26.1,-999.9,79,-999
7,21,2026,13,06,26.1,-999.9,79,-999
7,21,2026,13,07,26.1,-999.9,79,-999
7,21,2026,13,07,26.1,-999.9,80,-999
7,21,2026,13,07,26.1,-999.9,80,-999
7,21,2026,13,07,26.1,-999.9,80,-999
7,21,2026,13,07,26.1,-999.9,80,-999
7,21,2026,13,07,26.1,-999.9,81,-999
7,21,2026,13,08,26.1,-999.9,81,-999
7,21,2026,13,08,26.1,-999.9,81,-999
7,21,2026,13,08,26.2,-999.9,81,-999
7,21,2026,13,08,26.2,-999.9,82,-999
7,21,2026,13,08,26.2,-999.9,82,-999
7,21,2026,13,08,26.2,-999.9,82,-999
7,21,2026,13,09,26.2,-999.9,83,-999
7,21,2026,13,09,26.2,-999.9,83,-999
7,21,2026,13,09,26.2,-999.9,83,-999
7,21,2026,13,09,26.2,-999.9,83,-999
7,21,2026,13,09,26.2,-999.9,84,-999
7,21,2026,13,09,26.2,-999.9,84,-999
7,21,2026,13,10,26.2,-999.9,84,-999
7,21,2026,13,10,26.2,-999.9,85,-999
7,21,2026,13,10,26.2,-999.9,85,-999
7,21,2026,13,10,26.2,-999.9,85,-999
7,21,2026,13,10,26.2,-999.9,85,-999
7,21,2026,13,10,26.2,-999.9,86,-999
7,21,2026,13,11,26.2,-999.9,86,-999
7,21,2026,13,11,26.2,-999.9,86,-999
7,21,2026,13,11,26.2,-999.9,87,-999
7,21,2026,13,11,26.2,-999.9,87,-999
7,21,2026,13,11,26.2,-999.9,87,-999
7,21,2026,13,11,26.2,-999.9,87,-999
7,21,2026,13,12,26.2,-999.9,88,-999
7,21,2026,13,12,26.2,-999.9,88,-999
7,21,2026,13,12,26.2,-999.9,88,-999
7,21,2026,13,12,26.2,-999.9,88,-999
7,21,2026,13,12,26.2,-999.9,89,-999
7,21,2026,13,12,26.2,-999.9,89,-999
7,21,2026,13,13,26.2,-999.9,89,-999
7,21,2026,13,13,26.2,-999.9,90,-999
7,21,2026,13,13,26.3,-999.9,90,-999
7,21,2026,13,13,26.3,-999.9,90,-999
7,21,2026,13,13,26.3,-999.9,90,-999
7,21,2026,13,13,26.3,-999.9,91,-999
7,21,2026,13,14,26.3,-999.9,91,-999
7,21,2026,13,14,26.3,-999.9,91,-999
7,21,2026,13,14,26.3,-999.9,91,-999
7,21,2026,13,14,26.3,-999.9,91,-999
7,21,2026,13,14,26.3,-999.9,92,-999
7,21,2026,13,14,26.3,-999.9,92,-999
7,21,2026,13,15,26.3,-999.9,92,-999
7,21,2026,13,15,26.3,-999.9,92,-999
7,21,2026,13,15,26.3,-999.9,93,-999
7,21,2026,13,15,26.3,-999.9,93,-999
7,21,2026,13,15,26.3,-999.9,93,-999
7,21,2026,13,15,26.3,-999.9,93,-999
7,21,2026,13,16,26.3,-999.9,93,-999
7,21,2026,13,16,26.3,-999.9,94,-999
7,21,2026,13,16,26.3,-999.9,94,-999
7,21,2026,13,16,26.3,-999.9,94,-999
7,21,2026,13,16,26.3,-999.9,94,-999
7,21,2026,13,16,26.3,-999.9,94,-999
7,21,2026,13,17,26.3,-999.9,95,-999
7,21,2026,13,17,26.3,-999.9,95,-999
7,21,2026,13,17,26.3,-999.9,95,-999
7,21,2026,13,17,26.3,-999.9,95,-999
7,21,2026,13,17,26.4,-999.9,95,-999
7,21,2026,13,17,26.4,-999.9,96,-999
7,21,2026,13,18,26.4,-999.9,96,-999
7,21,2026,13,18,26.4,-999.9,96,-999
7,21,2026,13,18,26.4,-999.9,96,-999
7,21,2026,13,18,26.4,-999.9,96,-999
7,21,2026,13,18,26.4,-999.9,96,-999
7,21,2026,13,18,26.4,-999.9,96,-999
7,21,2026,13,19,26.4,-999.9,96,-999
7,21,2026,13,19,26.4,-999.9,96,-999
7,21,2026,13,19,26.4,-999.9,97,-999
7,21,2026,13,19,26.4,-999.9,97,-999
7,21,2026,13,19,26.4,-999.9,97,-999
7,21,2026,13,19,26.4,-999.9,97,-999
7,21,2026,13,20,26.4,-999.9,97,-999
7,21,2026,13,20,26.4,-999.9,97,-999
7,21,2026,13,20,26.4,-999.9,97,-999
7,21,2026,13,20,26.4,-999.9,97,-999
7,21,2026,13,20,26.4,-999.9,97,-999
7,21,2026,13,20,26.4,-999.9,97,-999
7,21,2026,13,21,26.4,-999.9,98,-999
7,21,2026,13,21,26.4,-999.9,98,-999
7,21,2026,13,21,26.5,-999.9,98,-999
7,21,2026,13,21,26.5,-999.9,98,-999
7,21,2026,13,21,26.5,-999.9,98,-999
7,21,2026,13,21,26.5,-999.9,98,-999
7,21,2026,13,22,26.5,-999.9,98,-999
7,21,2026,13,22,26.5,-999.9,98,-999
7,21,2026,13,22,26.5,-999.9,98,-999
7,21,2026,13,22,26.5,-999.9,98,-999
7,21,2026,13,22,26.5,-999.9,98,-999
7,21,2026,13,22,26.5,-999.9,98,-999
7,21,2026,13,23,26.5,-999.9,98,-999
7,21,2026,13,23,26.5,-999.9,98,-999
7,21,2026,13,23,26.5,-999.9,98,-999
7,21,2026,13,23,26.5,-999.9,98,-999
7,21,2026,13,23,26.5,-999.9,98,-999
7,21,2026,13,23,26.5,-999.9,98,-999
7,21,2026,13,24,26.5,-999.9,98,-999
7,21,2026,13,24,26.5,-999.9,98,-999
7,21,2026,13,24,26.5,-999.9,99,-999
7,21,2026,13,24,26.5,-999.9,99,-999
7,21,2026,13,24,26.5,-999.9,99,-999
7,21,2026,13,24,26.5,-999.9,99,-999
7,21,2026,13,25,26.5,-999.9,99,-999
7,21,2026,13,25,26.5,-999.9,99,-999
7,21,2026,13,25,26.5,-999.9,99,-999
7,21,2026,13,25,26.5,-999.9,99,-999
7,21,2026,13,25,26.5,-999.9,99,-999
7,21,2026,13,25,26.5,-999.9,99,-999
7,21,2026,13,26,26.5,-999.9,99,-999
7,21,2026,13,26,26.5,-999.9,99,-999
7,21,2026,13,26,26.5,-999.9,99,-999
7,21,2026,13,26,26.5,-999.9,99,-999
7,21,2026,13,26,26.5,-999.9,99,-999
7,21,2026,13,26,26.5,-999.9,99,-999
7,21,2026,13,27,26.6,-999.9,99,-999
7,21,2026,13,27,26.5,-999.9,99,-999
7,21,2026,13,27,26.6,-999.9,99,-999
7,21,2026,13,27,26.6,-999.9,99,-999
7,21,2026,13,27,26.6,-999.9,99,-999
7,21,2026,13,27,26.6,-999.9,99,-999
7,21,2026,13,28,26.6,-999.9,99,-999
7,21,2026,13,28,26.6,-999.9,99,-999
7,21,2026,13,28,26.6,-999.9,99,-999
7,21,2026,13,28,26.6,-999.9,99,-999
7,21,2026,13,28,26.6,-999.9,99,-999
7,21,2026,13,28,26.6,-999.9,99,-999
7,21,2026,13,29,26.6,-999.9,99,-999
7,21,2026,13,29,26.6,-999.9,99,-999
7,21,2026,13,29,26.6,-999.9,99,-999
7,21,2026,13,29,26.6,-999.9,99,-999
7,21,2026,13,29,26.6,-999.9,99,-999
7,21,2026,13,29,26.6,-999.9,99,-999
7,21,2026,13,30,26.6,-999.9,98,-999
7,21,2026,13,30,26.5,-999.9,97,-999
7,21,2026,13,30,26.5,-999.9,96,-999
7,21,2026,13,30,26.5,-999.9,95,-999
7,21,2026,13,30,26.4,-999.9,95,-999
7,21,2026,13,30,26.4,-999.9,95,-999
7,21,2026,13,31,26.3,-999.9,94,-999
7,21,2026,13,31,26.3,-999.9,93,-999
7,21,2026,13,31,26.3,-999.9,93,-999
7,21,2026,13,31,26.3,-999.9,93,-999
7,21,2026,13,31,26.2,-999.9,92,-999
7,21,2026,13,31,26.2,-999.9,92,-999
7,21,2026,13,32,26.2,-999.9,92,-999
7,21,2026,13,32,26.2,-999.9,92,-999
7,21,2026,13,32,26.2,-999.9,92,-999
7,21,2026,13,32,26.1,-999.9,92,-999
7,21,2026,13,32,26.1,-999.9,92,-999
7,21,2026,13,32,26.1,-999.9,92,-999
7,21,2026,13,33,26.1,-999.9,92,-999
7,21,2026,13,33,26,-999.9,92,-999
7,21,2026,13,33,26,-999.9,92,-999
7,21,2026,13,33,26,-999.9,93,-999
7,21,2026,13,33,26,-999.9,93,-999
7,21,2026,13,33,26,-999.9,93,-999
7,21,2026,13,34,25.9,-999.9,93,-999
7,21,2026,13,34,25.9,-999.9,94,-999
7,21,2026,13,34,25.9,-999.9,94,-999
7,21,2026,13,34,25.9,-999.9,94,-999
7,21,2026,13,34,25.9,-999.9,94,-999
7,21,2026,13,34,25.9,-999.9,94,-999
7,21,2026,13,35,25.9,-999.9,94,-999
7,21,2026,13,35,25.8,-999.9,95,-999
7,21,2026,13,35,25.8,-999.9,95,-999
7,21,2026,13,35,25.8,-999.9,95,-999
7,21,2026,13,35,25.8,-999.9,95,-999
7,21,2026,13,35,25.8,-999.9,95,-999
7,21,2026,13,36,25.8,-999.9,96,-999
7,21,2026,13,36,25.8,-999.9,96,-999
7,21,2026,13,36,25.7,-999.9,96,-999
7,21,2026,13,36,25.7,-999.9,96,-999
7,21,2026,13,36,25.7,-999.9,96,-999
7,21,2026,13,36,25.7,-999.9,97,-999
7,21,2026,13,37,25.7,-999.9,97,-999
7,21,2026,13,37,25.7,-999.9,97,-999
7,21,2026,13,37,25.7,-999.9,97,-999
7,21,2026,13,37,25.7,-999.9,97,-999
7,21,2026,13,37,25.7,-999.9,97,-999
7,21,2026,13,37,25.7,-999.9,97,-999
7,21,2026,13,38,25.6,-999.9,97,-999
7,21,2026,13,38,25.6,-999.9,97,-999
7,21,2026,13,38,25.6,-999.9,97,-999
7,21,2026,13,38,25.6,-999.9,97,-999
7,21,2026,13,38,25.6,-999.9,97,-999
7,21,2026,13,38,25.6,-999.9,97,-999
7,21,2026,13,39,25.6,-999.9,97,-999
7,21,2026,13,39,25.6,-999.9,98,-999
7,21,2026,13,39,25.6,-999.9,97,-999
7,21,2026,13,39,25.6,-999.9,97,-999
7,21,2026,13,39,25.6,-999.9,97,-999
7,21,2026,13,39,25.6,-999.9,97,-999
7,21,2026,13,40,25.5,-999.9,97,-999
7,21,2026,13,40,25.5,-999.9,97,-999
7,21,2026,13,40,25.5,-999.9,97,-999
7,21,2026,13,40,25.5,-999.9,97,-999
7,21,2026,13,40,25.5,-999.9,97,-999
7,21,2026,13,40,25.5,-999.9,97,-999
7,21,2026,13,41,25.5,-999.9,97,-999
7,21,2026,13,41,25.5,-999.9,97,-999
7,21,2026,13,41,25.5,-999.9,97,-999
7,21,2026,13,41,25.5,-999.9,97,-999
7,21,2026,13,41,25.5,-999.9,97,-999
7,21,2026,13,41,25.4,-999.9,97,-999
7,21,2026,13,42,25.4,-999.9,97,-999
7,21,2026,13,42,25.4,-999.9,97,-999
7,21,2026,13,42,25.4,-999.9,97,-999
7,21,2026,13,42,25.4,-999.9,97,-999
7,21,2026,13,42,25.4,-999.9,97,-999
7,21,2026,13,42,25.4,-999.9,97,-999
7,21,2026,13,43,25.4,-999.9,97,-999
7,21,2026,13,43,25.4,-999.9,97,-999
7,21,2026,13,43,25.4,-999.9,98,-999
7,21,2026,13,43,25.4,-999.9,98,-999
7,21,2026,13,43,25.4,-999.9,98,-999
7,21,2026,13,43,25.4,-999.9,98,-999
7,21,2026,13,44,25.4,-999.9,98,-999
7,21,2026,13,44,25.4,-999.9,98,-999
7,21,2026,13,44,25.4,-999.9,98,-999
7,21,2026,13,44,25.4,-999.9,98,-999
7,21,2026,13,44,25.3,-999.9,98,-999
7,21,2026,13,44,25.3,-999.9,98,-999
7,21,2026,13,45,25.3,-999.9,97,-999
7,21,2026,13,45,25.3,-999.9,97,-999
7,21,2026,13,45,25.3,-999.9,97,-999
7,21,2026,13,45,25.3,-999.9,97,-999
7,21,2026,13,45,25.3,-999.9,97,-999
7,21,2026,13,45,25.3,-999.9,97,-999
7,21,2026,13,46,25.3,-999.9,97,-999
7,21,2026,13,46,25.3,-999.9,97,-999
7,21,2026,13,46,25.3,-999.9,97,-999
7,21,2026,13,46,25.3,-999.9,97,-999
7,21,2026,13,46,25.3,-999.9,98,-999
7,21,2026,13,46,25.3,-999.9,98,-999
7,21,2026,13,47,25.3,-999.9,98,-999
7,21,2026,13,47,25.3,-999.9,98,-999
7,21,2026,13,47,25.2,-999.9,98,-999
7,21,2026,13,47,25.3,-999.9,98,-999
7,21,2026,13,47,25.2,-999.9,98,-999
7,21,2026,13,47,25.2,-999.9,98,-999
7,21,2026,13,48,25.2,-999.9,98,-999
7,21,2026,13,48,25.2,-999.9,98,-999
7,21,2026,13,48,25.2,-999.9,98,-999
7,21,2026,13,48,25.2,-999.9,98,-999
7,21,2026,13,48,25.2,-999.9,98,-999
7,21,2026,13,48,25.2,-999.9,98,-999
7,21,2026,13,49,25.2,-999.9,98,-999
7,21,2026,13,49,25.2,-999.9,98,-999
7,21,2026,13,49,25.2,-999.9,98,-999
7,21,2026,13,49,25.2,-999.9,98,-999
7,21,2026,13,49,25.2,-999.9,98,-999
7,21,2026,13,49,25.2,-999.9,98,-999
7,21,2026,13,50,25.2,-999.9,98,-999
7,21,2026,13,50,25.2,-999.9,98,-999
7,21,2026,13,50,25.2,-999.9,98,-999
7,21,2026,13,50,25.2,-999.9,98,-999
7,21,2026,13,50,25.2,-999.9,98,-999
7,21,2026,13,50,25.2,-999.9,98,-999
7,21,2026,13,51,25.1,-999.9,98,-999
7,21,2026,13,51,25.1,-999.9,98,-999
7,21,2026,13,51,25.1,-999.9,98,-999
7,21,2026,13,51,25.1,-999.9,98,-999
7,21,2026,13,51,25.1,-999.9,98,-999
7,21,2026,13,51,25.1,-999.9,98,-999
7,21,2026,13,52,25.1,-999.9,98,-999
7,21,2026,13,52,25.1,-999.9,98,-999
7,21,2026,13,52,25.1,-999.9,98,-999
7,21,2026,13,52,25.1,-999.9,98,-999
7,21,2026,13,52,25.1,-999.9,98,-999
7,21,2026,13,52,25.1,-999.9,99,-999
7,21,2026,13,53,25.1,-999.9,99,-999
7,21,2026,13,53,25.1,-999.9,99,-999
7,21,2026,13,53,25.1,-999.9,98,-999
7,21,2026,13,53,25.1,-999.9,99,-999
7,21,2026,13,53,25.1,-999.9,99,-999
7,21,2026,13,53,25.1,-999.9,99,-999
7,21,2026,13,54,25.1,-999.9,99,-999
7,21,2026,13,54,25.1,-999.9,99,-999
7,21,2026,13,54,25.1,-999.9,99,-999
7,21,2026,13,54,25.1,-999.9,99,-999
7,21,2026,13,54,25.1,-999.9,100,-999
7,21,2026,13,54,25.1,-999.9,100,-999
7,21,2026,13,55,25.1,-999.9,100,-999
7,21,2026,13,55,25.1,-999.9,100,-999
7,21,2026,13,55,25.1,-999.9,99,-999
7,21,2026,13,55,25.1,-999.9,99,-999
7,21,2026,13,55,25.1,-999.9,99,-999
7,21,2026,13,55,25.1,-999.9,99,-999
7,21,2026,13,56,25.1,-999.9,99,-999
7,21,2026,13,56,25.1,-999.9,98,-999
7,21,2026,13,56,25.1,-999.9,98,-999
7,21,2026,13,56,25.1,-999.9,98,-999
7,21,2026,13,56,25.1,-999.9,98,-999
7,21,2026,13,56,25.1,-999.9,98,-999
7,21,2026,13,57,25.1,-999.9,98,-999
7,21,2026,13,57,25.1,-999.9,98,-999
7,21,2026,13,57,25.1,-999.9,99,-999
7,21,2026,13,57,25.1,-999.9,99,-999
7,21,2026,13,57,25.1,-999.9,99,-999
7,21,2026,13,57,25.1,-999.9,99,-999
7,21,2026,13,58,25.1,-999.9,99,-999
7,21,2026,13,58,25.1,-999.9,99,-999
7,21,2026,13,58,25.1,-999.9,99,-999
7,21,2026,13,58,25.1,-999.9,99,-999
7,21,2026,13,58,25.1,-999.9,99,-999
7,21,2026,13,58,25.1,-999.9,99,-999
7,21,2026,13,59,25,-999.9,99,-999
7,21,2026,13,59,25,-999.9,99,-999
7,21,2026,13,59,25,-999.9,99,-999
7,21,2026,13,59,25,-999.9,99,-999
7,21,2026,13,59,25,-999.9,99,-999
7,21,2026,13,59,25,-999.9,99,-999
7,21,2026,14,00,25,-999.9,99,-999
7,21,2026,14,00,25,-999.9,99,-999
7,21,2026,14,00,25,-999.9,98,-999
7,21,2026,14,00,25,-999.9,98,-999
7,21,2026,14,00,25,-999.9,98,-999
7,21,2026,14,00,25,-999.9,98,-999
7,21,2026,14,01,25,-999.9,98,-999
7,21,2026,14,01,25,-999.9,99,-999
7,21,2026,14,01,25,-999.9,98,-999
7,21,2026,14,01,25,-999.9,99,-999
7,21,2026,14,01,25,-999.9,99,-999
7,21,2026,14,01,25,-999.9,99,-999
7,21,2026,14,02,25,-999.9,99,-999
7,21,2026,14,02,25,-999.9,99,-999
7,21,2026,14,02,25,-999.9,100,-999
7,21,2026,14,02,25,-999.9,100,-999
7,21,2026,14,02,25,-999.9,100,-999
7,21,2026,14,02,25,-999.9,100,-999
7,21,2026,14,03,25,-999.9,100,-999
7,21,2026,14,03,25,-999.9,100,-999
7,21,2026,14,03,25,-999.9,100,-999
7,21,2026,14,03,25,-999.9,100,-999
7,21,2026,14,03,25,-999.9,100,-999
7,21,2026,14,03,25,-999.9,99,-999
7,21,2026,14,04,25,-999.9,99,-999
7,21,2026,14,04,25,-999.9,99,-999
7,21,2026,14,04,25,-999.9,99,-999
7,21,2026,14,04,25,-999.9,99,-999
7,21,2026,14,04,25,-999.9,99,-999
7,21,2026,14,04,25,-999.9,99,-999
7,21,2026,14,05,24.9,-999.9,99,-999
7,21,2026,14,05,24.9,-999.9,99,-999
7,21,2026,14,05,24.9,-999.9,99,-999
7,21,2026,14,05,24.9,-999.9,99,-999
7,21,2026,14,05,24.9,-999.9,99,-999
7,21,2026,14,05,24.9,-999.9,99,-999
7,21,2026,14,06,24.9,-999.9,99,-999
7,21,2026,14,06,24.9,-999.9,99,-999
7,21,2026,14,06,24.9,-999.9,99,-999
7,21,2026,14,06,24.9,-999.9,99,-999
7,21,2026,14,06,24.9,-999.9,99,-999
7,21,2026,14,06,24.9,-999.9,99,-999
7,21,2026,14,07,24.9,-999.9,99,-999
7,21,2026,14,07,24.9,-999.9,99,-999
7,21,2026,14,07,24.9,-999.9,99,-999
7,21,2026,14,07,24.9,-999.9,99,-999
7,21,2026,14,07,24.9,-999.9,99,-999
7,21,2026,14,07,24.9,-999.9,99,-999
7,21,2026,14,08,24.9,-999.9,99,-999
7,21,2026,14,08,24.9,-999.9,99,-999
7,21,2026,14,08,24.9,-999.9,99,-999
7,21,2026,14,08,24.9,-999.9,99,-999
7,21,2026,14,08,24.9,-999.9,99,-999
7,21,2026,14,08,24.9,-999.9,99,-999
7,21,2026,14,09,24.9,-999.9,99,-999
7,21,2026,14,09,24.9,-999.9,99,-999
7,21,2026,14,09,24.9,-999.9,99,-999
7,21,2026,14,09,24.9,-999.9,99,-999
7,21,2026,14,09,24.9,-999.9,99,-999
7,21,2026,14,09,24.9,-999.9,99,-999
7,21,2026,14,10,24.9,-999.9,99,-999
7,21,2026,14,10,24.9,-999.9,99,-999
7,21,2026,14,10,24.9,-999.9,99,-999
7,21,2026,14,10,24.9,-999.9,99,-999
7,21,2026,14,10,24.9,-999.9,99,-999
7,21,2026,14,10,24.9,-999.9,99,-999
7,21,2026,14,11,24.9,-999.9,99,-999
7,21,2026,14,11,24.9,-999.9,99,-999
7,21,2026,14,11,24.9,-999.9,99,-999
7,21,2026,14,11,24.9,-999.9,99,-999
7,21,2026,14,11,24.9,-999.9,99,-999
7,21,2026,14,11,24.8,-999.9,99,-999
7,21,2026,14,12,24.8,-999.9,99,-999
7,21,2026,14,12,24.8,-999.9,99,-999
7,21,2026,14,12,24.8,-999.9,99,-999
7,21,2026,14,12,24.8,-999.9,99,-999
7,21,2026,14,12,24.8,-999.9,99,-999
7,21,2026,14,12,24.8,-999.9,99,-999
7,21,2026,14,13,24.8,-999.9,99,-999
7,21,2026,14,13,24.8,-999.9,99,-999
7,21,2026,14,13,24.8,-999.9,99,-999
7,21,2026,14,13,24.8,-999.9,99,-999
7,21,2026,14,13,24.8,-999.9,99,-999
7,21,2026,14,13,24.8,-999.9,99,-999
7,21,2026,14,14,24.8,-999.9,99,-999
7,21,2026,14,14,24.8,-999.9,99,-999
7,21,2026,14,14,24.8,-999.9,99,-999
7,21,2026,14,14,24.8,-999.9,99,-999
7,21,2026,14,14,24.8,-999.9,99,-999
7,21,2026,14,14,24.8,-999.9,99,-999
7,21,2026,14,15,24.8,-999.9,99,-999
7,21,2026,14,15,24.8,-999.9,99,-999
7,21,2026,14,15,24.8,-999.9,99,-999
7,21,2026,14,15,24.8,-999.9,99,-999
7,21,2026,14,15,24.8,-999.9,100,-999
7,21,2026,14,15,24.8,-999.9,99,-999
7,21,2026,14,16,24.8,-999.9,99,-999
7,21,2026,14,16,24.8,-999.9,99,-999
7,21,2026,14,16,24.8,-999.9,99,-999
7,21,2026,14,16,24.8,-999.9,99,-999
7,21,2026,14,16,24.8,-999.9,99,-999
7,21,2026,14,16,24.8,-999.9,99,-999
7,21,2026,14,17,24.8,-999.9,99,-999
7,21,2026,14,17,24.8,-999.9,99,-999
7,21,2026,14,17,24.8,-999.9,99,-999
7,21,2026,14,17,24.8,-999.9,99,-999
7,21,2026,14,17,24.8,-999.9,99,-999
7,21,2026,14,17,24.8,-999.9,99,-999
7,21,2026,14,18,24.8,-999.9,99,-999
7,21,2026,14,18,24.8,-999.9,99,-999
7,21,2026,14,18,24.8,-999.9,99,-999
7,21,2026,14,18,24.8,-999.9,99,-999
7,21,2026,14,18,24.8,-999.9,100,-999
7,21,2026,14,18,24.8,-999.9,100,-999
7,21,2026,14,19,24.8,-999.9,100,-999
7,21,2026,14,19,24.8,-999.9,100,-999
7,21,2026,14,19,24.8,-999.9,99,-999
7,21,2026,14,19,24.8,-999.9,100,-999
7,21,2026,14,19,24.8,-999.9,100,-999
7,21,2026,14,19,24.8,-999.9,100,-999
7,21,2026,14,20,24.8,-999.9,99,-999
7,21,2026,14,20,24.7,-999.9,99,-999
7,21,2026,14,20,24.7,-999.9,99,-999
7,21,2026,14,20,24.7,-999.9,99,-999
7,21,2026,14,20,24.8,-999.9,99,-999
7,21,2026,14,20,24.8,-999.9,100,-999
7,21,2026,14,21,24.8,-999.9,100,-999
7,21,2026,14,21,24.7,-999.9,100,-999
7,21,2026,14,21,24.7,-999.9,99,-999
7,21,2026,14,21,24.7,-999.9,99,-999
7,21,2026,14,21,24.7,-999.9,99,-999
7,21,2026,14,21,24.7,-999.9,99,-999
7,21,2026,14,22,24.7,-999.9,99,-999
7,21,2026,14,22,24.7,-999.9,99,-999
7,21,2026,14,22,24.7,-999.9,99,-999
7,21,2026,14,22,24.7,-999.9,99,-999
7,21,2026,14,22,24.7,-999.9,100,-999
7,21,2026,14,22,24.7,-999.9,100,-999
7,21,2026,14,23,24.7,-999.9,100,-999
7,21,2026,14,23,24.7,-999.9,100,-999
7,21,2026,14,23,24.7,-999.9,99,-999
7,21,2026,14,23,24.7,-999.9,99,-999
7,21,2026,14,23,24.7,-999.9,100,-999
7,21,2026,14,23,24.7,-999.9,100,-999
7,21,2026,14,24,24.7,-999.9,100,-999
7,21,2026,14,24,24.7,-999.9,100,-999
7,21,2026,14,24,24.7,-999.9,100,-999
7,21,2026,14,24,24.7,-999.9,100,-999
7,21,2026,14,24,24.7,-999.9,100,-999
7,21,2026,14,24,24.7,-999.9,100,-999
7,21,2026,14,25,24.7,-999.9,100,-999
7,21,2026,14,25,24.7,-999.9,100,-999
7,21,2026,14,25,24.8,-999.9,100,-999
7,21,2026,14,25,24.7,-999.9,100,-999
7,21,2026,14,25,24.8,-999.9,100,-999
7,21,2026,14,25,24.8,-999.9,100,-999
7,21,2026,14,26,24.7,-999.9,100,-999
7,21,2026,14,26,24.7,-999.9,100,-999
7,21,2026,14,26,24.8,-999.9,100,-999
7,21,2026,14,26,24.8,-999.9,100,-999
7,21,2026,14,26,24.8,-999.9,100,-999
7,21,2026,14,26,24.8,-999.9,100,-999
7,21,2026,14,27,24.8,-999.9,100,-999
7,21,2026,14,27,24.8,-999.9,100,-999
7,21,2026,14,27,24.8,-999.9,100,-999
7,21,2026,14,27,24.8,-999.9,100,-999
7,21,2026,14,27,24.8,-999.9,100,-999
7,21,2026,14,27,24.8,-999.9,100,-999
7,21,2026,14,28,24.8,-999.9,100,-999
7,21,2026,14,28,24.7,-999.9,100,-999
7,21,2026,14,28,24.7,-999.9,99,-999
7,21,2026,14,28,24.7,-999.9,99,-999
7,21,2026,14,28,24.7,-999.9,99,-999
7,21,2026,14,28,24.7,-999.9,99,-999
7,21,2026,14,29,24.7,-999.9,99,-999
7,21,2026,14,29,24.7,-999.9,99,-999
7,21,2026,14,29,24.7,-999.9,99,-999
7,21,2026,14,29,24.7,-999.9,99,-999
7,21,2026,14,29,24.7,-999.9,99,-999
7,21,2026,14,29,24.7,-999.9,99,-999
7,21,2026,14,30,24.7,-999.9,99,-999
7,21,2026,14,30,24.7,-999.9,99,-999
7,21,2026,14,30,24.7,-999.9,99,-999
7,21,2026,14,30,24.7,-999.9,99,-999
7,21,2026,14,30,24.7,-999.9,99,-999
7,21,2026,14,30,24.7,-999.9,99,-999
7,21,2026,14,31,24.7,-999.9,99,-999
7,21,2026,14,31,24.7,-999.9,99,-999
7,21,2026,14,31,24.7,-999.9,99,-999
7,21,2026,14,31,24.7,-999.9,99,-999
7,21,2026,14,31,24.7,-999.9,99,-999
7,21,2026,14,31,24.7,-999.9,99,-999
7,21,2026,14,32,24.7,-999.9,99,-999
7,21,2026,14,32,24.7,-999.9,99,-999
7,21,2026,14,32,24.7,-999.9,99,-999
7,21,2026,14,32,24.7,-999.9,99,-999
7,21,2026,14,32,24.7,-999.9,99,-999
7,21,2026,14,32,24.7,-999.9,99,-999
7,21,2026,14,33,24.7,-999.9,99,-999
7,21,2026,14,33,24.7,-999.9,99,-999
7,21,2026,14,33,24.7,-999.9,99,-999
7,21,2026,14,33,24.7,-999.9,99,-999
7,21,2026,14,33,24.7,-999.9,99,-999
7,21,2026,14,33,24.6,-999.9,99,-999
7,21,2026,14,34,24.7,-999.9,99,-999
7,21,2026,14,34,24.6,-999.9,99,-999
7,21,2026,14,34,24.6,-999.9,99,-999
7,21,2026,14,34,24.6,-999.9,99,-999
7,21,2026,14,34,24.6,-999.9,99,-999
7,21,2026,14,34,24.6,-999.9,99,-999
7,21,2026,14,35,24.6,-999.9,100,-999
7,21,2026,14,35,24.6,-999.9,100,-999
7,21,2026,14,35,24.6,-999.9,100,-999
7,21,2026,14,35,24.6,-999.9,100,-999
7,21,2026,14,35,24.6,-999.9,100,-999
7,21,2026,14,35,24.6,-999.9,100,-999
7,21,2026,14,36,24.6,-999.9,100,-999
7,21,2026,14,36,24.6,-999.9,100,-999
7,21,2026,14,36,24.7,-999.9,100,-999
7,21,2026,14,36,24.7,-999.9,100,-999
7,21,2026,14,36,24.6,-999.9,100,-999
7,21,2026,14,36,24.6,-999.9,100,-999
7,21,2026,14,37,24.6,-999.9,100,-999
7,21,2026,14,37,24.7,-999.9,100,-999
7,21,2026,14,37,24.7,-999.9,100,-999
7,21,2026,14,37,24.6,-999.9,100,-999
7,21,2026,14,37,24.6,-999.9,100,-999
7,21,2026,14,37,24.6,-999.9,100,-999
7,21,2026,14,38,24.6,-999.9,100,-999
7,21,2026,14,38,24.6,-999.9,100,-999
7,21,2026,14,38,24.6,-999.9,100,-999
7,21,2026,14,38,24.6,-999.9,100,-999
7,21,2026,14,38,24.6,-999.9,100,-999
7,21,2026,14,38,24.6,-999.9,100,-999
7,21,2026,14,39,24.6,-999.9,99,-999
7,21,2026,14,39,24.6,-999.9,99,-999
7,21,2026,14,39,24.6,-999.9,100,-999
7,21,2026,14,39,24.6,-999.9,100,-999
7,21,2026,14,39,24.6,-999.9,100,-999
7,21,2026,14,39,24.6,-999.9,100,-999
7,21,2026,14,40,24.6,-999.9,99,-999
7,21,2026,14,40,24.6,-999.9,99,-999
7,21,2026,14,40,24.6,-999.9,99,-999
7,21,2026,14,40,24.6,-999.9,99,-999
7,21,2026,14,40,24.6,-999.9,99,-999
7,21,2026,14,40,24.6,-999.9,100,-999
7,21,2026,14,41,24.6,-999.9,100,-999
7,21,2026,14,41,24.6,-999.9,100,-999
7,21,2026,14,41,24.6,-999.9,100,-999
7,21,2026,14,41,24.6,-999.9,100,-999
7,21,2026,14,41,24.6,-999.9,100,-999
7,21,2026,14,41,24.6,-999.9,100,-999
7,21,2026,14,42,24.6,-999.9,100,-999
7,21,2026,14,42,24.6,-999.9,100,-999
7,21,2026,14,42,24.6,-999.9,100,-999
7,21,2026,14,42,24.6,-999.9,100,-999
7,21,2026,14,42,24.6,-999.9,100,-999
7,21,2026,14,42,24.6,-999.9,100,-999
7,21,2026,14,43,24.6,-999.9,100,-999
7,21,2026,14,43,24.6,-999.9,100,-999
7,21,2026,14,43,24.6,-999.9,99,-999
7,21,2026,14,43,24.6,-999.9,99,-999
7,21,2026,14,43,24.6,-999.9,100,-999
7,21,2026,14,43,24.6,-999.9,99,-999
7,21,2026,14,44,24.6,-999.9,99,-999
7,21,2026,14,44,24.6,-999.9,100,-999
7,21,2026,14,44,24.6,-999.9,100,-999
7,21,2026,14,44,24.6,-999.9,100,-999
7,21,2026,14,44,24.6,-999.9,100,-999
7,21,2026,14,44,24.6,-999.9,100,-999
7,21,2026,14,45,24.6,-999.9,100,-999
7,21,2026,14,45,24.6,-999.9,100,-999
7,21,2026,14,45,24.6,-999.9,100,-999
7,21,2026,14,45,24.6,-999.9,100,-999
7,21,2026,14,45,24.6,-999.9,100,-999
7,21,2026,14,45,24.6,-999.9,99,-999
7,21,2026,14,46,24.6,-999.9,99,-999
7,21,2026,14,46,24.6,-999.9,100,-999
7,21,2026,14,46,24.6,-999.9,100,-999
7,21,2026,14,46,24.6,-999.9,100,-999
7,21,2026,14,46,24.6,-999.9,100,-999
7,21,2026,14,46,24.6,-999.9,99,-999
7,21,2026,14,47,24.6,-999.9,99,-999
7,21,2026,14,47,24.6,-999.9,100,-999
7,21,2026,14,47,24.6,-999.9,100,-999
7,21,2026,14,47,24.6,-999.9,100,-999
7,21,2026,14,47,24.6,-999.9,100,-999
7,21,2026,14,47,24.6,-999.9,100,-999
7,21,2026,14,48,24.6,-999.9,100,-999
7,21,2026,14,48,24.6,-999.9,100,-999
7,21,2026,14,48,24.6,-999.9,100,-999
7,21,2026,14,48,24.6,-999.9,100,-999
7,21,2026,14,48,24.6,-999.9,100,-999
7,21,2026,14,48,24.6,-999.9,100,-999
7,21,2026,14,49,24.6,-999.9,100,-999
7,21,2026,14,49,24.6,-999.9,100,-999
7,21,2026,14,49,24.6,-999.9,100,-999
7,21,2026,14,49,24.6,-999.9,100,-999
7,21,2026,14,49,24.6,-999.9,100,-999
7,21,2026,14,49,24.6,-999.9,100,-999
7,21,2026,14,50,24.6,-999.9,100,-999
7,21,2026,14,50,24.6,-999.9,100,-999
7,21,2026,14,50,24.6,-999.9,100,-999
7,21,2026,14,50,24.6,-999.9,100,-999
7,21,2026,14,50,24.6,-999.9,100,-999
7,21,2026,14,50,24.6,-999.9,100,-999
7,21,2026,14,51,24.6,-999.9,100,-999
7,21,2026,14,51,24.6,-999.9,100,-999
7,21,2026,14,51,24.6,-999.9,100,-999
7,21,2026,14,51,24.6,-999.9,100,-999
7,21,2026,14,51,24.6,-999.9,100,-999
7,21,2026,14,51,24.6,-999.9,100,-999
7,21,2026,14,52,24.6,-999.9,100,-999
7,21,2026,14,52,24.6,-999.9,100,-999
7,21,2026,14,52,24.6,-999.9,100,-999
7,21,2026,14,52,24.6,-999.9,100,-999
7,21,2026,14,52,24.6,-999.9,100,-999
7,21,2026,14,52,24.6,-999.9,100,-999
7,21,2026,14,53,24.6,-999.9,100,-999
7,21,2026,14,53,24.6,-999.9,100,-999
7,21,2026,14,53,24.6,-999.9,100,-999
7,21,2026,14,53,24.6,-999.9,100,-999
7,21,2026,14,53,24.6,-999.9,100,-999
7,21,2026,14,53,24.6,-999.9,100,-999
7,21,2026,14,54,24.6,-999.9,100,-999
7,21,2026,14,54,24.6,-999.9,100,-999
7,21,2026,14,54,24.6,-999.9,100,-999
7,21,2026,14,54,24.6,-999.9,100,-999
7,21,2026,14,54,24.6,-999.9,100,-999
7,21,2026,14,54,24.6,-999.9,100,-999
7,21,2026,14,55,24.6,-999.9,100,-999
7,21,2026,14,55,24.6,-999.9,100,-999
7,21,2026,14,55,24.6,-999.9,100,-999
7,21,2026,14,55,24.6,-999.9,100,-999
7,21,2026,14,55,24.6,-999.9,100,-999
7,21,2026,14,55,24.5,-999.9,100,-999
7,21,2026,14,56,24.5,-999.9,100,-999
7,21,2026,14,56,24.5,-999.9,100,-999
7,21,2026,14,56,24.6,-999.9,100,-999
7,21,2026,14,56,24.5,-999.9,100,-999
7,21,2026,14,56,24.6,-999.9,100,-999
7,21,2026,14,56,24.5,-999.9,100,-999
7,21,2026,14,57,24.5,-999.9,100,-999
7,21,2026,14,57,24.5,-999.9,99,-999
7,21,2026,14,57,24.5,-999.9,99,-999
7,21,2026,14,57,24.5,-999.9,99,-999
7,21,2026,14,57,24.5,-999.9,100,-999
7,21,2026,14,57,24.5,-999.9,100,-999
7,21,2026,14,58,24.5,-999.9,100,-999
7,21,2026,14,58,24.5,-999.9,100,-999
7,21,2026,14,58,24.5,-999.9,100,-999
7,21,2026,14,58,24.5,-999.9,100,-999
7,21,2026,14,58,24.5,-999.9,100,-999
7,21,2026,14,58,24.5,-999.9,100,-999
7,21,2026,14,59,24.5,-999.9,100,-999
7,21,2026,14,59,24.5,-999.9,100,-999
7,21,2026,14,59,24.5,-999.9,100,-999
7,21,2026,14,59,24.5,-999.9,100,-999
7,21,2026,14,59,24.5,-999.9,100,-999
7,21,2026,14,59,24.5,-999.9,100,-999
7,21,2026,15,00,24.5,-999.9,100,-999
7,21,2026,15,00,24.5,-999.9,100,-999
7,21,2026,15,00,24.5,-999.9,100,-999
7,21,2026,15,00,24.5,-999.9,100,-999
7,21,2026,15,00,24.5,-999.9,100,-999
7,21,2026,15,00,24.5,-999.9,100,-999
7,21,2026,15,01,24.5,-999.9,100,-999
7,21,2026,15,01,24.5,-999.9,100,-999
7,21,2026,15,01,24.5,-999.9,100,-999
7,21,2026,15,01,24.5,-999.9,100,-999
7,21,2026,15,01,24.5,-999.9,100,-999
7,21,2026,15,01,24.5,-999.9,100,-999
7,21,2026,15,02,24.5,-999.9,100,-999
7,21,2026,15,02,24.5,-999.9,100,-999
7,21,2026,15,02,24.5,-999.9,100,-999
7,21,2026,15,02,24.5,-999.9,100,-999
7,21,2026,15,02,24.5,-999.9,100,-999
7,21,2026,15,02,24.5,-999.9,100,-999
7,21,2026,15,03,24.5,-999.9,100,-999
7,21,2026,15,03,24.5,-999.9,100,-999
7,21,2026,15,03,24.5,-999.9,100,-999
7,21,2026,15,03,24.5,-999.9,100,-999
7,21,2026,15,03,24.5,-999.9,100,-999
7,21,2026,15,03,24.5,-999.9,100,-999
7,21,2026,15,04,24.5,-999.9,100,-999
7,21,2026,15,04,24.5,-999.9,100,-999
7,21,2026,15,04,24.5,-999.9,100,-999
7,21,2026,15,04,24.5,-999.9,100,-999
7,21,2026,15,04,24.5,-999.9,100,-999
7,21,2026,15,04,24.5,-999.9,100,-999
7,21,2026,15,05,24.5,-999.9,100,-999
7,21,2026,15,05,24.5,-999.9,100,-999
7,21,2026,15,05,24.5,-999.9,100,-999
7,21,2026,15,05,24.5,-999.9,100,-999
7,21,2026,15,05,24.5,-999.9,100,-999
7,21,2026,15,05,24.5,-999.9,100,-999
7,21,2026,15,06,24.5,-999.9,100,-999
7,21,2026,15,06,24.5,-999.9,100,-999
7,21,2026,15,06,24.5,-999.9,100,-999
7,21,2026,15,06,24.5,-999.9,100,-999
7,21,2026,15,06,24.5,-999.9,100,-999
7,21,2026,15,06,24.5,-999.9,100,-999
7,21,2026,15,07,24.5,-999.9,100,-999
7,21,2026,15,07,24.5,-999.9,100,-999
7,21,2026,15,07,24.5,-999.9,100,-999
7,21,2026,15,07,24.5,-999.9,100,-999
7,21,2026,15,07,24.5,-999.9,100,-999
7,21,2026,15,07,24.5,-999.9,100,-999
7,21,2026,15,08,24.5,-999.9,100,-999
7,21,2026,15,08,24.5,-999.9,100,-999
7,21,2026,15,08,24.5,-999.9,100,-999
7,21,2026,15,08,24.5,-999.9,100,-999
7,21,2026,15,08,24.5,-999.9,100,-999
7,21,2026,15,08,24.5,-999.9,100,-999
7,21,2026,15,09,24.5,-999.9,100,-999
7,21,2026,15,09,24.5,-999.9,100,-999
7,21,2026,15,09,24.5,-999.9,100,-999
7,21,2026,15,09,24.5,-999.9,100,-999
7,21,2026,15,09,24.5,-999.9,100,-999
7,21,2026,15,09,24.5,-999.9,100,-999
7,21,2026,15,10,24.5,-999.9,100,-999
7,21,2026,15,10,24.5,-999.9,100,-999
7,21,2026,15,10,24.5,-999.9,100,-999
7,21,2026,15,10,24.5,-999.9,100,-999
7,21,2026,15,10,24.5,-999.9,100,-999
7,21,2026,15,10,24.5,-999.9,100,-999
7,21,2026,15,11,24.5,-999.9,100,-999
7,21,2026,15,11,24.5,-999.9,100,-999
7,21,2026,15,11,24.5,-999.9,100,-999
7,21,2026,15,11,24.5,-999.9,100,-999
7,21,2026,15,11,24.5,-999.9,100,-999
7,21,2026,15,11,24.5,-999.9,100,-999
7,21,2026,15,12,24.5,-999.9,100,-999
7,21,2026,15,12,24.5,-999.9,100,-999
7,21,2026,15,12,24.5,-999.9,100,-999
7,21,2026,15,12,24.5,-999.9,100,-999
7,21,2026,15,12,24.5,-999.9,100,-999
7,21,2026,15,12,24.5,-999.9,100,-999
7,21,2026,15,13,24.5,-999.9,100,-999
7,21,2026,15,13,24.5,-999.9,100,-999
7,21,2026,15,13,24.5,-999.9,100,-999
7,21,2026,15,13,24.5,-999.9,100,-999
7,21,2026,15,13,24.5,-999.9,100,-999
7,21,2026,15,13,24.5,-999.9,100,-999
7,21,2026,15,14,24.5,-999.9,100,-999
7,21,2026,15,14,24.5,-999.9,100,-999
7,21,2026,15,14,24.5,-999.9,100,-999
7,21,2026,15,14,24.5,-999.9,100,-999
7,21,2026,15,14,24.5,-999.9,100,-999
7,21,2026,15,14,24.5,-999.9,100,-999
7,21,2026,15,15,24.5,-999.9,100,-999
7,21,2026,15,15,24.5,-999.9,100,-999
7,21,2026,15,15,24.5,-999.9,100,-999
7,21,2026,15,15,24.5,-999.9,100,-999
7,21,2026,15,15,24.5,-999.9,100,-999
7,21,2026,15,15,24.5,-999.9,100,-999
7,21,2026,15,16,24.5,-999.9,100,-999
7,21,2026,15,16,24.5,-999.9,100,-999
7,21,2026,15,16,24.5,-999.9,100,-999
7,21,2026,15,16,24.5,-999.9,100,-999
7,21,2026,15,16,24.5,-999.9,100,-999
7,21,2026,15,16,24.5,-999.9,100,-999
7,21,2026,15,17,24.5,-999.9,100,-999
7,21,2026,15,17,24.5,-999.9,100,-999
7,21,2026,15,17,24.5,-999.9,100,-999
7,21,2026,15,17,24.5,-999.9,100,-999
7,21,2026,15,17,24.5,-999.9,100,-999
7,21,2026,15,17,24.5,-999.9,100,-999
7,21,2026,15,18,24.5,-999.9,100,-999
7,21,2026,15,18,24.5,-999.9,100,-999
7,21,2026,15,18,24.5,-999.9,100,-999
7,21,2026,15,18,24.5,-999.9,100,-999
7,21,2026,15,18,24.5,-999.9,100,-999
7,21,2026,15,18,24.5,-999.9,100,-999
7,21,2026,15,19,24.5,-999.9,100,-999
7,21,2026,15,19,24.5,-999.9,100,-999
7,21,2026,15,19,24.5,-999.9,100,-999
7,21,2026,15,19,24.5,-999.9,100,-999
7,21,2026,15,19,24.5,-999.9,100,-999
7,21,2026,15,19,24.5,-999.9,100,-999
7,21,2026,15,20,24.5,-999.9,100,-999
7,21,2026,15,20,24.5,-999.9,100,-999
7,21,2026,15,20,24.5,-999.9,100,-999
7,21,2026,15,20,24.4,-999.9,100,-999
7,21,2026,15,20,24.5,-999.9,100,-999
7,21,2026,15,20,24.5,-999.9,100,-999
7,21,2026,15,21,24.5,-999.9,100,-999
7,21,2026,15,21,24.5,-999.9,100,-999
7,21,2026,15,21,24.5,-999.9,100,-999
7,21,2026,15,21,24.5,-999.9,100,-999
7,21,2026,15,21,24.5,-999.9,100,-999
7,21,2026,15,21,24.5,-999.9,100,-999
7,21,2026,15,22,24.5,-999.9,100,-999
7,21,2026,15,22,24.5,-999.9,100,-999
7,21,2026,15,22,24.5,-999.9,100,-999
7,21,2026,15,22,24.5,-999.9,100,-999
7,21,2026,15,22,24.5,-999.9,100,-999
7,21,2026,15,22,24.5,-999.9,100,-999
7,21,2026,15,23,24.5,-999.9,100,-999
7,21,2026,15,23,24.5,-999.9,100,-999
7,21,2026,15,23,24.5,-999.9,100,-999
7,21,2026,15,23,24.5,-999.9,100,-999
7,21,2026,15,23,24.5,-999.9,100,-999
7,21,2026,15,23,24.5,-999.9,100,-999
7,21,2026,15,24,24.5,-999.9,100,-999
7,21,2026,15,24,24.5,-999.9,100,-999
7,21,2026,15,24,24.5,-999.9,100,-999
7,21,2026,15,24,24.5,-999.9,100,-999
7,21,2026,15,24,24.5,-999.9,100,-999
7,21,2026,15,24,24.5,-999.9,100,-999
7,21,2026,15,25,24.5,-999.9,100,-999
7,21,2026,15,25,24.5,-999.9,100,-999
7,21,2026,15,25,24.5,-999.9,100,-999
7,21,2026,15,25,24.5,-999.9,100,-999
7,21,2026,15,25,24.5,-999.9,100,-999
7,21,2026,15,25,24.5,-999.9,100,-999
7,21,2026,15,26,24.5,-999.9,100,-999
7,21,2026,15,26,24.5,-999.9,100,-999
7,21,2026,15,26,24.5,-999.9,100,-999
7,21,2026,15,26,24.5,-999.9,100,-999
7,21,2026,15,26,24.5,-999.9,100,-999
7,21,2026,15,26,24.5,-999.9,100,-999
7,21,2026,15,27,24.5,-999.9,100,-999
7,21,2026,15,27,24.5,-999.9,100,-999
7,21,2026,15,27,24.5,-999.9,100,-999
7,21,2026,15,27,24.5,-999.9,100,-999
7,21,2026,15,27,24.5,-999.9,100,-999
7,21,2026,15,27,24.5,-999.9,100,-999
7,21,2026,15,28,24.5,-999.9,100,-999
7,21,2026,15,28,24.5,-999.9,100,-999
7,21,2026,15,28,24.5,-999.9,100,-999
7,21,2026,15,28,24.5,-999.9,100,-999
7,21,2026,15,28,24.5,-999.9,100,-999
7,21,2026,15,28,24.5,-999.9,100,-999
7,21,2026,15,29,24.5,-999.9,100,-999
7,21,2026,15,29,24.5,-999.9,100,-999
7,21,2026,15,29,24.5,-999.9,100,-999
7,21,2026,15,29,24.5,-999.9,100,-999
7,21,2026,15,29,24.5,-999.9,100,-999
7,21,2026,15,29,24.5,-999.9,100,-999
7,21,2026,15,30,24.5,-999.9,100,-999
7,21,2026,15,30,24.5,-999.9,100,-999
7,21,2026,15,30,24.5,-999.9,100,-999
7,21,2026,15,30,24.5,-999.9,100,-999
7,21,2026,15,30,24.5,-999.9,100,-999
7,21,2026,15,30,24.5,-999.9,100,-999
7,21,2026,15,31,24.5,-999.9,100,-999
7,21,2026,15,31,24.5,-999.9,100,-999
7,21,2026,15,31,24.6,-999.9,100,-999
7,21,2026,15,31,24.6,-999.9,100,-999
7,21,2026,15,31,24.6,-999.9,100,-999
7,21,2026,15,31,24.6,-999.9,100,-999
7,21,2026,15,32,24.6,-999.9,100,-999
7,21,2026,15,32,24.6,-999.9,100,-999
7,21,2026,15,32,24.7,-999.9,100,-999
7,21,2026,15,32,24.7,-999.9,100,-999
7,21,2026,15,32,24.7,-999.9,100,-999
7,21,2026,15,32,24.7,-999.9,100,-999
7,21,2026,15,33,24.7,-999.9,100,-999
7,21,2026,15,33,24.7,-999.9,100,-999
7,21,2026,15,33,24.7,-999.9,100,-999
7,21,2026,15,33,24.8,-999.9,100,-999
7,21,2026,15,33,24.8,-999.9,100,-999
7,21,2026,15,33,24.8,-999.9,100,-999
7,21,2026,15,34,24.8,-999.9,100,-999
7,21,2026,15,34,24.8,-999.9,100,-999
7,21,2026,15,34,24.8,-999.9,100,-999
7,21,2026,15,34,24.9,-999.9,100,-999
7,21,2026,15,34,24.9,-999.9,100,-999
7,21,2026,15,34,24.9,-999.9,100,-999
7,21,2026,15,35,24.9,-999.9,100,-999
7,21,2026,15,35,24.9,-999.9,100,-999
7,21,2026,15,35,24.9,-999.9,100,-999
7,21,2026,15,35,24.9,-999.9,100,-999
7,21,2026,15,35,24.9,-999.9,100,-999
7,21,2026,15,35,25,-999.9,100,-999
7,21,2026,15,36,25,-999.9,100,-999
7,21,2026,15,36,25,-999.9,100,-999
7,21,2026,15,36,25,-999.9,100,-999
7,21,2026,15,36,25,-999.9,100,-999
7,21,2026,15,36,25,-999.9,100,-999
7,21,2026,15,36,25,-999.9,100,-999
7,21,2026,15,37,25.1,-999.9,100,-999
7,21,2026,15,37,25.1,-999.9,100,-999
7,21,2026,15,37,25.1,-999.9,100,-999
7,21,2026,15,37,25.1,-999.9,100,-999
7,21,2026,15,37,25.1,-999.9,100,-999
7,21,2026,15,37,25.1,-999.9,100,-999
7,21,2026,15,38,25.1,-999.9,100,-999
7,21,2026,15,38,25.1,-999.9,100,-999
7,21,2026,15,38,25.1,-999.9,100,-999
7,21,2026,15,38,25.2,-999.9,100,-999
7,21,2026,15,38,25.2,-999.9,100,-999
7,21,2026,15,38,25.2,-999.9,100,-999
7,21,2026,15,39,25.2,-999.9,100,-999
7,21,2026,15,39,25.2,-999.9,100,-999
7,21,2026,15,39,25.2,-999.9,100,-999
7,21,2026,15,39,25.2,-999.9,100,-999
7,21,2026,15,39,25.2,-999.9,100,-999
7,21,2026,15,39,25.2,-999.9,100,-999
7,21,2026,15,40,25.2,-999.9,100,-999
7,21,2026,15,40,25.2,-999.9,100,-999
7,21,2026,15,40,25.3,-999.9,100,-999
7,21,2026,15,40,25.3,-999.9,100,-999
7,21,2026,15,40,25.3,-999.9,100,-999
7,21,2026,15,40,25.3,-999.9,100,-999
7,21,2026,15,41,25.3,-999.9,100,-999
7,21,2026,15,41,25.3,-999.9,100,-999
7,21,2026,15,41,25.3,-999.9,100,-999
7,21,2026,15,41,25.3,-999.9,100,-999
7,21,2026,15,41,25.3,-999.9,100,-999
7,21,2026,15,41,25.3,-999.9,100,-999
7,21,2026,15,42,25.3,-999.9,100,-999
7,21,2026,15,42,25.3,-999.9,100,-999
7,21,2026,15,42,25.3,-999.9,100,-999
7,21,2026,15,42,25.4,-999.9,100,-999
7,21,2026,15,42,25.4,-999.9,100,-999
7,21,2026,15,42,25.4,-999.9,100,-999
7,21,2026,15,43,25.4,-999.9,100,-999
7,21,2026,15,43,25.4,-999.9,100,-999
7,21,2026,15,43,25.4,-999.9,100,-999
7,21,2026,15,43,25.4,-999.9,100,-999
7,21,2026,15,43,25.4,-999.9,100,-999
7,21,2026,15,43,25.4,-999.9,100,-999
7,21,2026,15,44,25.4,-999.9,100,-999
7,21,2026,15,44,25.4,-999.9,100,-999
7,21,2026,15,44,25.4,-999.9,100,-999
7,21,2026,15,44,25.4,-999.9,100,-999
7,21,2026,15,44,25.5,-999.9,100,-999
7,21,2026,15,44,25.5,-999.9,100,-999
7,21,2026,15,45,25.5,-999.9,100,-999
7,21,2026,15,45,25.5,-999.9,100,-999
7,21,2026,15,45,25.5,-999.9,100,-999
7,21,2026,15,45,25.5,-999.9,100,-999
7,21,2026,15,45,25.5,-999.9,100,-999
7,21,2026,15,45,25.5,-999.9,100,-999
7,21,2026,15,46,25.5,-999.9,100,-999
7,21,2026,15,46,25.5,-999.9,100,-999
7,21,2026,15,46,25.5,-999.9,100,-999
7,21,2026,15,46,25.5,-999.9,100,-999
7,21,2026,15,46,25.5,-999.9,100,-999
7,21,2026,15,46,25.5,-999.9,100,-999
7,21,2026,15,47,25.5,-999.9,100,-999
7,21,2026,15,47,25.6,-999.9,100,-999
7,21,2026,15,47,25.6,-999.9,100,-999
7,21,2026,15,47,25.6,-999.9,100,-999
7,21,2026,15,47,25.6,-999.9,100,-999
7,21,2026,15,47,25.6,-999.9,100,-999
7,21,2026,15,48,25.6,-999.9,100,-999
7,21,2026,15,48,25.6,-999.9,100,-999
7,21,2026,15,48,25.6,-999.9,100,-999
7,21,2026,15,48,25.6,-999.9,100,-999
7,21,2026,15,48,25.6,-999.9,100,-999
7,21,2026,15,48,25.6,-999.9,100,-999
7,21,2026,15,49,25.6,-999.9,100,-999
7,21,2026,15,49,25.6,-999.9,100,-999
7,21,2026,15,49,25.6,-999.9,100,-999
7,21,2026,15,49,25.6,-999.9,100,-999
7,21,2026,15,49,25.6,-999.9,100,-999
7,21,2026,15,49,25.6,-999.9,100,-999
7,21,2026,15,50,25.6,-999.9,100,-999
7,21,2026,15,50,25.6,-999.9,100,-999
7,21,2026,15,50,25.6,-999.9,100,-999
7,21,2026,15,50,25.6,-999.9,100,-999
7,21,2026,15,50,25.6,-999.9,100,-999
7,21,2026,15,50,25.7,-999.9,100,-999
7,21,2026,15,51,25.7,-999.9,100,-999
7,21,2026,15,51,25.7,-999.9,100,-999
7,21,2026,15,51,25.7,-999.9,100,-999
7,21,2026,15,51,25.7,-999.9,100,-999
7,21,2026,15,51,25.7,-999.9,100,-999
7,21,2026,15,51,25.7,-999.9,100,-999
7,21,2026,15,52,25.7,-999.9,100,-999
7,21,2026,15,52,25.7,-999.9,100,-999
7,21,2026,15,52,25.7,-999.9,100,-999
7,21,2026,15,52,25.7,-999.9,100,-999
7,21,2026,15,52,25.7,-999.9,100,-999
7,21,2026,15,52,25.7,-999.9,100,-999
7,21,2026,15,53,25.7,-999.9,100,-999
7,21,2026,15,53,25.7,-999.9,100,-999
7,21,2026,15,53,25.7,-999.9,100,-999
7,21,2026,15,53,25.7,-999.9,100,-999
7,21,2026,15,53,25.7,-999.9,100,-999
7,21,2026,15,53,25.7,-999.9,100,-999
7,21,2026,15,54,25.7,-999.9,100,-999
7,21,2026,15,54,25.7,-999.9,100,-999
7,21,2026,15,54,25.7,-999.9,100,-999
7,21,2026,15,54,25.7,-999.9,100,-999
7,21,2026,15,54,25.7,-999.9,100,-999
7,21,2026,15,54,25.7,-999.9,100,-999
7,21,2026,15,55,25.7,-999.9,100,-999
7,21,2026,15,55,25.7,-999.9,100,-999
7,21,2026,15,55,25.7,-999.9,100,-999
7,21,2026,15,55,25.7,-999.9,100,-999
7,21,2026,15,55,25.7,-999.9,100,-999
7,21,2026,15,55,25.7,-999.9,100,-999
7,21,2026,15,56,25.8,-999.9,100,-999
7,21,2026,15,56,25.8,-999.9,100,-999
7,21,2026,15,56,25.8,-999.9,100,-999
7,21,2026,15,56,25.8,-999.9,100,-999
7,21,2026,15,56,25.8,-999.9,100,-999
7,21,2026,15,56,25.8,-999.9,100,-999
7,21,2026,15,57,25.8,-999.9,100,-999
7,21,2026,15,57,25.8,-999.9,100,-999
7,21,2026,15,57,25.8,-999.9,100,-999
7,21,2026,15,57,25.8,-999.9,100,-999
7,21,2026,15,57,25.8,-999.9,100,-999
7,21,2026,15,57,25.8,-999.9,100,-999
7,21,2026,15,58,25.8,-999.9,100,-999
7,21,2026,15,58,25.8,-999.9,100,-999
7,21,2026,15,58,25.8,-999.9,100,-999
7,21,2026,15,58,25.8,-999.9,100,-999
7,21,2026,15,58,25.8,-999.9,100,-999
7,21,2026,15,58,25.8,-999.9,100,-999
7,21,2026,15,59,25.8,-999.9,100,-999
7,21,2026,15,59,25.9,-999.9,100,-999
7,21,2026,15,59,25.9,-999.9,100,-999
7,21,2026,15,59,25.9,-999.9,100,-999
7,21,2026,15,59,25.9,-999.9,100,-999
7,21,2026,15,59,25.9,-999.9,100,-999
7,21,2026,16,00,25.9,-999.9,100,-999
7,21,2026,16,00,25.9,-999.9,100,-999
7,21,2026,16,00,25.9,-999.9,100,-999
7,21,2026,16,00,25.9,-999.9,100,-999
7,21,2026,16,00,25.9,-999.9,100,-999
7,21,2026,16,00,25.9,-999.9,100,-999
7,21,2026,16,01,25.9,-999.9,100,-999
7,21,2026,16,01,25.9,-999.9,100,-999
7,21,2026,16,01,25.9,-999.9,100,-999
7,21,2026,16,01,26,-999.9,100,-999
7,21,2026,16,01,26,-999.9,100,-999
7,21,2026,16,01,26,-999.9,100,-999
7,21,2026,16,02,26,-999.9,100,-999
7,21,2026,16,02,26,-999.9,100,-999
7,21,2026,16,02,26,-999.9,100,-999
7,21,2026,16,02,26,-999.9,100,-999
7,21,2026,16,02,26,-999.9,100,-999
7,21,2026,16,02,26,-999.9,100,-999
7,21,2026,16,03,26,-999.9,100,-999
7,21,2026,16,03,26,-999.9,100,-999
7,21,2026,16,03,26,-999.9,100,-999
7,21,2026,16,03,26,-999.9,100,-999
7,21,2026,16,03,26,-999.9,100,-999
7,21,2026,16,03,26,-999.9,100,-999
7,21,2026,16,04,26,-999.9,100,-999
7,21,2026,16,04,26,-999.9,100,-999
7,21,2026,16,04,26,-999.9,100,-999
7,21,2026,16,04,26,-999.9,100,-999
7,21,2026,16,04,26,-999.9,100,-999
7,21,2026,16,04,26,-999.9,100,-999
7,21,2026,16,05,26,-999.9,100,-999
7,21,2026,16,05,26,-999.9,100,-999
7,21,2026,16,05,26.1,-999.9,100,-999
7,21,2026,16,05,26.1,-999.9,100,-999
7,21,2026,16,05,26.1,-999.9,100,-999
7,21,2026,16,05,26.1,-999.9,100,-999
7,21,2026,16,06,26.1,-999.9,100,-999
7,21,2026,16,06,26.1,-999.9,100,-999
7,21,2026,16,06,26.1,-999.9,100,-999
7,21,2026,16,06,26.1,-999.9,100,-999
7,21,2026,16,06,26.1,-999.9,100,-999
7,21,2026,16,06,26.1,-999.9,100,-999
7,21,2026,16,07,26.1,-999.9,100,-999
7,21,2026,16,07,26.1,-999.9,100,-999
7,21,2026,16,07,26.1,-999.9,100,-999
7,21,2026,16,07,26.1,-999.9,100,-999
7,21,2026,16,07,26.1,-999.9,100,-999
7,21,2026,16,07,26.1,-999.9,100,-999
7,21,2026,16,08,26.1,-999.9,100,-999
7,21,2026,16,08,26.1,-999.9,100,-999
7,21,2026,16,08,26.1,-999.9,100,-999
7,21,2026,16,08,26.1,-999.9,100,-999
7,21,2026,16,08,26.1,-999.9,100,-999
7,21,2026,16,08,26.1,-999.9,100,-999
7,21,2026,16,09,26.1,-999.9,100,-999
7,21,2026,16,09,26.1,-999.9,100,-999
7,21,2026,16,09,26.1,-999.9,100,-999
7,21,2026,16,09,26.1,-999.9,100,-999
7,21,2026,16,09,26.2,-999.9,100,-999
7,21,2026,16,09,26.1,-999.9,100,-999
7,21,2026,16,10,26.2,-999.9,100,-999
7,21,2026,16,10,26.2,-999.9,100,-999
7,21,2026,16,10,26.2,-999.9,100,-999
7,21,2026,16,10,26.2,-999.9,100,-999
7,21,2026,16,10,26.2,-999.9,100,-999
7,21,2026,16,10,26.2,-999.9,100,-999
7,21,2026,16,11,26.2,-999.9,100,-999
7,21,2026,16,11,26.2,-999.9,100,-999
7,21,2026,16,11,26.2,-999.9,100,-999
7,21,2026,16,11,26.2,-999.9,100,-999
7,21,2026,16,11,26.2,-999.9,100,-999
7,21,2026,16,11,26.2,-999.9,100,-999
7,21,2026,16,12,26.2,-999.9,100,-999
7,21,2026,16,12,26.2,-999.9,100,-999
7,21,2026,16,12,26.2,-999.9,100,-999
7,21,2026,16,12,26.2,-999.9,100,-999
7,21,2026,16,12,26.2,-999.9,100,-999
7,21,2026,16,12,26.2,-999.9,100,-999
7,21,2026,16,13,26.2,-999.9,100,-999
7,21,2026,16,13,26.2,-999.9,100,-999
7,21,2026,16,13,26.2,-999.9,100,-999
7,21,2026,16,13,26.2,-999.9,100,-999
7,21,2026,16,13,26.2,-999.9,100,-999
7,21,2026,16,13,26.2,-999.9,100,-999
7,21,2026,16,14,26.2,-999.9,100,-999
7,21,2026,16,14,26.2,-999.9,100,-999
7,21,2026,16,14,26.2,-999.9,100,-999
7,21,2026,16,14,26.2,-999.9,100,-999
7,21,2026,16,14,26.2,-999.9,100,-999
7,21,2026,16,14,26.2,-999.9,100,-999
7,21,2026,16,15,26.2,-999.9,100,-999
7,21,2026,16,15,26.2,-999.9,100,-999
7,21,2026,16,15,26.2,-999.9,100,-999
7,21,2026,16,15,26.2,-999.9,100,-999
7,21,2026,16,15,26.2,-999.9,100,-999
7,21,2026,16,15,26.2,-999.9,100,-999
7,21,2026,16,16,26.3,-999.9,100,-999
7,21,2026,16,16,26.2,-999.9,99,-999
7,21,2026,16,16,26.2,-999.9,98,-999
7,21,2026,16,16,26.2,-999.9,97,-999
7,21,2026,16,16,26.1,-999.9,97,-999
7,21,2026,16,16,26.1,-999.9,97,-999
7,21,2026,16,17,26.1,-999.9,96,-999
7,21,2026,16,17,26,-999.9,96,-999
7,21,2026,16,17,26,-999.9,95,-999
7,21,2026,16,17,26,-999.9,95,-999
7,21,2026,16,17,25.9,-999.9,94,-999
7,21,2026,16,17,25.9,-999.9,94,-999
7,21,2026,16,18,25.9,-999.9,94,-999
7,21,2026,16,18,25.8,-999.9,94,-999
7,21,2026,16,18,25.8,-999.9,94,-999
7,21,2026,16,18,25.8,-999.9,94,-999
7,21,2026,16,18,25.8,-999.9,94,-999
7,21,2026,16,18,25.7,-999.9,94,-999
7,21,2026,16,19,25.7,-999.9,94,-999
7,21,2026,16,19,25.7,-999.9,94,-999
7,21,2026,16,19,25.7,-999.9,94,-999
7,21,2026,16,19,25.6,-999.9,94,-999
7,21,2026,16,19,25.6,-999.9,94,-999
7,21,2026,16,19,25.6,-999.9,94,-999
7,21,2026,16,20,25.6,-999.9,95,-999
7,21,2026,16,20,25.6,-999.9,95,-999
7,21,2026,16,20,25.5,-999.9,95,-999
7,21,2026,16,20,25.5,-999.9,95,-999
7,21,2026,16,20,25.5,-999.9,95,-999
7,21,2026,16,20,25.5,-999.9,96,-999
7,21,2026,16,21,25.5,-999.9,96,-999
7,21,2026,16,21,25.5,-999.9,96,-999
7,21,2026,16,21,25.5,-999.9,96,-999
7,21,2026,16,21,25.4,-999.9,96,-999
7,21,2026,16,21,25.4,-999.9,96,-999
7,21,2026,16,21,25.4,-999.9,96,-999
7,21,2026,16,22,25.4,-999.9,96,-999
7,21,2026,16,22,25.4,-999.9,96,-999
7,21,2026,16,22,25.4,-999.9,97,-999
7,21,2026,16,22,25.4,-999.9,97,-999
7,21,2026,16,22,25.3,-999.9,97,-999
7,21,2026,16,22,25.3,-999.9,97,-999
7,21,2026,16,23,25.3,-999.9,97,-999
7,21,2026,16,23,25.3,-999.9,97,-999
7,21,2026,16,23,25.3,-999.9,97,-999
7,21,2026,16,23,25.3,-999.9,97,-999
7,21,2026,16,23,25.3,-999.9,97,-999
7,21,2026,16,23,25.3,-999.9,97,-999
7,21,2026,16,24,25.3,-999.9,97,-999
7,21,2026,16,24,25.2,-999.9,98,-999
7,21,2026,16,24,25.2,-999.9,98,-999
7,21,2026,16,24,25.2,-999.9,97,-999
7,21,2026,16,24,25.2,-999.9,98,-999
7,21,2026,16,24,25.2,-999.9,98,-999
7,21,2026,16,25,25.2,-999.9,98,-999
7,21,2026,16,25,25.2,-999.9,98,-999
7,21,2026,16,25,25.2,-999.9,98,-999
7,21,2026,16,25,25.2,-999.9,98,-999
7,21,2026,16,25,25.2,-999.9,98,-999
7,21,2026,16,25,25.2,-999.9,97,-999
7,21,2026,16,26,25.1,-999.9,98,-999
7,21,2026,16,26,25.1,-999.9,98,-999
7,21,2026,16,26,25.1,-999.9,98,-999
7,21,2026,16,26,25.1,-999.9,98,-999
7,21,2026,16,26,25.1,-999.9,98,-999
7,21,2026,16,26,25.1,-999.9,98,-999
7,21,2026,16,27,25.1,-999.9,98,-999
7,21,2026,16,27,25.1,-999.9,98,-999
7,21,2026,16,27,25.1,-999.9,98,-999
7,21,2026,16,27,25.1,-999.9,98,-999
7,21,2026,16,27,25.1,-999.9,98,-999
7,21,2026,16,27,25.1,-999.9,98,-999
7,21,2026,16,28,25.1,-999.9,98,-999
7,21,2026,16,28,25,-999.9,98,-999
7,21,2026,16,28,25,-999.9,98,-999
7,21,2026,16,28,25,-999.9,98,-999
7,21,2026,16,28,25,-999.9,98,-999
7,21,2026,16,28,25,-999.9,98,-999
7,21,2026,16,29,25,-999.9,98,-999
7,21,2026,16,29,25,-999.9,98,-999
7,21,2026,16,29,25,-999.9,98,-999
7,21,2026,16,29,25,-999.9,98,-999
7,21,2026,16,29,25,-999.9,98,-999
7,21,2026,16,29,25,-999.9,98,-999
7,21,2026,16,30,25,-999.9,98,-999
7,21,2026,16,30,25,-999.9,98,-999
7,21,2026,16,30,25,-999.9,98,-999
7,21,2026,16,30,25,-999.9,98,-999
7,21,2026,16,30,25,-999.9,98,-999
7,21,2026,16,30,24.9,-999.9,98,-999
7,21,2026,16,31,24.9,-999.9,98,-999
7,21,2026,16,31,24.9,-999.9,98,-999
7,21,2026,16,31,24.9,-999.9,98,-999
7,21,2026,16,31,24.9,-999.9,98,-999
7,21,2026,16,31,24.9,-999.9,98,-999
7,21,2026,16,31,24.9,-999.9,98,-999
7,21,2026,16,32,24.9,-999.9,98,-999
7,21,2026,16,32,24.9,-999.9,98,-999
7,21,2026,16,32,24.9,-999.9,98,-999
7,21,2026,16,32,24.9,-999.9,98,-999
7,21,2026,16,32,24.9,-999.9,98,-999
7,21,2026,16,32,24.9,-999.9,98,-999
7,21,2026,16,33,24.9,-999.9,98,-999
7,21,2026,16,33,24.9,-999.9,98,-999
7,21,2026,16,33,24.9,-999.9,98,-999
7,21,2026,16,33,24.9,-999.9,98,-999
7,21,2026,16,33,24.8,-999.9,98,-999
7,21,2026,16,33,24.8,-999.9,98,-999
7,21,2026,16,34,24.8,-999.9,98,-999
7,21,2026,16,34,24.8,-999.9,98,-999
7,21,2026,16,34,24.8,-999.9,98,-999
7,21,2026,16,34,24.8,-999.9,98,-999
7,21,2026,16,34,24.8,-999.9,98,-999
7,21,2026,16,34,24.8,-999.9,98,-999
7,21,2026,16,35,24.8,-999.9,98,-999
7,21,2026,16,35,24.8,-999.9,98,-999
7,21,2026,16,35,24.8,-999.9,98,-999
7,21,2026,16,35,24.8,-999.9,98,-999
7,21,2026,16,35,24.8,-999.9,98,-999
7,21,2026,16,35,24.8,-999.9,98,-999
7,21,2026,16,36,24.8,-999.9,98,-999
7,21,2026,16,36,24.8,-999.9,98,-999
7,21,2026,16,36,24.8,-999.9,98,-999
7,21,2026,16,36,24.8,-999.9,98,-999
7,21,2026,16,36,24.8,-999.9,98,-999
7,21,2026,16,36,24.8,-999.9,98,-999
7,21,2026,16,37,24.8,-999.9,98,-999
7,21,2026,16,37,24.7,-999.9,98,-999
7,21,2026,16,37,24.7,-999.9,98,-999
7,21,2026,16,37,24.7,-999.9,98,-999
7,21,2026,16,37,24.7,-999.9,98,-999
7,21,2026,16,37,24.7,-999.9,98,-999
7,21,2026,16,38,24.7,-999.9,98,-999
7,21,2026,16,38,24.7,-999.9,98,-999
7,21,2026,16,38,24.7,-999.9,98,-999
7,21,2026,16,38,24.7,-999.9,98,-999
7,21,2026,16,38,24.7,-999.9,98,-999
7,21,2026,16,38,24.7,-999.9,98,-999
7,21,2026,16,39,24.7,-999.9,98,-999
7,21,2026,16,39,24.7,-999.9,98,-999
7,21,2026,16,39,24.7,-999.9,98,-999
7,21,2026,16,39,24.7,-999.9,98,-999
7,21,2026,16,39,24.7,-999.9,98,-999
7,21,2026,16,39,24.7,-999.9,98,-999
7,21,2026,16,40,24.7,-999.9,98,-999
7,21,2026,16,40,24.7,-999.9,98,-999
7,21,2026,16,40,24.6,-999.9,98,-999
7,21,2026,16,40,24.6,-999.9,98,-999
7,21,2026,16,40,24.6,-999.9,98,-999
7,21,2026,16,40,24.6,-999.9,98,-999
7,21,2026,16,41,24.6,-999.9,98,-999
7,21,2026,16,41,24.6,-999.9,98,-999
7,21,2026,16,41,24.6,-999.9,98,-999
7,21,2026,16,41,24.6,-999.9,98,-999
7,21,2026,16,41,24.6,-999.9,98,-999
7,21,2026,16,41,24.6,-999.9,98,-999
7,21,2026,16,42,24.6,-999.9,98,-999
7,21,2026,16,42,24.6,-999.9,98,-999
7,21,2026,16,42,24.6,-999.9,98,-999
7,21,2026,16,42,24.6,-999.9,98,-999
7,21,2026,16,42,24.6,-999.9,98,-999
7,21,2026,16,42,24.6,-999.9,98,-999
7,21,2026,16,43,24.6,-999.9,98,-999
7,21,2026,16,43,24.6,-999.9,98,-999
7,21,2026,16,43,24.6,-999.9,98,-999
7,21,2026,16,43,24.6,-999.9,98,-999
7,21,2026,16,43,24.6,-999.9,98,-999
7,21,2026,16,43,24.6,-999.9,98,-999
7,21,2026,16,44,24.6,-999.9,98,-999
7,21,2026,16,44,24.6,-999.9,98,-999
7,21,2026,16,44,24.6,-999.9,98,-999
7,21,2026,16,44,24.6,-999.9,98,-999
7,21,2026,16,44,24.6,-999.9,98,-999
7,21,2026,16,44,24.5,-999.9,98,-999
7,21,2026,16,45,24.5,-999.9,98,-999
7,21,2026,16,45,24.5,-999.9,98,-999
7,21,2026,16,45,24.5,-999.9,98,-999
7,21,2026,16,45,24.5,-999.9,99,-999
7,21,2026,16,45,24.5,-999.9,99,-999
7,21,2026,16,45,24.5,-999.9,99,-999
7,21,2026,16,46,24.5,-999.9,99,-999
7,21,2026,16,46,24.5,-999.9,99,-999
7,21,2026,16,46,24.5,-999.9,99,-999
7,21,2026,16,46,24.5,-999.9,99,-999
7,21,2026,16,46,24.5,-999.9,99,-999
7,21,2026,16,46,24.5,-999.9,99,-999
7,21,2026,16,47,24.5,-999.9,99,-999
7,21,2026,16,47,24.5,-999.9,98,-999
7,21,2026,16,47,24.5,-999.9,98,-999
7,21,2026,16,47,24.5,-999.9,99,-999
7,21,2026,16,47,24.5,-999.9,99,-999
7,21,2026,16,47,24.5,-999.9,99,-999
7,21,2026,16,48,24.5,-999.9,98,-999
7,21,2026,16,48,24.5,-999.9,98,-999
7,21,2026,16,48,24.5,-999.9,98,-999
7,21,2026,16,48,24.5,-999.9,98,-999
7,21,2026,16,48,24.5,-999.9,98,-999
7,21,2026,16,48,24.5,-999.9,98,-999
7,21,2026,16,49,24.5,-999.9,98,-999
7,21,2026,16,49,24.5,-999.9,99,-999
7,21,2026,16,49,24.5,-999.9,99,-999
7,21,2026,16,49,24.5,-999.9,99,-999
7,21,2026,16,49,24.5,-999.9,98,-999
7,21,2026,16,49,24.5,-999.9,99,-999
7,21,2026,16,50,24.5,-999.9,99,-999
7,21,2026,16,50,24.5,-999.9,99,-999
7,21,2026,16,50,24.5,-999.9,99,-999
7,21,2026,16,50,24.4,-999.9,99,-999
7,21,2026,16,50,24.4,-999.9,98,-999
7,21,2026,16,50,24.4,-999.9,98,-999
7,21,2026,16,51,24.4,-999.9,98,-999
7,21,2026,16,51,24.4,-999.9,98,-999
7,21,2026,16,51,24.4,-999.9,99,-999
7,21,2026,16,51,24.4,-999.9,99,-999
7,21,2026,16,51,24.4,-999.9,99,-999
7,21,2026,16,51,24.4,-999.9,99,-999
7,21,2026,16,52,24.4,-999.9,99,-999
7,21,2026,16,52,24.4,-999.9,99,-999
7,21,2026,16,52,24.4,-999.9,99,-999
7,21,2026,16,52,24.4,-999.9,99,-999
7,21,2026,16,52,24.4,-999.9,99,-999
7,21,2026,16,52,24.4,-999.9,99,-999
7,21,2026,16,53,24.4,-999.9,99,-999
7,21,2026,16,53,24.4,-999.9,99,-999
7,21,2026,16,53,24.4,-999.9,99,-999
7,21,2026,16,53,24.4,-999.9,99,-999
7,21,2026,16,53,24.4,-999.9,98,-999
7,21,2026,16,53,24.4,-999.9,99,-999
7,21,2026,16,54,24.4,-999.9,99,-999
7,21,2026,16,54,24.4,-999.9,99,-999
7,21,2026,16,54,24.4,-999.9,99,-999
7,21,2026,16,54,24.4,-999.9,99,-999
7,21,2026,16,54,24.4,-999.9,99,-999
7,21,2026,16,54,24.4,-999.9,99,-999
7,21,2026,16,55,24.4,-999.9,99,-999
7,21,2026,16,55,24.4,-999.9,99,-999
7,21,2026,16,55,24.4,-999.9,98,-999
7,21,2026,16,55,24.4,-999.9,98,-999
7,21,2026,16,55,24.4,-999.9,98,-999
7,21,2026,16,55,24.4,-999.9,99,-999
7,21,2026,16,56,24.4,-999.9,99,-999
7,21,2026,16,56,24.4,-999.9,99,-999
7,21,2026,16,56,24.4,-999.9,99,-999
7,21,2026,16,56,24.4,-999.9,100,-999
7,21,2026,16,56,24.4,-999.9,100,-999
7,21,2026,16,56,24.4,-999.9,99,-999
7,21,2026,16,57,24.4,-999.9,99,-999
7,21,2026,16,57,24.4,-999.9,100,-999
7,21,2026,16,57,24.4,-999.9,99,-999
7,21,2026,16,57,24.4,-999.9,99,-999
7,21,2026,16,57,24.4,-999.9,99,-999
7,21,2026,16,57,24.4,-999.9,99,-999
7,21,2026,16,58,24.4,-999.9,99,-999
7,21,2026,16,58,24.4,-999.9,99,-999
7,21,2026,16,58,24.4,-999.9,99,-999
7,21,2026,16,58,24.4,-999.9,99,-999
7,21,2026,16,58,24.4,-999.9,100,-999
7,21,2026,16,58,24.4,-999.9,99,-999
7,21,2026,16,59,24.4,-999.9,99,-999
7,21,2026,16,59,24.4,-999.9,99,-999
7,21,2026,16,59,24.4,-999.9,99,-999
7,21,2026,16,59,24.4,-999.9,100,-999
7,21,2026,16,59,24.3,-999.9,100,-999
7,21,2026,16,59,24.4,-999.9,100,-999
7,21,2026,17,00,24.4,-999.9,100,-999
7,21,2026,17,00,24.4,-999.9,100,-999
7,21,2026,17,00,24.3,-999.9,100,-999
7,21,2026,17,00,24.3,-999.9,100,-999
7,21,2026,17,00,24.3,-999.9,100,-999
7,21,2026,17,00,24.3,-999.9,100,-999
7,21,2026,17,01,24.4,-999.9,100,-999
7,21,2026,17,01,24.3,-999.9,100,-999
7,21,2026,17,01,24.3,-999.9,100,-999
7,21,2026,17,01,24.3,-999.9,100,-999
7,21,2026,17,01,24.3,-999.9,100,-999
7,21,2026,17,01,24.3,-999.9,100,-999
7,21,2026,17,02,24.3,-999.9,99,-999
7,21,2026,17,02,24.3,-999.9,99,-999
7,21,2026,17,02,24.3,-999.9,99,-999
7,21,2026,17,02,24.3,-999.9,99,-999
7,21,2026,17,02,24.3,-999.9,99,-999
7,21,2026,17,02,24.3,-999.9,99,-999
7,21,2026,17,03,24.3,-999.9,99,-999
7,21,2026,17,03,24.3,-999.9,99,-999
7,21,2026,17,03,24.3,-999.9,99,-999
7,21,2026,17,03,24.3,-999.9,100,-999
7,21,2026,17,03,24.3,-999.9,100,-999
7,21,2026,17,03,24.3,-999.9,100,-999
7,21,2026,17,04,24.3,-999.9,99,-999
7,21,2026,17,04,24.3,-999.9,99,-999
7,21,2026,17,04,24.3,-999.9,99,-999
7,21,2026,17,04,24.3,-999.9,99,-999
7,21,2026,17,04,24.3,-999.9,99,-999
7,21,2026,17,04,24.3,-999.9,99,-999
7,21,2026,17,05,24.3,-999.9,99,-999
7,21,2026,17,05,24.3,-999.9,99,-999
7,21,2026,17,05,24.3,-999.9,100,-999
7,21,2026,17,05,24.3,-999.9,100,-999
7,21,2026,17,05,24.3,-999.9,100,-999
7,21,2026,17,05,24.3,-999.9,100,-999
7,21,2026,17,06,24.3,-999.9,99,-999
7,21,2026,17,06,24.3,-999.9,99,-999
7,21,2026,17,06,24.3,-999.9,99,-999
7,21,2026,17,06,24.3,-999.9,99,-999
7,21,2026,17,06,24.3,-999.9,99,-999
7,21,2026,17,06,24.3,-999.9,99,-999
7,21,2026,17,07,24.3,-999.9,99,-999
7,21,2026,17,07,24.3,-999.9,99,-999
7,21,2026,17,07,24.3,-999.9,99,-999
7,21,2026,17,07,24.3,-999.9,99,-999
7,21,2026,17,07,24.3,-999.9,99,-999
7,21,2026,17,07,24.3,-999.9,99,-999
7,21,2026,17,08,24.3,-999.9,99,-999
7,21,2026,17,08,24.3,-999.9,99,-999
7,21,2026,17,08,24.3,-999.9,99,-999
7,21,2026,17,08,24.2,-999.9,99,-999
7,21,2026,17,08,24.3,-999.9,99,-999
7,21,2026,17,08,24.3,-999.9,100,-999
7,21,2026,17,09,24.3,-999.9,100,-999
7,21,2026,17,09,24.3,-999.9,99,-999
7,21,2026,17,09,24.3,-999.9,99,-999
7,21,2026,17,09,24.3,-999.9,99,-999
7,21,2026,17,09,24.3,-999.9,99,-999
7,21,2026,17,09,24.3,-999.9,99,-999
7,21,2026,17,10,24.3,-999.9,99,-999
7,21,2026,17,10,24.3,-999.9,99,-999
7,21,2026,17,10,24.3,-999.9,99,-999
7,21,2026,17,10,24.3,-999.9,99,-999
7,21,2026,17,10,24.3,-999.9,99,-999
7,21,2026,17,10,24.2,-999.9,99,-999
7,21,2026,17,11,24.2,-999.9,99,-999
7,21,2026,17,11,24.2,-999.9,99,-999
7,21,2026,17,11,24.2,-999.9,99,-999
7,21,2026,17,11,24.2,-999.9,99,-999
7,21,2026,17,11,24.2,-999.9,99,-999
7,21,2026,17,11,24.2,-999.9,99,-999
7,21,2026,17,12,24.2,-999.9,99,-999
7,21,2026,17,12,24.2,-999.9,99,-999
7,21,2026,17,12,24.2,-999.9,99,-999
7,21,2026,17,12,24.2,-999.9,99,-999
7,21,2026,17,12,24.2,-999.9,99,-999
7,21,2026,17,12,24.2,-999.9,99,-999
7,21,2026,17,13,24.2,-999.9,99,-999
7,21,2026,17,13,24.2,-999.9,100,-999
7,21,2026,17,13,24.2,-999.9,100,-999
7,21,2026,17,13,24.2,-999.9,100,-999
7,21,2026,17,13,24.2,-999.9,100,-999
7,21,2026,17,13,24.2,-999.9,100,-999
7,21,2026,17,14,24.2,-999.9,100,-999
7,21,2026,17,14,24.2,-999.9,100,-999
7,21,2026,17,14,24.2,-999.9,100,-999
7,21,2026,17,14,24.2,-999.9,100,-999
7,21,2026,17,14,24.2,-999.9,100,-999
7,21,2026,17,14,24.2,-999.9,100,-999
7,21,2026,17,15,24.2,-999.9,100,-999
7,21,2026,17,15,24.2,-999.9,100,-999
7,21,2026,17,15,24.2,-999.9,100,-999
7,21,2026,17,15,24.2,25,100,20
7,21,2026,17,15,23.6,25,100,20
7,21,2026,17,15,23.2,25,100,20
7,21,2026,17,16,23.7,25,100,20
7,21,2026,17,16,24.4,25,95,20
7,21,2026,17,16,24.8,25,90,20
7,21,2026,17,16,25,25,81,20
7,21,2026,17,16,25,25,66,20
7,21,2026,17,16,25,25,54,20
7,21,2026,17,17,24.9,25,48,20
7,21,2026,17,17,24.9,25,43,20
7,21,2026,17,17,25,25,40,20
7,21,2026,17,17,25.1,25,37,20
7,21,2026,17,17,25.2,25,36,20
7,21,2026,17,17,25.3,25,36,20
7,21,2026,17,18,25.3,25,37,20
7,21,2026,17,18,25.3,25,39,20
7,21,2026,17,18,25.2,25,41,20
7,21,2026,17,18,25.2,25,43,20
7,21,2026,17,18,25.1,25,44,20
7,21,2026,17,18,25.1,25,45,20
7,21,2026,17,19,25.1,25,46,20
7,21,2026,17,19,25.1,25,46,20
7,21,2026,17,19,25,25,47,20
7,21,2026,17,19,25,25,47,20
7,21,2026,17,19,25,25,47,20
7,21,2026,17,19,25,25,47,20
7,21,2026,17,20,25,25,47,20
7,21,2026,17,20,25,25,47,20
7,21,2026,17,20,25,25,46,20
7,21,2026,17,20,25,25,46,20
7,21,2026,17,20,25,25,46,20
7,21,2026,17,20,25,25,46,20
7,21,2026,17,21,25,25,45,20
7,21,2026,17,21,25,25,45,20
7,21,2026,17,21,25,25,45,20
7,21,2026,17,21,25,25,45,20
7,21,2026,17,21,25,25,45,20
7,21,2026,17,21,25,25,44,20
7,21,2026,17,22,25,25,44,20
7,21,2026,17,22,25,25,43,20
7,21,2026,17,22,25,25,43,20
7,21,2026,17,22,25,25,43,20
7,21,2026,17,22,25,25,42,20
7,21,2026,17,22,25,25,42,20
7,21,2026,17,23,25,25,41,20
7,21,2026,17,23,24.9,25,41,20
7,21,2026,17,23,25,25,40,20
7,21,2026,17,23,25,25,40,20
7,21,2026,17,23,24.9,25,39,20
7,21,2026,17,23,25,25,39,20
7,21,2026,17,24,24.9,25,38,20
7,21,2026,17,24,24.9,25,38,20
7,21,2026,17,24,25,25,37,20
7,21,2026,17,24,25,25,37,20
7,21,2026,17,24,25,25,37,20
7,21,2026,17,24,25,25,36,20
7,21,2026,17,25,25,25,36,20
7,21,2026,17,25,25,25,35,20
7,21,2026,17,25,25,25,35,20
7,21,2026,17,25,24.9,25,35,20
7,21,2026,17,25,24.9,25,34,20
7,21,2026,17,25,24.9,25,34,20
7,21,2026,17,26,25,25,33,20
7,21,2026,17,26,25,25,33,20
7,21,2026,17,26,25,25,32,20
7,21,2026,17,26,25,25,32,20
7,21,2026,17,26,25,25,32,20
7,21,2026,17,26,25,25,32,20
7,21,2026,17,27,25,25,31,20
7,21,2026,17,27,25,25,31,20
7,21,2026,17,27,25,25,31,20
7,21,2026,17,27,25,25,30,20
7,21,2026,17,27,25,25,30,20
7,21,2026,17,27,24.9,25,29,20
7,21,2026,17,28,24.9,25,29,20
7,21,2026,17,28,24.9,25,29,20
7,21,2026,17,28,24.9,25,28,20
7,21,2026,17,28,25,25,28,20
7,21,2026,17,28,25,25,28,20
7,21,2026,17,28,25,25,27,20
7,21,2026,17,29,25,25,27,20
7,21,2026,17,29,24.9,25,27,20
7,21,2026,17,29,24.9,25,27,20
7,21,2026,17,29,24.9,25,26,20
7,21,2026,17,29,25,25,26,20
7,21,2026,17,29,25,25,26,20
7,21,2026,17,30,25,25,25,20
7,21,2026,17,30,24.9,25,25,20
7,21,2026,17,30,24.9,25,25,20
7,21,2026,17,30,25,25,25,20
7,21,2026,17,30,25,25,25,20
7,21,2026,17,30,24.9,25,24,20
7,21,2026,17,31,25,25,24,20
7,21,2026,17,31,25,25,24,20
7,21,2026,17,31,25,25,24,20
7,21,2026,17,31,25,25,24,20
7,21,2026,17,31,25,25,24,20
7,21,2026,17,31,25,25,23,20
7,21,2026,17,32,24.9,25,23,20
7,21,2026,17,32,24.9,25,23,20
7,21,2026,17,32,24.9,25,23,20
7,21,2026,17,32,24.9,25,23,20
7,21,2026,17,32,24.9,25,23,20
7,21,2026,17,32,25,25,23,20
7,21,2026,17,33,25,25,23,20
7,21,2026,17,33,24.9,25,23,20
7,21,2026,17,33,25,25,23,20
7,21,2026,17,33,25,25,23,20
7,21,2026,17,33,24.9,25,23,20
7,21,2026,17,33,24.9,25,23,20
7,21,2026,17,34,24.9,25,22,20
7,21,2026,17,34,24.9,25,22,20
7,21,2026,17,34,24.9,25,22,20
7,21,2026,17,34,25,25,22,20
7,21,2026,17,34,25,25,22,20
7,21,2026,17,34,25,25,22,20
7,21,2026,17,35,25,25,22,20
7,21,2026,17,35,24.9,25,22,20
7,21,2026,17,35,24.9,25,22,20
7,21,2026,17,35,24.9,25,22,20
7,21,2026,17,35,24.9,25,22,20
7,21,2026,17,35,24.9,25,22,20
7,21,2026,17,36,24.9,25,22,20
7,21,2026,17,36,24.9,25,22,20
7,21,2026,17,36,24.9,25,22,20
7,21,2026,17,36,24.9,25,22,20
7,21,2026,17,36,24.9,25,22,20
7,21,2026,17,36,24.9,25,22,20
7,21,2026,17,37,24.9,25,21,20
7,21,2026,17,37,25,25,21,20
7,21,2026,17,37,25,25,21,20
7,21,2026,17,37,24.9,25,21,20
7,21,2026,17,37,24.9,25,21,20
7,21,2026,17,37,24.9,25,21,20
7,21,2026,17,38,25,25,21,20
7,21,2026,17,38,24.9,25,21,20
7,21,2026,17,38,24.9,25,21,20
7,21,2026,17,38,24.9,25,21,20
7,21,2026,17,38,24.9,25,21,20
7,21,2026,17,38,24.9,25,21,20
7,21,2026,17,39,24.9,25,21,20
7,21,2026,17,39,25,25,21,20
7,21,2026,17,39,25,25,21,20
7,21,2026,17,39,25,25,21,20
7,21,2026,17,39,24.9,25,21,20
7,21,2026,17,39,24.9,25,21,20
7,21,2026,17,40,25,25,21,20
7,21,2026,17,40,25,25,21,20
7,21,2026,17,40,25,25,21,20
7,21,2026,17,40,24.9,25,21,20
7,21,2026,17,40,24.9,25,21,20
7,21,2026,17,40,24.9,25,21,20
7,21,2026,17,41,24.9,25,21,20
7,21,2026,17,41,24.9,25,21,20
7,21,2026,17,41,24.9,25,21,20
7,21,2026,17,41,24.9,25,21,20
7,21,2026,17,41,24.9,25,21,20
7,21,2026,17,41,24.9,25,21,20
7,21,2026,17,42,24.9,25,21,20
7,21,2026,17,42,24.9,25,21,20
7,21,2026,17,42,24.9,25,21,20
7,21,2026,17,42,24.9,25,21,20
7,21,2026,17,42,24.9,25,21,20
7,21,2026,17,42,25,25,21,20
7,21,2026,17,43,25,25,21,20
7,21,2026,17,43,25,25,21,20
7,21,2026,17,43,25,25,21,20
7,21,2026,17,43,25,25,21,20
7,21,2026,17,43,25,25,21,20
7,21,2026,17,43,25,25,21,20
7,21,2026,17,44,25,25,21,20
7,21,2026,17,44,25,25,21,20
7,21,2026,17,44,25,25,21,20
7,21,2026,17,44,25,25,21,20
7,21,2026,17,44,25,25,21,20
7,21,2026,17,44,25,25,21,20
7,21,2026,17,45,25,25,21,20
7,21,2026,17,45,25,25,21,20
7,21,2026,17,45,25,25,21,20
7,21,2026,17,45,25,25,21,20
7,21,2026,17,45,25,25,21,20
7,21,2026,17,45,25,25,21,20
7,21,2026,17,46,25,25,21,20
7,21,2026,17,46,25,25,21,20
7,21,2026,17,46,25,25,21,20
7,21,2026,17,46,25,25,21,20
7,21,2026,17,46,25,25,21,20
7,21,2026,17,46,25,25,21,20
7,21,2026,17,47,25,25,21,20
7,21,2026,17,47,25,25,21,20
7,21,2026,17,47,25,25,21,20
7,21,2026,17,47,25,25,21,20
7,21,2026,17,47,25,25,21,20
7,21,2026,17,47,25,25,21,20
7,21,2026,17,48,25,25,20,20
7,21,2026,17,48,25,25,20,20
7,21,2026,17,48,25,25,20,20
7,21,2026,17,48,25,25,20,20
7,21,2026,17,48,25,25,20,20
7,21,2026,17,48,25,25,20,20
7,21,2026,17,49,25,25,20,20
7,21,2026,17,49,25,25,20,20
7,21,2026,17,49,25,25,20,20
7,21,2026,17,49,25,25,20,20
7,21,2026,17,49,25,25,20,20
7,21,2026,17,49,25,25,20,20
7,21,2026,17,50,25,25,20,20
7,21,2026,17,50,25,25,20,20
7,21,2026,17,50,25,25,20,20
7,21,2026,17,50,25,25,20,20
7,21,2026,17,50,25,25,20,20
7,21,2026,17,50,25,25,20,20
7,21,2026,17,51,25,25,20,20
7,21,2026,17,51,25,25,20,20
7,21,2026,17,51,25,25,20,20
7,21,2026,17,51,25,25,20,20
7,21,2026,17,51,25,25,20,20
7,21,2026,17,51,25,25,20,20
7,21,2026,17,52,25,25,20,20
7,21,2026,17,52,25,25,20,20
7,21,2026,17,52,25,25,20,20
7,21,2026,17,52,25,25,20,20
7,21,2026,17,52,25,25,20,20
7,21,2026,17,52,25,25,20,20
7,21,2026,17,53,25,25,20,20
7,21,2026,17,53,25,25,20,20
7,21,2026,17,53,25,25,20,20
7,21,2026,17,53,25,25,20,20
7,21,2026,17,53,25,25,20,20
7,21,2026,17,53,25,25,20,20
7,21,2026,17,54,25,25,20,20
7,21,2026,17,54,25,25,20,20
7,21,2026,17,54,25,25,20,20
7,21,2026,17,54,25,25,20,20
7,21,2026,17,54,25,25,20,20
7,21,2026,17,54,25,25,20,20
7,21,2026,17,55,25,25,20,20
7,21,2026,17,55,25,25,20,20
7,21,2026,17,55,25,25,20,20
7,21,2026,17,55,25,25,20,20
7,21,2026,17,55,25,25,20,20
7,21,2026,17,55,25,25,20,20
7,21,2026,17,56,25,25,20,20
7,21,2026,17,56,25,25,20,20
7,21,2026,17,56,25,25,20,20
7,21,2026,17,56,25,25,20,20
7,21,2026,17,56,25,25,20,20
7,21,2026,17,56,25,25,20,20
7,21,2026,17,57,25,25,20,20
7,21,2026,17,57,25,25,20,20
7,21,2026,17,57,25,25,20,20
7,21,2026,17,57,25,25,20,20
7,21,2026,17,57,25,25,20,20
7,21,2026,17,57,25,25,20,20
7,21,2026,17,58,25,25,20,20
7,21,2026,17,58,25,25,20,20
7,21,2026,17,58,25,25,20,20
7,21,2026,17,58,25,25,20,20
7,21,2026,17,58,25,25,20,20
7,21,2026,17,58,25,25,20,20
7,21,2026,17,59,25,25,20,20
7,21,2026,17,59,25,25,20,20
7,21,2026,17,59,25,25,20,20
7,21,2026,17,59,25,25,20,20
7,21,2026,17,59,25,25,20,20
7,21,2026,17,59,25,25,20,20
7,21,2026,18,00,25,25,20,20
7,21,2026,18,00,25,25,20,20
7,21,2026,18,00,25,25,20,20
7,21,2026,18,00,25,25,20,20
7,21,2026,18,00,25,25,20,20
7,21,2026,18,00,25,25,20,20
7,21,2026,18,01,25,25,20,20
7,21,2026,18,01,25,25,20,20
7,21,2026,18,01,25,25,20,20
7,21,2026,18,01,25,25,20,20
7,21,2026,18,01,25,25,20,20
7,21,2026,18,01,25,25,20,20
7,21,2026,18,02,25,25,20,20
7,21,2026,18,02,25,25,20,20
7,21,2026,18,02,25,25,20,20
7,21,2026,18,02,25,25,20,20
7,21,2026,18,02,25,25,20,20
7,21,2026,18,02,25,25,20,20
7,21,2026,18,03,25,25,20,20
7,21,2026,18,03,25,25,20,20
7,21,2026,18,03,25,25,20,20
7,21,2026,18,03,25,25,20,20
7,21,2026,18,03,25,25,20,20
7,21,2026,18,03,25,25,20,20
7,21,2026,18,04,25,25,20,20
7,21,2026,18,04,25,25,20,20
7,21,2026,18,04,25,25,20,20
7,21,2026,18,04,25,25,20,20
7,21,2026,18,04,25,25,20,20
7,21,2026,18,04,25,25,20,20
7,21,2026,18,05,25,25,20,20
7,21,2026,18,05,25,25,20,20
7,21,2026,18,05,25,25,20,20
7,21,2026,18,05,25,25,20,20
7,21,2026,18,05,25,25,20,20
7,21,2026,18,05,25,25,20,20
7,21,2026,18,06,25,25,20,20
7,21,2026,18,06,25,25,20,20
7,21,2026,18,06,25,25,20,20
7,21,2026,18,06,25,25,20,20
7,21,2026,18,06,25,25,20,20
7,21,2026,18,06,25,25,20,20
7,21,2026,18,07,25,25,20,20
7,21,2026,18,07,25,25,20,20
7,21,2026,18,07,25,25,20,20
7,21,2026,18,07,25,25,20,20
7,21,2026,18,07,25,25,20,20
7,21,2026,18,07,25,25,20,20
7,21,2026,18,08,25,25,20,20
7,21,2026,18,08,25,25,20,20
7,21,2026,18,08,25,25,20,20
7,21,2026,18,08,25,25,20,20
7,21,2026,18,08,25,25,20,20
7,21,2026,18,08,25,25,20,20
7,21,2026,18,09,25,25,20,20
7,21,2026,18,09,25,25,20,20
7,21,2026,18,09,25,25,20,20
7,21,2026,18,09,25,25,20,20
7,21,2026,18,09,25,25,20,20
7,21,2026,18,09,25,25,20,20
7,21,2026,18,10,25,25,20,20
7,21,2026,18,10,25,25,20,20
7,21,2026,18,10,25,25,20,20
7,21,2026,18,10,25,25,20,20
7,21,2026,18,10,25,25,20,20
7,21,2026,18,10,25,25,20,20
7,21,2026,18,11,25,25,20,20
7,21,2026,18,11,25,25,20,20
7,21,2026,18,11,25,25,20,20
7,21,2026,18,11,25,25,20,20
7,21,2026,18,11,25,25,20,20
7,21,2026,18,11,25,25,20,20
7,21,2026,18,12,25,25,20,20
7,21,2026,18,12,25,25,20,20
7,21,2026,18,12,25,25,20,20
7,21,2026,18,12,25,25,20,20
7,21,2026,18,12,25,25,20,20
7,21,2026,18,12,25,25,20,20
7,21,2026,18,13,25,25,20,20
7,21,2026,18,13,25,25,20,20
7,21,2026,18,13,25,25,20,20
7,21,2026,18,13,25,25,20,20
7,21,2026,18,13,25,25,20,20
7,21,2026,18,13,25,25,20,20
7,21,2026,18,14,25,25,20,20
7,21,2026,18,14,25,25,20,20
7,21,2026,18,14,25,25,20,20
7,21,2026,18,14,25,25,20,20
7,21,2026,18,14,25,25,20,20
7,21,2026,18,14,25,25,20,20
7,21,2026,18,15,25,25,20,20
7,21,2026,18,15,25,25,20,20
7,21,2026,18,15,25,25,20,20
7,21,2026,18,15,25,25,20,20
7,21,2026,18,15,25,25,20,20
7,21,2026,18,15,25,25,20,20
7,21,2026,18,16,25,25,20,20
7,21,2026,18,16,25,25,20,20
7,21,2026,18,16,25,25,20,20
7,21,2026,18,16,25,25,20,20
7,21,2026,18,16,25,25,20,20
7,21,2026,18,16,25,25,20,20
7,21,2026,18,17,25,25,20,20
7,21,2026,18,17,25,25,20,20
7,21,2026,18,17,25,25,20,20
7,21,2026,18,17,25,25,20,20
7,21,2026,18,17,25,25,20,20
7,21,2026,18,17,25,25,20,20
7,21,2026,18,18,25,25,20,20
7,21,2026,18,18,25,25,20,20
7,21,2026,18,18,25,25,20,20
7,21,2026,18,18,25,25,20,20
7,21,2026,18,18,25,25,20,20
7,21,2026,18,18,25,25,20,20
7,21,2026,18,19,25,25,20,20
7,21,2026,18,19,25,25,20,20
7,21,2026,18,19,25,25,20,20
7,21,2026,18,19,25,25,20,20
7,21,2026,18,19,25,25,20,20
7,21,2026,18,19,25,25,20,20
7,21,2026,18,20,25,25,20,20
7,21,2026,18,20,25,25,20,20
7,21,2026,18,20,25,25,20,20
7,21,2026,18,20,25,25,20,20
7,21,2026,18,20,25,25,20,20
7,21,2026,18,20,25,25,20,20
7,21,2026,18,21,25,25,20,20
7,21,2026,18,21,25,25,20,20
7,21,2026,18,21,25,25,20,20
7,21,2026,18,21,25,25,20,20
7,21,2026,18,21,25,25,20,20
7,21,2026,18,21,25,25,20,20
7,21,2026,18,22,25,25,20,20
7,21,2026,18,22,25,25,20,20
7,21,2026,18,22,25,25,20,20
7,21,2026,18,22,25,25,20,20
7,21,2026,18,22,25,25,20,20
7,21,2026,18,22,25,25,20,20
7,21,2026,18,23,25,25,20,20
7,21,2026,18,23,25,25,20,20
7,21,2026,18,23,25,25,20,20
7,21,2026,18,23,25,25,20,20
7,21,2026,18,23,25,25,20,20
7,21,2026,18,23,25,25,20,20
7,21,2026,18,24,25,25,20,20
7,21,2026,18,24,25,25,20,20
7,21,2026,18,24,25,25,20,20
7,21,2026,18,24,25,25,20,20
7,21,2026,18,24,25,25,20,20
7,21,2026,18,24,25,25,20,20
7,21,2026,18,25,25,25,20,20
7,21,2026,18,25,25,25,20,20
7,21,2026,18,25,25,25,20,20
7,21,2026,18,25,25,25,20,20
7,21,2026,18,25,25,25,20,20
7,21,2026,18,25,25,25,20,20
7,21,2026,18,26,25,25,20,20
7,21,2026,18,26,25,25,20,20
7,21,2026,18,26,25,25,20,20
7,21,2026,18,26,25,25,20,20
7,21,2026,18,26,25,25,20,20
7,21,2026,18,26,25,25,20,20
7,21,2026,18,27,25,25,20,20
7,21,2026,18,27,25,25,20,20
7,21,2026,18,27,25,25,20,20
7,21,2026,18,27,25,25,20,20
7,21,2026,18,27,25,25,20,20
7,21,2026,18,27,25,25,20,20
7,21,2026,18,28,25,25,20,20
7,21,2026,18,28,25,25,20,20
7,21,2026,18,28,25,25,20,20
7,21,2026,18,28,25,25,20,20
7,21,2026,18,28,25,25,20,20
7,21,2026,18,28,25,25,20,20
7,21,2026,18,29,25,25,20,20
7,21,2026,18,29,25,25,20,20
7,21,2026,18,29,25,25,20,20
7,21,2026,18,29,25,25,20,20
7,21,2026,18,29,25,25,20,20
7,21,2026,18,29,25,25,20,20
7,21,2026,18,30,25,25,20,20
7,21,2026,18,30,25,25,20,20
7,21,2026,18,30,25,25,20,20
7,21,2026,18,30,25,25,20,20
7,21,2026,18,30,25,25,20,20
7,21,2026,18,30,25,25,20,20
7,21,2026,18,31,25,25,20,20
7,21,2026,18,31,25,25,20,20
7,21,2026,18,31,25,25,20,20
7,21,2026,18,31,25,25,20,20
7,21,2026,18,31,25,25,20,20
7,21,2026,18,31,25,25,20,20
7,21,2026,18,32,25,25,20,20
7,21,2026,18,32,25,25,20,20
7,21,2026,18,32,25,25,20,20
7,21,2026,18,32,25,25,20,20
7,21,2026,18,32,25,25,20,20
7,21,2026,18,32,25,25,20,20
7,21,2026,18,33,25,25,20,20
7,21,2026,18,33,25,25,20,20
7,21,2026,18,33,25,25,20,20
7,21,2026,18,33,25,25,20,20
7,21,2026,18,33,25,25,20,20
7,21,2026,18,33,25,25,20,20
7,21,2026,18,34,25,25,20,20
7,21,2026,18,34,25,25,20,20
7,21,2026,18,34,25,25,20,20
7,21,2026,18,34,25,25,20,20
7,21,2026,18,34,25,25,20,20
7,21,2026,18,34,25,25,20,20
7,21,2026,18,35,25,25,20,20
7,21,2026,18,35,25,25,20,20
7,21,2026,18,35,25,25,20,20
7,21,2026,18,35,25,25,20,20
7,21,2026,18,35,25,25,20,20
7,21,2026,18,35,25,25,20,20
7,21,2026,18,36,25,25,20,20
7,21,2026,18,36,25,25,20,20
7,21,2026,18,36,25,25,20,20
7,21,2026,18,36,25,25,20,20
7,21,2026,18,36,25,25,20,20
7,21,2026,18,36,25,25,20,20
7,21,2026,18,37,25,25,20,20
7,21,2026,18,37,25,25,20,20
7,21,2026,18,37,25,25,20,20
7,21,2026,18,37,25,25,20,20
7,21,2026,18,37,25,25,20,20
7,21,2026,18,37,25,25,20,20
7,21,2026,18,38,25,25,20,20
7,21,2026,18,38,25,25,20,20
7,21,2026,18,38,25,25,20,20
7,21,2026,18,38,25,25,20,20
7,21,2026,18,38,25,25,20,20
7,21,2026,18,38,25,25,20,20
7,21,2026,18,39,25,25,20,20
7,21,2026,18,39,25,25,20,20
7,21,2026,18,39,25,25,20,20
7,21,2026,18,39,25,25,20,20
7,21,2026,18,39,25,25,20,20
7,21,2026,18,39,25,25,20,20
7,21,2026,18,40,25,25,20,20
7,21,2026,18,40,25,25,20,20
7,21,2026,18,40,25,25,20,20
7,21,2026,18,40,25,25,20,20
7,21,2026,18,40,25,25,20,20
7,21,2026,18,40,25,25,20,20
7,21,2026,18,41,25,25,20,20
7,21,2026,18,41,25,25,20,20
7,21,2026,18,41,25,25,20,20
7,21,2026,18,41,25,25,20,20
7,21,2026,18,41,25,25,20,20
7,21,2026,18,41,25,25,20,20
7,21,2026,18,42,25,25,20,20
7,21,2026,18,42,25,25,20,20
7,21,2026,18,42,25,25,20,20
7,21,2026,18,42,25,25,20,20
7,21,2026,18,42,25,25,20,20
7,21,2026,18,42,25,25,20,20
7,21,2026,18,43,25,25,20,20
7,21,2026,18,43,25,25,20,20
7,21,2026,18,43,25,25,20,20
7,21,2026,18,43,25,25,20,20
7,21,2026,18,43,25,25,20,20
7,21,2026,18,43,25,25,20,20
7,21,2026,18,44,25,25,20,20
7,21,2026,18,44,25,25,20,20
7,21,2026,18,44,25,25,20,20
7,21,2026,18,44,25,25,20,20
7,21,2026,18,44,25,25,20,20
7,21,2026,18,44,25,25,20,20
7,21,2026,18,45,25,25,20,20
7,21,2026,18,45,25,25,20,20
7,21,2026,18,45,25,25,20,20
7,21,2026,18,45,25,25,20,20
7,21,2026,18,45,25,25,20,20
7,21,2026,18,45,25,25,20,20
7,21,2026,18,46,25,25,20,20
7,21,2026,18,46,25,25,20,20
7,21,2026,18,46,25,25,20,20
7,21,2026,18,46,25,25,20,20
7,21,2026,18,46,25,25,20,20
7,21,2026,18,46,25,25,20,20
7,21,2026,18,47,25,25,20,20
7,21,2026,18,47,25,25,20,20
7,21,2026,18,47,25,25,20,20
7,21,2026,18,47,25,25,20,20
7,21,2026,18,47,25,25,20,20
7,21,2026,18,47,25,25,20,20
7,21,2026,18,48,25,25,20,20
7,21,2026,18,48,25,25,20,20
7,21,2026,18,48,25,25,20,20
7,21,2026,18,48,25,25,20,20
7,21,2026,18,48,25,25,20,20
7,21,2026,18,48,25,25,20,20
7,21,2026,18,49,25,25,20,20
7,21,2026,18,49,25,25,20,20
7,21,2026,18,49,25,25,20,20
7,21,2026,18,49,25,25,20,20
7,21,2026,18,49,25,25,20,20
7,21,2026,18,49,25,25,20,20
7,21,2026,18,50,25,25,20,20
7,21,2026,18,50,25,25,20,20
7,21,2026,18,50,25,25,20,20
7,21,2026,18,50,25,25,20,20
7,21,2026,18,50,25,25,20,20
7,21,2026,18,50,25,25,20,20
7,21,2026,18,51,25,25,20,20
7,21,2026,18,51,25,25,20,20
7,21,2026,18,51,25,25,20,20
7,21,2026,18,51,25,25,20,20
7,21,2026,18,51,25,25,20,20
7,21,2026,18,51,25,25,20,20
7,21,2026,18,52,25,25,20,20
7,21,2026,18,52,25,25,20,20
7,21,2026,18,52,25,25,20,20
7,21,2026,18,52,25,25,20,20
7,21,2026,18,52,25,25,20,20
7,21,2026,18,52,25,25,20,20
7,21,2026,18,53,25,25,20,20
7,21,2026,18,53,25,25,20,20
7,21,2026,18,53,25,25,20,20
7,21,2026,18,53,25,25,20,20
7,21,2026,18,53,25,25,20,20
7,21,2026,18,53,25,25,20,20
7,21,2026,18,54,25,25,20,20
7,21,2026,18,54,25,25,20,20
7,21,2026,18,54,25,25,20,20
7,21,2026,18,54,25,25,20,20
7,21,2026,18,54,25,25,20,20
7,21,2026,18,54,25,25,20,20
7,21,2026,18,55,25,25,20,20
7,21,2026,18,55,25,25,20,20
7,21,2026,18,55,25,25,20,20
7,21,2026,18,55,25,25,20,20
7,21,2026,18,55,25,25,20,20
7,21,2026,18,55,25,25,20,20
7,21,2026,18,56,25,25,20,20
7,21,2026,18,56,25,25,20,20
7,21,2026,18,56,25,25,20,20
7,21,2026,18,56,25,25,20,20
7,21,2026,18,56,25,25,20,20
7,21,2026,18,56,25,25,21,20
7,21,2026,18,57,25,25,20,20
7,21,2026,18,57,25,25,20,20
7,21,2026,18,57,25,25,21,20
7,21,2026,18,57,25,25,21,20
7,21,2026,18,57,25,25,21,20
7,21,2026,18,57,25,25,21,20
7,21,2026,18,58,25,25,21,20
7,21,2026,18,58,25,25,21,20
7,21,2026,18,58,25,25,21,20
7,21,2026,18,58,25,25,21,20
7,21,2026,18,58,25,25,21,20
7,21,2026,18,58,25,25,21,20
7,21,2026,18,59,25,25,21,20
7,21,2026,18,59,25,25,21,20
7,21,2026,18,59,25,25,21,20
7,21,2026,18,59,25,25,21,20
7,21,2026,18,59,25,25,21,20
7,21,2026,18,59,25,25,21,20
7,21,2026,19,00,25,25,21,20
7,21,2026,19,00,25,25,21,20
7,21,2026,19,00,25,25,21,20
7,21,2026,19,00,25,25,21,20
7,21,2026,19,00,25,25,21,20
7,21,2026,19,00,25,25,21,20
7,21,2026,19,01,25,25,21,20
7,21,2026,19,01,25,25,21,20
7,21,2026,19,01,25,25,21,20
7,21,2026,19,01,25,25,21,20
7,21,2026,19,01,25,25,21,20
7,21,2026,19,01,25,25,21,20
7,21,2026,19,02,25,25,21,20
7,21,2026,19,02,25,25,21,20
7,21,2026,19,02,25,25,21,20
7,21,2026,19,02,25,25,21,20
7,21,2026,19,02,25,25,21,20
7,21,2026,19,02,25,25,21,20
7,21,2026,19,03,25,25,21,20
7,21,2026,19,03,25,25,21,20
7,21,2026,19,03,25,25,21,20
7,21,2026,19,03,25,25,21,20
7,21,2026,19,03,25,25,21,20
7,21,2026,19,03,25,25,21,20
7,21,2026,19,04,25,25,21,20
7,21,2026,19,04,25,25,21,20
7,21,2026,19,04,25,25,21,20
7,21,2026,19,04,25,25,21,20
7,21,2026,19,04,25,25,21,20
7,21,2026,19,04,25,25,21,20
7,21,2026,19,05,25,25,21,20
7,21,2026,19,05,25,25,21,20
7,21,2026,19,05,25,25,21,20
7,21,2026,19,05,25,25,21,20
7,21,2026,19,05,25,25,21,20
7,21,2026,19,05,25,25,21,20
7,21,2026,19,06,25,25,21,20
7,21,2026,19,06,25,25,21,20
7,21,2026,19,06,25,25,21,20
7,21,2026,19,06,25,25,21,20
7,21,2026,19,06,25,25,21,20
7,21,2026,19,06,25,25,21,20
7,21,2026,19,07,25,25,21,20
7,21,2026,19,07,25,25,21,20
7,21,2026,19,07,25,25,21,20
7,21,2026,19,07,25,25,21,20
7,21,2026,19,07,25,25,21,20
7,21,2026,19,07,25,25,21,20
7,21,2026,19,08,25,25,21,20
7,21,2026,19,08,25,25,21,20
7,21,2026,19,08,25,25,21,20
7,21,2026,19,08,25,25,21,20
7,21,2026,19,08,25,25,21,20
7,21,2026,19,08,25,25,21,20
7,21,2026,19,09,25,25,21,20
7,21,2026,19,09,25,25,21,20
7,21,2026,19,09,25,25,21,20
7,21,2026,19,09,25,25,21,20
7,21,2026,19,09,25,25,21,20
7,21,2026,19,09,25,25,21,20
7,21,2026,19,10,25,25,21,20
7,21,2026,19,10,25,25,21,20
7,21,2026,19,10,25,25,21,20
7,21,2026,19,10,25,25,21,20
7,21,2026,19,10,25,25,21,20
7,21,2026,19,10,25,25,21,20
7,21,2026,19,11,25,25,21,20
7,21,2026,19,11,25,25,21,20
7,21,2026,19,11,25,25,21,20
7,21,2026,19,11,25,25,21,20
7,21,2026,19,11,25,25,21,20
7,21,2026,19,11,25,25,21,20
7,21,2026,19,12,25,25,21,20
7,21,2026,19,12,25,25,21,20
7,21,2026,19,12,25,25,21,20
7,21,2026,19,12,25,25,21,20
7,21,2026,19,12,25,25,21,20
7,21,2026,19,12,25,25,21,20
7,21,2026,19,13,25,25,21,20
7,21,2026,19,13,25,25,21,20
7,21,2026,19,13,25,25,21,20
7,21,2026,19,13,25,25,21,20
7,21,2026,19,13,25,25,21,20
7,21,2026,19,13,25,25,21,20
7,21,2026,19,14,25,25,21,20
7,21,2026,19,14,25,25,21,20
7,21,2026,19,14,25,25,21,20
7,21,2026,19,14,25,25,21,20
7,21,2026,19,14,25,25,21,20
7,21,2026,19,14,25,25,21,20
7,21,2026,19,15,25,25,21,20
7,21,2026,19,15,25,25,21,20
7,21,2026,19,15,25,25,21,20
7,21,2026,19,15,25,25,21,40
7,21,2026,19,15,25,25,21,40
7,21,2026,19,15,25,25,21,40
7,21,2026,19,16,25,25,21,40
7,21,2026,19,16,25,25,21,40
7,21,2026,19,16,25,25,21,40
7,21,2026,19,16,25,25,21,40
7,21,2026,19,16,25,25,21,40
7,21,2026,19,16,25,25,21,40
7,21,2026,19,17,25,25,21,40
7,21,2026,19,17,25,25,21,40
7,21,2026,19,17,25,25,22,40
7,21,2026,19,17,25.1,25,22,40
7,21,2026,19,17,25.1,25,22,40
7,21,2026,19,17,25.1,25,23,40
7,21,2026,19,18,25.1,25,23,40
7,21,2026,19,18,25.1,25,24,40
7,21,2026,19,18,25.1,25,24,40
7,21,2026,19,18,25.1,25,25,40
7,21,2026,19,18,25.1,25,25,40
7,21,2026,19,18,25.1,25,26,40
7,21,2026,19,19,25.1,25,26,40
7,21,2026,19,19,25.1,25,27,40
7,21,2026,19,19,25.1,25,28,40
7,21,2026,19,19,25.1,25,28,40
7,21,2026,19,19,25.1,25,29,40
7,21,2026,19,19,25.1,25,29,40
7,21,2026,19,20,25.1,25,30,40
7,21,2026,19,20,25.1,25,31,40
7,21,2026,19,20,25.1,25,31,40
7,21,2026,19,20,25.1,25,32,40
7,21,2026,19,20,25.1,25,32,40
7,21,2026,19,20,25.1,25,33,40
7,21,2026,19,21,25.1,25,33,40
7,21,2026,19,21,25.1,25,34,40
7,21,2026,19,21,25.1,25,34,40
7,21,2026,19,21,25.1,25,34,40
7,21,2026,19,21,25.1,25,34,40
7,21,2026,19,21,25.1,25,35,40
7,21,2026,19,22,25,25,35,40
7,21,2026,19,22,25.1,25,36,40
7,21,2026,19,22,25.1,25,36,40
7,21,2026,19,22,25.1,25,36,40
7,21,2026,19,22,25.1,25,37,40
7,21,2026,19,22,25.1,25,37,40
7,21,2026,19,23,25.1,25,37,40
7,21,2026,19,23,25.1,25,38,40
7,21,2026,19,23,25.1,25,38,40
7,21,2026,19,23,25,25,38,40
7,21,2026,19,23,25,25,38,40
7,21,2026,19,23,25.1,25,39,40
7,21,2026,19,24,25,25,39,40
7,21,2026,19,24,25,25,39,40
7,21,2026,19,24,25,25,39,40
7,21,2026,19,24,25,25,40,40
7,21,2026,19,24,25,25,40,40
7,21,2026,19,24,25,25,40,40
7,21,2026,19,25,25,25,40,40
7,21,2026,19,25,25,25,40,40
7,21,2026,19,25,25,25,40,40
7,21,2026,19,25,25,25,41,40
7,21,2026,19,25,25,25,41,40
7,21,2026,19,25,25,25,41,40
7,21,2026,19,26,25,25,41,40
7,21,2026,19,26,25,25,41,40
7,21,2026,19,26,25,25,41,40
7,21,2026,19,26,25,25,41,40
7,21,2026,19,26,25,25,41,40
7,21,2026,19,26,25,25,41,40
7,21,2026,19,27,25,25,41,40
7,21,2026,19,27,25,25,41,40
7,21,2026,19,27,25,25,41,40
7,21,2026,19,27,25,25,41,40
7,21,2026,19,27,25,25,41,40
7,21,2026,19,27,25,25,41,40
7,21,2026,19,28,25,25,41,40
7,21,2026,19,28,25,25,41,40
7,21,2026,19,28,25,25,41,40
7,21,2026,19,28,25,25,41,40
7,21,2026,19,28,25,25,41,40
7,21,2026,19,28,25,25,41,40
7,21,2026,19,29,25,25,41,40
7,21,2026,19,29,25,25,41,40
7,21,2026,19,29,25,25,41,40
7,21,2026,19,29,25,25,41,40
7,21,2026,19,29,25,25,41,40
7,21,2026,19,29,25,25,41,40
7,21,2026,19,30,25,25,41,40
7,21,2026,19,30,25,25,41,40
7,21,2026,19,30,25,25,41,40
7,21,2026,19,30,25,25,41,40
7,21,2026,19,30,25,25,41,40
7,21,2026,19,30,25,25,41,40
7,21,2026,19,31,25,25,41,40
7,21,2026,19,31,25,25,41,40
7,21,2026,19,31,25,25,41,40
7,21,2026,19,31,25,25,41,40
7,21,2026,19,31,25,25,41,40
7,21,2026,19,31,25,25,41,40
7,21,2026,19,32,25,25,40,40
7,21,2026,19,32,25,25,40,40
7,21,2026,19,32,25,25,40,40
7,21,2026,19,32,25,25,40,40
7,21,2026,19,32,25,25,40,40
7,21,2026,19,32,25,25,40,40
7,21,2026,19,33,25,25,40,40
7,21,2026,19,33,25,25,40,40
7,21,2026,19,33,25,25,40,40
7,21,2026,19,33,25,25,40,40
7,21,2026,19,33,25,25,40,40
7,21,2026,19,33,25,25,40,40
7,21,2026,19,34,25,25,40,40
7,21,2026,19,34,25,25,40,40
7,21,2026,19,34,25,25,40,40
7,21,2026,19,34,25,25,40,40
7,21,2026,19,34,25,25,40,40
7,21,2026,19,34,25,25,40,40
7,21,2026,19,35,25,25,40,40
7,21,2026,19,35,25,25,40,40
7,21,2026,19,35,25,25,40,40
7,21,2026,19,35,25,25,40,40
7,21,2026,19,35,25,25,40,40
7,21,2026,19,35,25,25,40,40
7,21,2026,19,36,25,25,40,40
7,21,2026,19,36,25,25,40,40
7,21,2026,19,36,25,25,40,40
7,21,2026,19,36,25,25,40,40
7,21,2026,19,36,25,25,40,40
7,21,2026,19,36,25,25,40,40
7,21,2026,19,37,25,25,40,40
7,21,2026,19,37,25,25,40,40
7,21,2026,19,37,25,25,40,40
7,21,2026,19,37,25,25,40,40
7,21,2026,19,37,25,25,40,40
7,21,2026,19,37,25,25,40,40
7,21,2026,19,38,25,25,40,40
7,21,2026,19,38,25,25,40,40
7,21,2026,19,38,25,25,40,40
7,21,2026,19,38,25,25,40,40
7,21,2026,19,38,25,25,40,40
7,21,2026,19,38,25,25,40,40
7,21,2026,19,39,25,25,40,40
7,21,2026,19,39,25,25,40,40
7,21,2026,19,39,25,25,40,40
7,21,2026,19,39,25,25,40,40
7,21,2026,19,39,25,25,40,40
7,21,2026,19,39,25,25,40,40
7,21,2026,19,40,25,25,40,40
7,21,2026,19,40,25,25,40,40
7,21,2026,19,40,25,25,40,40
7,21,2026,19,40,25,25,40,40
7,21,2026,19,40,25,25,40,40
7,21,2026,19,40,25,25,40,40
7,21,2026,19,41,25,25,40,40
7,21,2026,19,41,25,25,40,40
7,21,2026,19,41,25,25,40,40
7,21,2026,19,41,25,25,40,40
7,21,2026,19,41,25,25,40,40
7,21,2026,19,41,25,25,40,40
7,21,2026,19,42,25,25,40,40
7,21,2026,19,42,25,25,40,40
7,21,2026,19,42,25,25,40,40
7,21,2026,19,42,25,25,40,40
7,21,2026,19,42,25,25,40,40
7,21,2026,19,42,25,25,40,40
7,21,2026,19,43,25,25,40,40
7,21,2026,19,43,25,25,40,40
7,21,2026,19,43,25,25,40,40
7,21,2026,19,43,25,25,40,40
7,21,2026,19,43,25,25,40,40
7,21,2026,19,43,25,25,40,40
7,21,2026,19,44,25,25,40,40
7,21,2026,19,44,25,25,40,40
7,21,2026,19,44,25,25,40,40
7,21,2026,19,44,25,25,40,40
7,21,2026,19,44,25,25,40,40
7,21,2026,19,44,25,25,40,40
7,21,2026,19,45,25,25,40,40
7,21,2026,19,45,25,25,40,40
7,21,2026,19,45,25,25,40,40
7,21,2026,19,45,25,25,40,40
7,21,2026,19,45,25,25,40,40
7,21,2026,19,45,25,25,40,40
7,21,2026,19,46,25,25,40,40
7,21,2026,19,46,25,25,40,40
7,21,2026,19,46,25,25,40,40
7,21,2026,19,46,25,25,40,40
7,21,2026,19,46,25,25,40,40
7,21,2026,19,46,25,25,40,40
7,21,2026,19,47,25,25,40,40
7,21,2026,19,47,25,25,40,40
7,21,2026,19,47,25,25,40,40
7,21,2026,19,47,25,25,40,40
7,21,2026,19,47,25,25,40,40
7,21,2026,19,47,25,25,40,40
7,21,2026,19,48,25,25,40,40
7,21,2026,19,48,25,25,40,40
7,21,2026,19,48,25,25,40,40
7,21,2026,19,48,25,25,40,40
7,21,2026,19,48,25,25,40,40
7,21,2026,19,48,25,25,40,40
7,21,2026,19,49,25,25,40,40
7,21,2026,19,49,25,25,40,40
7,21,2026,19,49,25,25,40,40
7,21,2026,19,49,25,25,40,40
7,21,2026,19,49,25,25,40,40
7,21,2026,19,49,25,25,40,40
7,21,2026,19,50,25,25,40,40
7,21,2026,19,50,25,25,40,40
7,21,2026,19,50,25,25,40,40
7,21,2026,19,50,25,25,40,40
7,21,2026,19,50,25,25,40,40
7,21,2026,19,50,25,25,40,40
7,21,2026,19,51,25,25,40,40
7,21,2026,19,51,25,25,40,40
7,21,2026,19,51,25,25,40,40
7,21,2026,19,51,25,25,40,40
7,21,2026,19,51,25,25,40,40
7,21,2026,19,51,25,25,40,40
7,21,2026,19,52,25,25,40,40
7,21,2026,19,52,25,25,40,40
7,21,2026,19,52,25,25,40,40
7,21,2026,19,52,25,25,40,40
7,21,2026,19,52,25,25,40,40
7,21,2026,19,52,25,25,40,40
7,21,2026,19,53,25,25,40,40
7,21,2026,19,53,25,25,40,40
7,21,2026,19,53,25,25,40,40
7,21,2026,19,53,25,25,40,40
7,21,2026,19,53,25,25,40,40
7,21,2026,19,53,25,25,40,40
7,21,2026,19,54,25,25,40,40
7,21,2026,19,54,25,25,40,40
7,21,2026,19,54,25,25,40,40
7,21,2026,19,54,25,25,40,40
7,21,2026,19,54,25,25,40,40
7,21,2026,19,54,25,25,40,40
7,21,2026,19,55,25,25,40,40
7,21,2026,19,55,25,25,40,40
7,21,2026,19,55,25,25,40,40
7,21,2026,19,55,25,25,40,40
7,21,2026,19,55,25,25,40,40
7,21,2026,19,55,25,25,40,40
7,21,2026,19,56,25,25,40,40
7,21,2026,19,56,25,25,40,40
7,21,2026,19,56,25,25,40,40
7,21,2026,19,56,25,25,40,40
7,21,2026,19,56,25,25,40,40
7,21,2026,19,56,25,25,40,40
7,21,2026,19,57,25,25,40,40
7,21,2026,19,57,25,25,40,40
7,21,2026,19,57,25,25,40,40
7,21,2026,19,57,25,25,40,40
7,21,2026,19,57,25,25,40,40
7,21,2026,19,57,25,25,40,40
7,21,2026,19,58,25,25,40,40
7,21,2026,19,58,25,25,40,40
7,21,2026,19,58,25,25,40,40
7,21,2026,19,58,25,25,40,40
7,21,2026,19,58,25,25,40,40
7,21,2026,19,58,25,25,40,40
7,21,2026,19,59,25,25,40,40
7,21,2026,19,59,25,25,40,40
7,21,2026,19,59,25,25,40,40
7,21,2026,19,59,25,25,40,40
7,21,2026,19,59,25,25,40,40
7,21,2026,19,59,25,25,40,40
7,21,2026,20,00,25,25,40,40
7,21,2026,20,00,25,25,40,40
7,21,2026,20,00,25,25,40,40
7,21,2026,20,00,25,25,40,40
7,21,2026,20,00,25,25,40,40
7,21,2026,20,00,25,25,40,40
7,21,2026,20,01,25,25,40,40
7,21,2026,20,01,25,25,40,40
7,21,2026,20,01,25,25,40,40
7,21,2026,20,01,25,25,40,40
7,21,2026,20,01,25,25,40,40
7,21,2026,20,01,25,25,40,40
7,21,2026,20,02,25,25,40,40
7,21,2026,20,02,25,25,40,40
7,21,2026,20,02,25,25,40,40
7,21,2026,20,02,25,25,40,40
7,21,2026,20,02,25,25,40,40
7,21,2026,20,02,25,25,40,40
7,21,2026,20,03,25,25,40,40
7,21,2026,20,03,25,25,40,40
7,21,2026,20,03,25,25,40,40
7,21,2026,20,03,25,25,40,40
7,21,2026,20,03,25,25,40,40
7,21,2026,20,03,25,25,40,40
7,21,2026,20,04,25,25,40,40
7,21,2026,20,04,25,25,40,40
7,21,2026,20,04,25,25,40,40
7,21,2026,20,04,25,25,40,40
7,21,2026,20,04,25,25,40,40
7,21,2026,20,04,25,25,40,40
7,21,2026,20,05,25,25,40,40
7,21,2026,20,05,25,25,40,40
7,21,2026,20,05,25,25,40,40
7,21,2026,20,05,25,25,40,40
7,21,2026,20,05,25,25,40,40
7,21,2026,20,05,25,25,40,40
7,21,2026,20,06,25,25,40,40
7,21,2026,20,06,25,25,40,40
7,21,2026,20,06,25,25,40,40
7,21,2026,20,06,25,25,40,40
7,21,2026,20,06,25,25,40,40
7,21,2026,20,06,25,25,40,40
7,21,2026,20,07,25,25,40,40
7,21,2026,20,07,25,25,40,40
7,21,2026,20,07,25,25,40,40
7,21,2026,20,07,25,25,40,40
7,21,2026,20,07,25,25,40,40
7,21,2026,20,07,25,25,40,40
7,21,2026,20,08,25,25,40,40
7,21,2026,20,08,25,25,40,40
7,21,2026,20,08,25,25,40,40
7,21,2026,20,08,25,25,40,40
7,21,2026,20,08,25,25,40,40
7,21,2026,20,08,25,25,40,40
7,21,2026,20,09,25,25,40,40
7,21,2026,20,09,25,25,40,40
7,21,2026,20,09,25,25,40,40
7,21,2026,20,09,25,25,40,40
7,21,2026,20,09,25,25,40,40
7,21,2026,20,09,25,25,40,40
7,21,2026,20,10,25,25,40,40
7,21,2026,20,10,25,25,40,40
7,21,2026,20,10,25,25,40,40
7,21,2026,20,10,25,25,40,40
7,21,2026,20,10,25,25,40,40
7,21,2026,20,10,25,25,40,40
7,21,2026,20,11,25,25,40,40
7,21,2026,20,11,25,25,40,40
7,21,2026,20,11,25,25,40,40
7,21,2026,20,11,25,25,40,40
7,21,2026,20,11,25,25,40,40
7,21,2026,20,11,25,25,40,40
7,21,2026,20,12,25,25,40,40
7,21,2026,20,12,25,25,40,40
7,21,2026,20,12,25,25,40,40
7,21,2026,20,12,25,25,40,40
7,21,2026,20,12,25,25,40,40
7,21,2026,20,12,25,25,40,40
7,21,2026,20,13,25,25,40,40
7,21,2026,20,13,25,25,40,40
7,21,2026,20,13,25,25,40,40
7,21,2026,20,13,25,25,40,40
7,21,2026,20,13,25,25,40,40
7,21,2026,20,13,25,25,40,40
7,21,2026,20,14,25,25,40,40
7,21,2026,20,14,25,25,40,40
7,21,2026,20,14,25,25,40,40
7,21,2026,20,14,25,25,40,40
7,21,2026,20,14,25,25,40,40
7,21,2026,20,14,25,25,40,40
7,21,2026,20,15,25,25,40,40
7,21,2026,20,15,25,25,40,40
7,21,2026,20,15,25,25,40,40
7,21,2026,20,15,25,25,40,40
7,21,2026,20,15,25,25,40,40
7,21,2026,20,15,25,25,40,40
7,21,2026,20,16,25,25,40,40
7,21,2026,20,16,25,25,40,40
7,21,2026,20,16,25,25,40,40
7,21,2026,20,16,25,25,40,40
7,21,2026,20,16,25,25,40,40
7,21,2026,20,16,25,25,40,40
7,21,2026,20,17,25,25,40,40
7,21,2026,20,17,25,25,40,40
7,21,2026,20,17,25,25,40,40
7,21,2026,20,17,25,25,40,40
7,21,2026,20,17,25,25,40,40
7,21,2026,20,17,25,25,40,40
7,21,2026,20,18,25,25,40,40
7,21,2026,20,18,25,25,40,40
7,21,2026,20,18,25,25,40,40
7,21,2026,20,18,25,25,40,40
7,21,2026,20,18,25,25,40,40
7,21,2026,20,18,25,25,40,40
7,21,2026,20,19,25,25,40,40
7,21,2026,20,19,25,25,40,40
7,21,2026,20,19,25,25,40,40
7,21,2026,20,19,25,25,40,40
7,21,2026,20,19,25,25,40,40
7,21,2026,20,19,25,25,40,40
7,21,2026,20,20,25,25,40,40
7,21,2026,20,20,25,25,40,40
7,21,2026,20,20,25,25,40,40
7,21,2026,20,20,25,25,40,40
7,21,2026,20,20,25,25,40,40
7,21,2026,20,20,25,25,40,40
7,21,2026,20,21,25,25,40,40
7,21,2026,20,21,25,25,40,40
7,21,2026,20,21,25,25,40,40
7,21,2026,20,21,25,25,40,40
7,21,2026,20,21,25,25,40,40
7,21,2026,20,21,25,25,40,40
7,21,2026,20,22,25,25,40,40
7,21,2026,20,22,25,25,40,40
7,21,2026,20,22,25,25,40,40
7,21,2026,20,22,25,25,40,40
7,21,2026,20,22,25,25,40,40
7,21,2026,20,22,25,25,40,40
7,21,2026,20,23,25,25,40,40
7,21,2026,20,23,25,25,40,40
7,21,2026,20,23,25,25,40,40
7,21,2026,20,23,25,25,40,40
7,21,2026,20,23,25,25,40,40
7,21,2026,20,23,25,25,40,40
7,21,2026,20,24,25,25,40,40
7,21,2026,20,24,25,25,40,40
7,21,2026,20,24,25,25,40,40
7,21,2026,20,24,25,25,40,40
7,21,2026,20,24,25,25,40,40
7,21,2026,20,24,25,25,40,40
7,21,2026,20,25,25,25,40,40
7,21,2026,20,25,25,25,40,40
7,21,2026,20,25,25,25,40,40
7,21,2026,20,25,25,25,40,40
7,21,2026,20,25,25,25,40,40
7,21,2026,20,25,25,25,40,40
7,21,2026,20,26,25,25,40,40
7,21,2026,20,26,25,25,40,40
7,21,2026,20,26,25,25,40,40
7,21,2026,20,26,25,25,40,40
7,21,2026,20,26,25,25,40,40
7,21,2026,20,26,25,25,40,40
7,21,2026,20,27,25,25,40,40
7,21,2026,20,27,25,25,40,40
7,21,2026,20,27,25,25,40,40
7,21,2026,20,27,25,25,40,40
7,21,2026,20,27,25,25,40,40
7,21,2026,20,27,25,25,40,40
7,21,2026,20,28,25,25,40,40
7,21,2026,20,28,25,25,40,40
7,21,2026,20,28,25,25,40,40
7,21,2026,20,28,25,25,40,40
7,21,2026,20,28,25,25,40,40
7,21,2026,20,28,25,25,40,40
7,21,2026,20,29,25,25,40,40
7,21,2026,20,29,25,25,40,40
7,21,2026,20,29,25,25,40,40
7,21,2026,20,29,25,25,40,40
7,21,2026,20,29,25,25,40,40
7,21,2026,20,29,25,25,40,40
7,21,2026,20,30,25,25,40,40
7,21,2026,20,30,25,25,40,40
7,21,2026,20,30,25,25,40,40
7,21,2026,20,30,25,25,40,40
7,21,2026,20,30,25,25,40,40
7,21,2026,20,30,25,25,40,40
7,21,2026,20,31,25,25,40,40
7,21,2026,20,31,25,25,40,40
7,21,2026,20,31,25,25,40,40
7,21,2026,20,31,25,25,40,40
7,21,2026,20,31,25,25,40,40
7,21,2026,20,31,25,25,40,40
7,21,2026,20,32,25,25,40,40
7,21,2026,20,32,25,25,40,40
7,21,2026,20,32,25,25,40,40
7,21,2026,20,32,25,25,40,40
7,21,2026,20,32,25,25,40,40
7,21,2026,20,32,25,25,40,40
7,21,2026,20,33,25,25,40,40
7,21,2026,20,33,25,25,40,40
7,21,2026,20,33,25,25,40,40
7,21,2026,20,33,25,25,40,40
7,21,2026,20,33,25,25,40,40
7,21,2026,20,33,25,25,40,40
7,21,2026,20,34,25,25,40,40
7,21,2026,20,34,25,25,40,40
7,21,2026,20,34,25,25,40,40
7,21,2026,20,34,25,25,40,40
7,21,2026,20,34,25,25,40,40
7,21,2026,20,34,25,25,40,40
7,21,2026,20,35,25,25,40,40
7,21,2026,20,35,25,25,40,40
7,21,2026,20,35,25,25,40,40
7,21,2026,20,35,25,25,40,40
7,21,2026,20,35,25,25,40,40
7,21,2026,20,35,25,25,40,40
7,21,2026,20,36,25,25,40,40
7,21,2026,20,36,25,25,40,40
7,21,2026,20,36,25,25,40,40
7,21,2026,20,36,25,25,40,40
7,21,2026,20,36,25,25,40,40
7,21,2026,20,36,25,25,40,40
7,21,2026,20,37,25,25,40,40
7,21,2026,20,37,25,25,40,40
7,21,2026,20,37,25,25,40,40
7,21,2026,20,37,25,25,40,40
7,21,2026,20,37,25,25,40,40
7,21,2026,20,37,25,25,40,40
7,21,2026,20,38,25,25,40,40
7,21,2026,20,38,25,25,40,40
7,21,2026,20,38,25,25,40,40
7,21,2026,20,38,25,25,40,40
7,21,2026,20,38,25,25,40,40
7,21,2026,20,38,25,25,40,40
7,21,2026,20,39,25,25,40,40
7,21,2026,20,39,25,25,40,40
7,21,2026,20,39,25,25,40,40
7,21,2026,20,39,25,25,40,40
7,21,2026,20,39,25,25,40,40
7,21,2026,20,39,25,25,40,40
7,21,2026,20,40,25,25,40,40
7,21,2026,20,40,25,25,40,40
7,21,2026,20,40,25,25,40,40
7,21,2026,20,40,25,25,40,40
7,21,2026,20,40,25,25,40,40
7,21,2026,20,40,25,25,40,40
7,21,2026,20,41,25,25,40,40
7,21,2026,20,41,25,25,40,40
7,21,2026,20,41,25,25,40,40
7,21,2026,20,41,25,25,40,40
7,21,2026,20,41,25,25,40,40
7,21,2026,20,41,25,25,40,40
7,21,2026,20,42,25,25,40,40
7,21,2026,20,42,25,25,40,40
7,21,2026,20,42,25,25,40,40
7,21,2026,20,42,25,25,40,40
7,21,2026,20,42,25,25,40,40
7,21,2026,20,42,25,25,40,40
7,21,2026,20,43,25,25,40,40
7,21,2026,20,43,25,25,40,40
7,21,2026,20,43,25,25,40,40
7,21,2026,20,43,25,25,40,40
7,21,2026,20,43,25,25,40,40
7,21,2026,20,43,25,25,40,40
7,21,2026,20,44,25,25,40,40
7,21,2026,20,44,25,25,40,40
7,21,2026,20,44,25,25,40,40
7,21,2026,20,44,25,25,40,40
7,21,2026,20,44,25,25,40,40
7,21,2026,20,44,25,25,40,40
7,21,2026,20,45,25,25,40,40
7,21,2026,20,45,25,25,40,40
7,21,2026,20,45,25,25,40,40
7,21,2026,20,45,25,25,40,40
7,21,2026,20,45,25,25,40,40
7,21,2026,20,45,25,25,40,40
7,21,2026,20,46,25,25,40,40
7,21,2026,20,46,25,25,40,40
7,21,2026,20,46,25,25,40,40
7,21,2026,20,46,25,25,40,40
7,21,2026,20,46,25,25,40,40
7,21,2026,20,46,25,25,40,40
7,21,2026,20,47,25,25,40,40
7,21,2026,20,47,25,25,40,40
7,21,2026,20,47,25,25,40,40
7,21,2026,20,47,25,25,40,40
7,21,2026,20,47,25,25,40,40
7,21,2026,20,47,25,25,40,40
7,21,2026,20,48,25,25,40,40
7,21,2026,20,48,25,25,40,40
7,21,2026,20,48,25,25,40,40
7,21,2026,20,48,25,25,40,40
7,21,2026,20,48,25,25,40,40
7,21,2026,20,48,25,25,40,40
7,21,2026,20,49,25,25,40,40
7,21,2026,20,49,25,25,40,40
7,21,2026,20,49,25,25,40,40
7,21,2026,20,49,25,25,40,40
7,21,2026,20,49,25,25,40,40
7,21,2026,20,49,25,25,40,40
7,21,2026,20,50,25,25,40,40
7,21,2026,20,50,25,25,40,40
7,21,2026,20,50,25,25,40,40
7,21,2026,20,50,25,25,40,40
7,21,2026,20,50,25,25,40,40
7,21,2026,20,50,25,25,40,40
7,21,2026,20,51,25,25,40,40
7,21,2026,20,51,25,25,40,40
7,21,2026,20,51,25,25,40,40
7,21,2026,20,51,25,25,40,40
7,21,2026,20,51,25,25,40,40
7,21,2026,20,51,25,25,40,40
7,21,2026,20,52,25,25,40,40
7,21,2026,20,52,25,25,40,40
7,21,2026,20,52,25,25,40,40
7,21,2026,20,52,25,25,40,40
7,21,2026,20,52,25,25,40,40
7,21,2026,20,52,25,25,40,40
7,21,2026,20,53,25,25,40,40
7,21,2026,20,53,25,25,40,40
7,21,2026,20,53,25,25,40,40
7,21,2026,20,53,25,25,40,40
7,21,2026,20,53,25,25,40,40
7,21,2026,20,53,25,25,40,40
7,21,2026,20,54,25,25,40,40
7,21,2026,20,54,25,25,40,40
7,21,2026,20,54,25,25,40,40
7,21,2026,20,54,25,25,40,40
7,21,2026,20,54,25,25,40,40
7,21,2026,20,54,25,25,40,40
7,21,2026,20,55,25,25,40,40
7,21,2026,20,55,25,25,40,40
7,21,2026,20,55,25,25,40,40
7,21,2026,20,55,25,25,40,40
7,21,2026,20,55,25,25,40,40
7,21,2026,20,55,25,25,40,40
7,21,2026,20,56,25,25,40,40
7,21,2026,20,56,25,25,40,40
7,21,2026,20,56,25,25,40,40
7,21,2026,20,56,25,25,40,40
7,21,2026,20,56,25,25,40,40
7,21,2026,20,56,25,25,40,40
7,21,2026,20,57,25,25,40,40
7,21,2026,20,57,25,25,40,40
7,21,2026,20,57,25,25,40,40
7,21,2026,20,57,25,25,40,40
7,21,2026,20,57,25,25,40,40
7,21,2026,20,57,25,25,40,40
7,21,2026,20,58,25,25,40,40
7,21,2026,20,58,25,25,40,40
7,21,2026,20,58,25,25,40,40
7,21,2026,20,58,25,25,40,40
7,21,2026,20,58,25,25,40,40
7,21,2026,20,58,25,25,40,40
7,21,2026,20,59,25,25,40,40
7,21,2026,20,59,25,25,40,40
7,21,2026,20,59,25,25,40,40
7,21,2026,20,59,25,25,40,40
7,21,2026,20,59,25,25,40,40
7,21,2026,20,59,25,25,40,40
7,21,2026,21,00,25,25,40,40
7,21,2026,21,00,25,25,40,40
7,21,2026,21,00,25,25,40,40
7,21,2026,21,00,25,25,40,40
7,21,2026,21,00,25,25,40,40
7,21,2026,21,00,25,25,40,40
7,21,2026,21,01,25,25,40,40
7,21,2026,21,01,25,25,40,40
7,21,2026,21,01,25,25,40,40
7,21,2026,21,01,25,25,40,40
7,21,2026,21,01,25,25,40,40
7,21,2026,21,01,25,25,40,40
7,21,2026,21,02,25,25,40,40
7,21,2026,21,02,25,25,40,40
7,21,2026,21,02,25,25,40,40
7,21,2026,21,02,25,25,40,40
7,21,2026,21,02,25,25,40,40
7,21,2026,21,02,25,25,40,40
7,21,2026,21,03,25,25,40,40
7,21,2026,21,03,25,25,40,40
7,21,2026,21,03,25,25,40,40
7,21,2026,21,03,25,25,40,40
7,21,2026,21,03,25,25,40,40
7,21,2026,21,03,25,25,40,40
7,21,2026,21,04,25,25,40,40
7,21,2026,21,04,25,25,40,40
7,21,2026,21,04,25,25,40,40
7,21,2026,21,04,25,25,40,40
7,21,2026,21,04,25,25,40,40
7,21,2026,21,04,25,25,40,40
7,21,2026,21,05,25,25,40,40
7,21,2026,21,05,25,25,40,40
7,21,2026,21,05,25,25,40,40
7,21,2026,21,05,25,25,40,40
7,21,2026,21,05,25,25,40,40
7,21,2026,21,05,25,25,40,40
7,21,2026,21,06,25,25,40,40
7,21,2026,21,06,25,25,40,40
7,21,2026,21,06,25,25,40,40
7,21,2026,21,06,25,25,40,40
7,21,2026,21,06,25,25,40,40
7,21,2026,21,06,25,25,40,40
7,21,2026,21,07,25,25,40,40
7,21,2026,21,07,25,25,40,40
7,21,2026,21,07,25,25,40,40
7,21,2026,21,07,25,25,40,40
7,21,2026,21,07,25,25,40,40
7,21,2026,21,07,25,25,40,40
7,21,2026,21,08,25,25,40,40
7,21,2026,21,08,25,25,40,40
7,21,2026,21,08,25,25,40,40
7,21,2026,21,08,25,25,40,40
7,21,2026,21,08,25,25,40,40
7,21,2026,21,08,25,25,40,40
7,21,2026,21,09,25,25,40,40
7,21,2026,21,09,25,25,40,40
7,21,2026,21,09,25,25,40,40
7,21,2026,21,09,25,25,40,40
7,21,2026,21,09,25,25,40,40
7,21,2026,21,09,25,25,40,40
7,21,2026,21,10,25,25,40,40
7,21,2026,21,10,25,25,40,40
7,21,2026,21,10,25,25,40,40
7,21,2026,21,10,25,25,40,40
7,21,2026,21,10,25,25,40,40
7,21,2026,21,10,25,25,40,40
7,21,2026,21,11,25,25,40,40
7,21,2026,21,11,25,25,40,40
7,21,2026,21,11,25,25,40,40
7,21,2026,21,11,25,25,40,40
7,21,2026,21,11,25,25,40,40
7,21,2026,21,11,25,25,40,40
7,21,2026,21,12,25,25,40,40
7,21,2026,21,12,25,25,40,40
7,21,2026,21,12,25,25,40,40
7,21,2026,21,12,25,25,40,40
7,21,2026,21,12,25,25,40,40
7,21,2026,21,12,25,25,40,40
7,21,2026,21,13,25,25,40,40
7,21,2026,21,13,25,25,40,40
7,21,2026,21,13,25,25,40,40
7,21,2026,21,13,25,25,40,40
7,21,2026,21,13,25,25,40,40
7,21,2026,21,13,25,25,40,40
7,21,2026,21,14,25,25,40,40
7,21,2026,21,14,25,25,40,40
7,21,2026,21,14,25,25,40,40
7,21,2026,21,14,25,25,40,40
7,21,2026,21,14,25,25,40,40
7,21,2026,21,14,25,25,40,40
7,21,2026,21,15,25,25,40,40
7,21,2026,21,15,25,25,40,40
7,21,2026,21,15,25,25,40,40
7,21,2026,21,15,25,25,40,60
7,21,2026,21,15,25,25,40,60
7,21,2026,21,15,25,25,40,60
7,21,2026,21,16,25,25,40,60
7,21,2026,21,16,25,25,40,60
7,21,2026,21,16,25,25,40,60
7,21,2026,21,16,25,25,41,60
7,21,2026,21,16,25.1,25,41,60
7,21,2026,21,16,25,25,42,60
7,21,2026,21,17,25,25,42,60
7,21,2026,21,17,25,25,43,60
7,21,2026,21,17,25.1,25,44,60
7,21,2026,21,17,25,25,44,60
7,21,2026,21,17,25,25,45,60
7,21,2026,21,17,25,25,45,60
7,21,2026,21,18,25,25,46,60
7,21,2026,21,18,25.1,25,46,60
7,21,2026,21,18,25,25,46,60
7,21,2026,21,18,25,25,47,60
7,21,2026,21,18,25.1,25,47,60
7,21,2026,21,18,25,25,48,60
7,21,2026,21,19,25,25,48,60
7,21,2026,21,19,25,25,49,60
7,21,2026,21,19,25,25,49,60
7,21,2026,21,19,25,25,50,60
7,21,2026,21,19,25,25,50,60
7,21,2026,21,19,25,25,51,60
7,21,2026,21,20,25,25,51,60
7,21,2026,21,20,25,25,51,60
7,21,2026,21,20,25,25,51,60
7,21,2026,21,20,25,25,52,60
7,21,2026,21,20,25,25,52,60
7,21,2026,21,20,25,25,53,60
7,21,2026,21,21,25,25,53,60
7,21,2026,21,21,25,25,53,60
7,21,2026,21,21,25,25,54,60
7,21,2026,21,21,25,25,54,60
7,21,2026,21,21,25,25,55,60
7,21,2026,21,21,25,25,55,60
7,21,2026,21,22,25,25,56,60
7,21,2026,21,22,25,25,56,60
7,21,2026,21,22,25,25,56,60
7,21,2026,21,22,25,25,56,60
7,21,2026,21,22,25,25,57,60
7,21,2026,21,22,25,25,57,60
7,21,2026,21,23,25,25,57,60
7,21,2026,21,23,25,25,58,60
7,21,2026,21,23,25,25,58,60
7,21,2026,21,23,25,25,58,60
7,21,2026,21,23,25,25,59,60
7,21,2026,21,23,25,25,59,60
7,21,2026,21,24,25,25,59,60
7,21,2026,21,24,25,25,59,60
7,21,2026,21,24,25,25,59,60
7,21,2026,21,24,25,25,59,60
7,21,2026,21,24,25,25,59,60
7,21,2026,21,24,25,25,60,60
7,21,2026,21,25,25,25,60,60
7,21,2026,21,25,25,25,60,60
7,21,2026,21,25,25,25,60,60
7,21,2026,21,25,25,25,60,60
7,21,2026,21,25,25,25,60,60
7,21,2026,21,25,25,25,60,60
7,21,2026,21,26,25,25,60,60
7,21,2026,21,26,25,25,61,60
7,21,2026,21,26,25,25,61,60
7,21,2026,21,26,25,25,61,60
7,21,2026,21,26,25,25,61,60
7,21,2026,21,26,25,25,61,60
7,21,2026,21,27,25,25,61,60
7,21,2026,21,27,25,25,62,60
7,21,2026,21,27,25,25,62,60
7,21,2026,21,27,25,25,62,60
7,21,2026,21,27,25,25,62,60
7,21,2026,21,27,25,25,62,60
7,21,2026,21,28,25,25,62,60
7,21,2026,21,28,25,25,62,60
7,21,2026,21,28,25,25,62,60
7,21,2026,21,28,25,25,62,60
7,21,2026,21,28,25,25,62,60
7,21,2026,21,28,25,25,62,60
7,21,2026,21,29,25,25,62,60
7,21,2026,21,29,25,25,62,60
7,21,2026,21,29,25,25,62,60
7,21,2026,21,29,25,25,62,60
7,21,2026,21,29,25,25,62,60
7,21,2026,21,29,25,25,62,60
7,21,2026,21,30,25,25,62,60
7,21,2026,21,30,25,25,62,60
7,21,2026,21,30,25,25,61,60
7,21,2026,21,30,25,25,61,60
7,21,2026,21,30,25,25,61,60
7,21,2026,21,30,25,25,61,60
7,21,2026,21,31,25,25,61,60
7,21,2026,21,31,25,25,61,60
7,21,2026,21,31,25,25,61,60
7,21,2026,21,31,25,25,61,60
7,21,2026,21,31,25,25,61,60
7,21,2026,21,31,25,25,61,60
7,21,2026,21,32,25,25,61,60
7,21,2026,21,32,25,25,61,60
7,21,2026,21,32,25,25,61,60
7,21,2026,21,32,25,25,61,60
7,21,2026,21,32,25,25,61,60
7,21,2026,21,32,25,25,61,60
7,21,2026,21,33,25,25,61,60
7,21,2026,21,33,25,25,61,60
7,21,2026,21,33,25,25,61,60
7,21,2026,21,33,25,25,60,60
7,21,2026,21,33,25,25,60,60
7,21,2026,21,33,25,25,60,60
7,21,2026,21,34,25,25,60,60
7,21,2026,21,34,25,25,60,60
7,21,2026,21,34,25,25,60,60
7,21,2026,21,34,25,25,60,60
7,21,2026,21,34,25,25,60,60
7,21,2026,21,34,25,25,60,60
7,21,2026,21,35,25,25,60,60
7,21,2026,21,35,25,25,60,60
7,21,2026,21,35,25,25,60,60
7,21,2026,21,35,25,25,60,60
7,21,2026,21,35,25,25,60,60
7,21,2026,21,35,25,25,60,60
7,21,2026,21,36,25,25,60,60
7,21,2026,21,36,25,25,60,60
7,21,2026,21,36,25,25,60,60
7,21,2026,21,36,25,25,60,60
7,21,2026,21,36,25,25,60,60
7,21,2026,21,36,25,25,60,60
7,21,2026,21,37,25,25,60,60
7,21,2026,21,37,25,25,60,60
7,21,2026,21,37,25,25,60,60
7,21,2026,21,37,25,25,60,60
7,21,2026,21,37,25,25,59,60
7,21,2026,21,37,25,25,59,60
7,21,2026,21,38,25,25,59,60
7,21,2026,21,38,25,25,60,60
7,21,2026,21,38,25,25,60,60
7,21,2026,21,38,25,25,60,60
7,21,2026,21,38,25,25,60,60
7,21,2026,21,38,25,25,60,60
7,21,2026,21,39,25,25,60,60
7,21,2026,21,39,25,25,60,60
7,21,2026,21,39,25,25,60,60
7,21,2026,21,39,25,25,60,60
7,21,2026,21,39,25,25,60,60
7,21,2026,21,39,25,25,60,60
7,21,2026,21,40,25,25,60,60
7,21,2026,21,40,25,25,60,60
7,21,2026,21,40,25,25,60,60
7,21,2026,21,40,25,25,60,60
7,21,2026,21,40,25,25,60,60
7,21,2026,21,40,25,25,60,60
7,21,2026,21,41,25,25,60,60
7,21,2026,21,41,25,25,60,60
7,21,2026,21,41,25,25,60,60
7,21,2026,21,41,25,25,60,60
7,21,2026,21,41,25,25,60,60
7,21,2026,21,41,25,25,60,60
7,21,2026,21,42,25,25,60,60
7,21,2026,21,42,25,25,60,60
7,21,2026,21,42,25,25,60,60
7,21,2026,21,42,25,25,60,60
7,21,2026,21,42,25,25,60,60
7,21,2026,21,42,25,25,60,60
7,21,2026,21,43,25,25,60,60
7,21,2026,21,43,25,25,60,60
7,21,2026,21,43,25,25,60,60
7,21,2026,21,43,25,25,60,60
7,21,2026,21,43,25,25,60,60
7,21,2026,21,43,25,25,60,60
7,21,2026,21,44,25,25,60,60
7,21,2026,21,44,25,25,60,60
7,21,2026,21,44,25,25,60,60
7,21,2026,21,44,25,25,60,60
7,21,2026,21,44,25,25,60,60
7,21,2026,21,44,25,25,60,60
7,21,2026,21,45,25,25,60,60
7,21,2026,21,45,25,25,60,60
7,21,2026,21,45,25,25,60,60
7,21,2026,21,45,25,25,60,60
7,21,2026,21,45,25,25,60,60
7,21,2026,21,45,25,25,60,60
7,21,2026,21,46,25,25,60,60
7,21,2026,21,46,25,25,60,60
7,21,2026,21,46,25,25,60,60
7,21,2026,21,46,25,25,60,60
7,21,2026,21,46,25,25,60,60
7,21,2026,21,46,25,25,60,60
7,21,2026,21,47,25,25,60,60
7,21,2026,21,47,25,25,60,60
7,21,2026,21,47,25,25,60,60
7,21,2026,21,47,25,25,60,60
7,21,2026,21,47,25,25,60,60
7,21,2026,21,47,25,25,60,60
7,21,2026,21,48,25,25,60,60
7,21,2026,21,48,25,25,60,60
7,21,2026,21,48,25,25,60,60
7,21,2026,21,48,25,25,60,60
7,21,2026,21,48,25,25,60,60
7,21,2026,21,48,25,25,60,60
7,21,2026,21,49,25,25,60,60
7,21,2026,21,49,25,25,60,60
7,21,2026,21,49,25,25,60,60
7,21,2026,21,49,25,25,60,60
7,21,2026,21,49,25,25,60,60
7,21,2026,21,49,25,25,60,60
7,21,2026,21,50,25,25,60,60
7,21,2026,21,50,25,25,60,60
7,21,2026,21,50,25,25,60,60
7,21,2026,21,50,25,25,60,60
7,21,2026,21,50,25,25,60,60
7,21,2026,21,50,25,25,60,60
7,21,2026,21,51,25,25,60,60
7,21,2026,21,51,25,25,60,60
7,21,2026,21,51,25,25,60,60
7,21,2026,21,51,25,25,60,60
7,21,2026,21,51,25,25,60,60
7,21,2026,21,51,25,25,60,60
7,21,2026,21,52,25,25,60,60
7,21,2026,21,52,25,25,60,60
7,21,2026,21,52,25,25,60,60
7,21,2026,21,52,25,25,60,60
7,21,2026,21,52,25,25,60,60
7,21,2026,21,52,25,25,60,60
7,21,2026,21,53,25,25,60,60
7,21,2026,21,53,25,25,60,60
7,21,2026,21,53,25,25,60,60
7,21,2026,21,53,25,25,60,60
7,21,2026,21,53,25,25,60,60
7,21,2026,21,53,25,25,60,60
7,21,2026,21,54,25,25,60,60
7,21,2026,21,54,25,25,60,60
7,21,2026,21,54,25,25,60,60
7,21,2026,21,54,25,25,60,60
7,21,2026,21,54,25,25,60,60
7,21,2026,21,54,25,25,60,60
7,21,2026,21,55,25,25,60,60
7,21,2026,21,55,25,25,60,60
7,21,2026,21,55,25,25,60,60
7,21,2026,21,55,25,25,60,60
7,21,2026,21,55,25,25,60,60
7,21,2026,21,55,25,25,60,60
7,21,2026,21,56,25,25,60,60
7,21,2026,21,56,25,25,60,60
7,21,2026,21,56,25,25,60,60
7,21,2026,21,56,25,25,60,60
7,21,2026,21,56,25,25,60,60
7,21,2026,21,56,25,25,60,60
7,21,2026,21,57,25,25,60,60
7,21,2026,21,57,25,25,60,60
7,21,2026,21,57,25,25,60,60
7,21,2026,21,57,25,25,60,60
7,21,2026,21,57,25,25,60,60
7,21,2026,21,57,25,25,60,60
7,21,2026,21,58,25,25,60,60
7,21,2026,21,58,25,25,60,60
7,21,2026,21,58,25,25,60,60
7,21,2026,21,58,25,25,60,60
7,21,2026,21,58,25,25,60,60
7,21,2026,21,58,25,25,60,60
7,21,2026,21,59,25,25,60,60
7,21,2026,21,59,25,25,60,60
7,21,2026,21,59,25,25,60,60
7,21,2026,21,59,25,25,60,60
7,21,2026,21,59,25,25,60,60
7,21,2026,21,59,25,25,60,60
7,21,2026,22,00,25,25,60,60
7,21,2026,22,00,25,25,60,60
7,21,2026,22,00,25,25,60,60
7,21,2026,22,00,25,25,60,60
7,21,2026,22,00,25,25,60,60
7,21,2026,22,00,25,25,60,60
7,21,2026,22,01,25,25,60,60
7,21,2026,22,01,25,25,60,60
7,21,2026,22,01,25,25,60,60
7,21,2026,22,01,25,25,60,60
7,21,2026,22,01,25,25,60,60
7,21,2026,22,01,25,25,60,60
7,21,2026,22,02,25,25,60,60
7,21,2026,22,02,25,25,60,60
7,21,2026,22,02,25,25,60,60
7,21,2026,22,02,25,25,60,60
7,21,2026,22,02,25,25,60,60
7,21,2026,22,02,25,25,60,60
7,21,2026,22,03,25,25,60,60
7,21,2026,22,03,25,25,60,60
7,21,2026,22,03,25,25,60,60
7,21,2026,22,03,25,25,60,60
7,21,2026,22,03,25,25,60,60
7,21,2026,22,03,25,25,60,60
7,21,2026,22,04,25,25,60,60
7,21,2026,22,04,25,25,60,60
7,21,2026,22,04,25,25,60,60
7,21,2026,22,04,25,25,60,60
7,21,2026,22,04,25,25,60,60
7,21,2026,22,04,25,25,60,60
7,21,2026,22,05,25,25,60,60
7,21,2026,22,05,25,25,60,60
7,21,2026,22,05,25,25,60,60
7,21,2026,22,05,25,25,60,60
7,21,2026,22,05,25,25,60,60
7,21,2026,22,05,25,25,60,60
7,21,2026,22,06,25,25,60,60
7,21,2026,22,06,25,25,60,60
7,21,2026,22,06,25,25,60,60
7,21,2026,22,06,25,25,60,60
7,21,2026,22,06,25,25,60,60
7,21,2026,22,06,25,25,60,60
7,21,2026,22,07,25,25,60,60
7,21,2026,22,07,25,25,60,60
7,21,2026,22,07,25,25,60,60
7,21,2026,22,07,25,25,60,60
7,21,2026,22,07,25,25,60,60
7,21,2026,22,07,25,25,60,60
7,21,2026,22,08,25,25,60,60
7,21,2026,22,08,25,25,60,60
7,21,2026,22,08,25,25,60,60
7,21,2026,22,08,25,25,60,60
7,21,2026,22,08,25,25,60,60
7,21,2026,22,08,25,25,60,60
7,21,2026,22,09,25,25,60,60
7,21,2026,22,09,25,25,60,60
7,21,2026,22,09,25,25,60,60
7,21,2026,22,09,25,25,60,60
7,21,2026,22,09,25,25,60,60
7,21,2026,22,09,25,25,60,60
7,21,2026,22,10,25,25,60,60
7,21,2026,22,10,25,25,60,60
7,21,2026,22,10,25,25,60,60
7,21,2026,22,10,25,25,60,60
7,21,2026,22,10,25,25,60,60
7,21,2026,22,10,25,25,60,60
7,21,2026,22,11,25,25,60,60
7,21,2026,22,11,25,25,60,60
7,21,2026,22,11,25,25,60,60
7,21,2026,22,11,25,25,60,60
7,21,2026,22,11,25,25,60,60
7,21,2026,22,11,25,25,60,60
7,21,2026,22,12,25,25,60,60
7,21,2026,22,12,25,25,60,60
7,21,2026,22,12,25,25,60,60
7,21,2026,22,12,25,25,60,60
7,21,2026,22,12,25,25,60,60
7,21,2026,22,12,25,25,60,60
7,21,2026,22,13,25,25,60,60
7,21,2026,22,13,25,25,60,60
7,21,2026,22,13,25,25,60,60
7,21,2026,22,13,25,25,60,60
7,21,2026,22,13,25,25,60,60
7,21,2026,22,13,25,25,60,60
7,21,2026,22,14,25,25,60,60
7,21,2026,22,14,25,25,60,60
7,21,2026,22,14,25,25,60,60
7,21,2026,22,14,25,25,60,60
7,21,2026,22,14,25,25,60,60
7,21,2026,22,14,25,25,60,60
7,21,2026,22,15,25,25,60,60
7,21,2026,22,15,25,25,60,60
7,21,2026,22,15,25,25,60,60
7,21,2026,22,15,25,25,60,60
7,21,2026,22,15,25,25,60,60
7,21,2026,22,15,25,25,60,60
7,21,2026,22,16,25,25,60,60
7,21,2026,22,16,25,25,60,60
7,21,2026,22,16,25,25,60,60
7,21,2026,22,16,25,25,60,60
7,21,2026,22,16,25,25,60,60
7,21,2026,22,16,25,25,60,60
7,21,2026,22,17,25,25,60,60
7,21,2026,22,17,25,25,60,60
7,21,2026,22,17,25,25,60,60
7,21,2026,22,17,25,25,60,60
7,21,2026,22,17,25,25,60,60
7,21,2026,22,17,25,25,60,60
7,21,2026,22,18,25,25,60,60
7,21,2026,22,18,25,25,60,60
7,21,2026,22,18,25,25,60,60
7,21,2026,22,18,25,25,60,60
7,21,2026,22,18,25,25,60,60
7,21,2026,22,18,25,25,60,60
7,21,2026,22,19,25,25,60,60
7,21,2026,22,19,25,25,60,60
7,21,2026,22,19,25,25,60,60
7,21,2026,22,19,25,25,60,60
7,21,2026,22,19,25,25,60,60
7,21,2026,22,19,25,25,60,60
7,21,2026,22,20,25,25,60,60
7,21,2026,22,20,25,25,60,60
7,21,2026,22,20,25,25,60,60
7,21,2026,22,20,25,25,60,60
7,21,2026,22,20,25,25,60,60
7,21,2026,22,20,25,25,60,60
7,21,2026,22,21,25,25,60,60
7,21,2026,22,21,25,25,60,60
7,21,2026,22,21,25,25,60,60
7,21,2026,22,21,25,25,60,60
7,21,2026,22,21,25,25,60,60
7,21,2026,22,21,25,25,60,60
7,21,2026,22,22,25,25,60,60
7,21,2026,22,22,25,25,60,60
7,21,2026,22,22,25,25,60,60
7,21,2026,22,22,25,25,60,60
7,21,2026,22,22,25,25,60,60
7,21,2026,22,22,25,25,60,60
7,21,2026,22,23,25,25,60,60
7,21,2026,22,23,25,25,60,60
7,21,2026,22,23,25,25,60,60
7,21,2026,22,23,25,25,60,60
7,21,2026,22,23,25,25,60,60
7,21,2026,22,23,25,25,60,60
7,21,2026,22,24,25,25,60,60
7,21,2026,22,24,25,25,60,60
7,21,2026,22,24,25,25,60,60
7,21,2026,22,24,25,25,60,60
7,21,2026,22,24,25,25,60,60
7,21,2026,22,24,25,25,60,60
7,21,2026,22,25,25,25,60,60
7,21,2026,22,25,25,25,60,60
7,21,2026,22,25,25,25,60,60
7,21,2026,22,25,25,25,60,60
7,21,2026,22,25,25,25,60,60
7,21,2026,22,25,25,25,60,60
7,21,2026,22,26,25,25,60,60
7,21,2026,22,26,25,25,60,60
7,21,2026,22,26,25,25,60,60
7,21,2026,22,26,25,25,60,60
7,21,2026,22,26,25,25,60,60
7,21,2026,22,26,25,25,60,60
7,21,2026,22,27,25,25,60,60
7,21,2026,22,27,25,25,60,60
7,21,2026,22,27,25,25,60,60
7,21,2026,22,27,25,25,60,60
7,21,2026,22,27,25,25,60,60
7,21,2026,22,27,25,25,60,60
7,21,2026,22,28,25,25,60,60
7,21,2026,22,28,25,25,60,60
7,21,2026,22,28,25,25,60,60
7,21,2026,22,28,25,25,60,60
7,21,2026,22,28,25,25,60,60
7,21,2026,22,28,25,25,60,60
7,21,2026,22,29,25,25,60,60
7,21,2026,22,29,25,25,60,60
7,21,2026,22,29,25,25,60,60
7,21,2026,22,29,25,25,60,60
7,21,2026,22,29,25,25,60,60
7,21,2026,22,29,25,25,60,60
7,21,2026,22,30,25,25,60,60
7,21,2026,22,30,25,25,60,60
7,21,2026,22,30,25,25,60,60
7,21,2026,22,30,25,25,60,60
7,21,2026,22,30,25,25,60,60
7,21,2026,22,30,25,25,60,60
7,21,2026,22,31,25,25,60,60
7,21,2026,22,31,25,25,60,60
7,21,2026,22,31,25,25,60,60
7,21,2026,22,31,25,25,60,60
7,21,2026,22,31,25,25,60,60
7,21,2026,22,31,25,25,60,60
7,21,2026,22,32,25,25,60,60
7,21,2026,22,32,25,25,60,60
7,21,2026,22,32,25,25,60,60
7,21,2026,22,32,25,25,60,60
7,21,2026,22,32,25,25,60,60
7,21,2026,22,32,25,25,60,60
7,21,2026,22,33,25,25,60,60
7,21,2026,22,33,25,25,60,60
7,21,2026,22,33,25,25,60,60
7,21,2026,22,33,25,25,60,60
7,21,2026,22,33,25,25,60,60
7,21,2026,22,33,25,25,60,60
7,21,2026,22,34,25,25,60,60
7,21,2026,22,34,25,25,60,60
7,21,2026,22,34,25,25,60,60
7,21,2026,22,34,25,25,60,60
7,21,2026,22,34,25,25,60,60
7,21,2026,22,34,25,25,60,60
7,21,2026,22,35,25,25,60,60
7,21,2026,22,35,25,25,60,60
7,21,2026,22,35,25,25,60,60
7,21,2026,22,35,25,25,60,60
7,21,2026,22,35,25,25,60,60
7,21,2026,22,35,25,25,60,60
7,21,2026,22,36,25,25,60,60
7,21,2026,22,36,25,25,60,60
7,21,2026,22,36,25,25,60,60
7,21,2026,22,36,25,25,60,60
7,21,2026,22,36,25,25,60,60
7,21,2026,22,36,25,25,60,60
7,21,2026,22,37,25,25,60,60
7,21,2026,22,37,25,25,60,60
7,21,2026,22,37,25,25,60,60
7,21,2026,22,37,25,25,60,60
7,21,2026,22,37,25,25,60,60
7,21,2026,22,37,25,25,60,60
7,21,2026,22,38,25,25,60,60
7,21,2026,22,38,25,25,60,60
7,21,2026,22,38,25,25,60,60
7,21,2026,22,38,25,25,60,60
7,21,2026,22,38,25,25,60,60
7,21,2026,22,38,25,25,60,60
7,21,2026,22,39,25,25,60,60
7,21,2026,22,39,25,25,60,60
7,21,2026,22,39,25,25,60,60
7,21,2026,22,39,25,25,60,60
7,21,2026,22,39,25,25,60,60
7,21,2026,22,39,25,25,60,60
7,21,2026,22,40,25,25,60,60
7,21,2026,22,40,25,25,60,60
7,21,2026,22,40,25,25,60,60
7,21,2026,22,40,25,25,60,60
7,21,2026,22,40,25,25,60,60
7,21,2026,22,40,25,25,60,60
7,21,2026,22,41,25,25,60,60
7,21,2026,22,41,25,25,60,60
7,21,2026,22,41,25,25,60,60
7,21,2026,22,41,25,25,60,60
7,21,2026,22,41,25,25,60,60
7,21,2026,22,41,25,25,60,60
7,21,2026,22,42,25,25,60,60
7,21,2026,22,42,25,25,60,60
7,21,2026,22,42,25,25,60,60
7,21,2026,22,42,25,25,60,60
7,21,2026,22,42,25,25,60,60
7,21,2026,22,42,25,25,60,60
7,21,2026,22,43,25,25,60,60
7,21,2026,22,43,25,25,60,60
7,21,2026,22,43,25,25,60,60
7,21,2026,22,43,25,25,60,60
7,21,2026,22,43,25,25,60,60
7,21,2026,22,43,25,25,60,60
7,21,2026,22,44,25,25,60,60
7,21,2026,22,44,25,25,60,60
7,21,2026,22,44,25,25,60,60
7,21,2026,22,44,25,25,60,60
7,21,2026,22,44,25,25,60,60
7,21,2026,22,44,25,25,60,60
7,21,2026,22,45,25,25,60,60
7,21,2026,22,45,25,25,60,60
7,21,2026,22,45,25,25,60,60
7,21,2026,22,45,25,25,60,60
7,21,2026,22,45,25,25,60,60
7,21,2026,22,45,25,25,60,60
7,21,2026,22,46,25,25,60,60
7,21,2026,22,46,25,25,60,60
7,21,2026,22,46,25,25,60,60
7,21,2026,22,46,25,25,60,60
7,21,2026,22,46,25,25,60,60
7,21,2026,22,46,25,25,60,60
7,21,2026,22,47,25,25,60,60
7,21,2026,22,47,25,25,60,60
7,21,2026,22,47,25,25,60,60
7,21,2026,22,47,25,25,60,60
7,21,2026,22,47,25,25,60,60
7,21,2026,22,47,25,25,60,60
7,21,2026,22,48,25,25,60,60
7,21,2026,22,48,25,25,60,60
7,21,2026,22,48,25,25,60,60
7,21,2026,22,48,25,25,60,60
7,21,2026,22,48,25,25,60,60
7,21,2026,22,48,25,25,60,60
7,21,2026,22,49,25,25,60,60
7,21,2026,22,49,25,25,60,60
7,21,2026,22,49,25,25,60,60
7,21,2026,22,49,25,25,60,60
7,21,2026,22,49,25,25,60,60
7,21,2026,22,49,25,25,60,60
7,21,2026,22,50,25,25,60,60
7,21,2026,22,50,25,25,60,60
7,21,2026,22,50,25,25,60,60
7,21,2026,22,50,25,25,60,60
7,21,2026,22,50,25,25,60,60
7,21,2026,22,50,25,25,60,60
7,21,2026,22,51,25,25,60,60
7,21,2026,22,51,25,25,60,60
7,21,2026,22,51,25,25,60,60
7,21,2026,22,51,25,25,60,60
7,21,2026,22,51,25,25,60,60
7,21,2026,22,51,25,25,60,60
7,21,2026,22,52,25,25,60,60
7,21,2026,22,52,25,25,60,60
7,21,2026,22,52,25,25,60,60
7,21,2026,22,52,25,25,60,60
7,21,2026,22,52,25,25,60,60
7,21,2026,22,52,25,25,60,60
7,21,2026,22,53,25,25,60,60
7,21,2026,22,53,25,25,60,60
7,21,2026,22,53,25,25,60,60
7,21,2026,22,53,25,25,60,60
7,21,2026,22,53,25,25,60,60
7,21,2026,22,53,25,25,60,60
7,21,2026,22,54,25,25,60,60
7,21,2026,22,54,25,25,60,60
7,21,2026,22,54,25,25,60,60
7,21,2026,22,54,25,25,60,60
7,21,2026,22,54,25,25,60,60
7,21,2026,22,54,25,25,60,60
7,21,2026,22,55,25,25,60,60
7,21,2026,22,55,25,25,60,60
7,21,2026,22,55,25,25,60,60
7,21,2026,22,55,25,25,60,60
7,21,2026,22,55,25,25,60,60
7,21,2026,22,55,25,25,60,60
7,21,2026,22,56,25,25,60,60
7,21,2026,22,56,25,25,60,60
7,21,2026,22,56,25,25,60,60
7,21,2026,22,56,25,25,60,60
7,21,2026,22,56,25,25,60,60
7,21,2026,22,56,25,25,60,60
7,21,2026,22,57,25,25,60,60
7,21,2026,22,57,25,25,60,60
7,21,2026,22,57,25,25,60,60
7,21,2026,22,57,25,25,60,60
7,21,2026,22,57,25,25,60,60
7,21,2026,22,57,25,25,60,60
7,21,2026,22,58,25,25,60,60
7,21,2026,22,58,25,25,60,60
7,21,2026,22,58,25,25,60,60
7,21,2026,22,58,25,25,60,60
7,21,2026,22,58,25,25,60,60
7,21,2026,22,58,25,25,60,60
7,21,2026,22,59,25,25,60,60
7,21,2026,22,59,25,25,60,60
7,21,2026,22,59,25,25,60,60
7,21,2026,22,59,25,25,60,60
7,21,2026,22,59,25,25,60,60
7,21,2026,22,59,25,25,60,60
7,21,2026,23,00,25,25,60,60
7,21,2026,23,00,25,25,60,60
7,21,2026,23,00,25,25,60,60
7,21,2026,23,00,25,25,60,60
7,21,2026,23,00,25,25,60,60
7,21,2026,23,00,25,25,60,60
7,21,2026,23,01,25,25,60,60
7,21,2026,23,01,25,25,60,60
7,21,2026,23,01,25,25,60,60
7,21,2026,23,01,25,25,60,60
7,21,2026,23,01,25,25,60,60
7,21,2026,23,01,25,25,60,60
7,21,2026,23,02,25,25,60,60
7,21,2026,23,02,25,25,60,60
7,21,2026,23,02,25,25,60,60
7,21,2026,23,02,25,25,60,60
7,21,2026,23,02,25,25,60,60
7,21,2026,23,02,25,25,60,60
7,21,2026,23,03,25,25,60,60
7,21,2026,23,03,25,25,60,60
7,21,2026,23,03,25,25,60,60
7,21,2026,23,03,25,25,60,60
7,21,2026,23,03,25,25,60,60
7,21,2026,23,03,25,25,60,60
7,21,2026,23,04,25,25,60,60
7,21,2026,23,04,25,25,60,60
7,21,2026,23,04,25,25,60,60
7,21,2026,23,04,25,25,60,60
7,21,2026,23,04,25,25,60,60
7,21,2026,23,04,25,25,60,60
7,21,2026,23,05,25,25,60,60
7,21,2026,23,05,25,25,60,60
7,21,2026,23,05,25,25,60,60
7,21,2026,23,05,25,25,60,60
7,21,2026,23,05,25,25,60,60
7,21,2026,23,05,25,25,60,60
7,21,2026,23,06,25,25,60,60
7,21,2026,23,06,25,25,60,60
7,21,2026,23,06,25,25,60,60
7,21,2026,23,06,25,25,60,60
7,21,2026,23,06,25,25,60,60
7,21,2026,23,06,25,25,60,60
7,21,2026,23,07,25,25,60,60
7,21,2026,23,07,25,25,60,60
7,21,2026,23,07,25,25,60,60
7,21,2026,23,07,25,25,60,60
7,21,2026,23,07,25,25,60,60
7,21,2026,23,07,25,25,60,60
7,21,2026,23,08,25,25,60,60
7,21,2026,23,08,25,25,60,60
7,21,2026,23,08,25,25,60,60
7,21,2026,23,08,25,25,60,60
7,21,2026,23,08,25,25,60,60
7,21,2026,23,08,25,25,60,60
7,21,2026,23,09,25,25,60,60
7,21,2026,23,09,25,25,60,60
7,21,2026,23,09,25,25,60,60
7,21,2026,23,09,25,25,60,60
7,21,2026,23,09,25,25,60,60
7,21,2026,23,09,25,25,60,60
7,21,2026,23,10,25,25,60,60
7,21,2026,23,10,25,25,60,60
7,21,2026,23,10,25,25,60,60
7,21,2026,23,10,25,25,60,60
7,21,2026,23,10,25,25,60,60
7,21,2026,23,10,25,25,60,60
7,21,2026,23,11,25,25,60,60
7,21,2026,23,11,25,25,60,60
7,21,2026,23,11,25,25,60,60
7,21,2026,23,11,25,25,60,60
7,21,2026,23,11,25,25,60,60
7,21,2026,23,11,25,25,60,60
7,21,2026,23,12,25,25,60,60
7,21,2026,23,12,25,25,60,60
7,21,2026,23,12,25,25,60,60
7,21,2026,23,12,25,25,60,60
7,21,2026,23,12,25,25,60,60
7,21,2026,23,12,25,25,60,60
7,21,2026,23,13,25,25,60,60
7,21,2026,23,13,25,25,60,60
7,21,2026,23,13,25,25,60,60
7,21,2026,23,13,25,25,60,60
7,21,2026,23,13,25,25,60,60
7,21,2026,23,13,25,25,60,60
7,21,2026,23,14,25,25,60,60
7,21,2026,23,14,25,25,60,60
7,21,2026,23,14,25,25,60,60
7,21,2026,23,14,25,25,60,60
7,21,2026,23,14,25,25,60,60
7,21,2026,23,14,25,25,60,60
7,21,2026,23,15,25,25,60,60
7,21,2026,23,15,25,25,60,60
7,21,2026,23,15,25,25,60,60
7,21,2026,23,15,25,25,60,80
7,21,2026,23,15,25,25,60,80
7,21,2026,23,15,25,25,60,80
7,21,2026,23,16,25,25,60,80
7,21,2026,23,16,25,25,60,80
7,21,2026,23,16,25,25,60,80
7,21,2026,23,16,25,25,61,80
7,21,2026,23,16,25,25,61,80
7,21,2026,23,16,25,25,62,80
7,21,2026,23,17,25,25,62,80
7,21,2026,23,17,25,25,63,80
7,21,2026,23,17,25,25,64,80
7,21,2026,23,17,25,25,64,80
7,21,2026,23,17,25,25,65,80
7,21,2026,23,17,25,25,66,80
7,21,2026,23,18,25,25,66,80
7,21,2026,23,18,25,25,66,80
7,21,2026,23,18,25,25,67,80
7,21,2026,23,18,25,25,67,80
7,21,2026,23,18,25,25,68,80
7,21,2026,23,18,25,25,68,80
7,21,2026,23,19,25,25,69,80
7,21,2026,23,19,25,25,69,80
7,21,2026,23,19,25,25,70,80
7,21,2026,23,19,25,25,71,80
7,21,2026,23,19,25,25,71,80
7,21,2026,23,19,25,25,71,80
7,21,2026,23,20,25,25,72,80
7,21,2026,23,20,25,25,72,80
7,21,2026,23,20,25,25,72,80
7,21,2026,23,20,25,25,73,80
7,21,2026,23,20,25,25,73,80
7,21,2026,23,20,25,25,73,80
7,21,2026,23,21,25,25,74,80
7,21,2026,23,21,25,25,74,80
7,21,2026,23,21,25,25,75,80
7,21,2026,23,21,25,25,75,80
7,21,2026,23,21,25,25,75,80
7,21,2026,23,21,25,25,75,80
7,21,2026,23,22,25,25,76,80
7,21,2026,23,22,25,25,76,80
7,21,2026,23,22,25,25,76,80
7,21,2026,23,22,25,25,77,80
7,21,2026,23,22,25,25,77,80
7,21,2026,23,22,25,25,77,80
7,21,2026,23,23,25,25,78,80
7,21,2026,23,23,25,25,78,80
7,21,2026,23,23,25,25,78,80
7,21,2026,23,23,25,25,78,80
7,21,2026,23,23,25,25,78,80
7,21,2026,23,23,25,25,78,80
7,21,2026,23,24,25,25,79,80
7,21,2026,23,24,25,25,79,80
7,21,2026,23,24,25,25,79,80
7,21,2026,23,24,25,25,79,80
7,21,2026,23,24,25,25,79,80
7,21,2026,23,24,25,25,79,80
7,21,2026,23,25,25,25,79,80
7,21,2026,23,25,25,25,79,80
7,21,2026,23,25,25,25,80,80
7,21,2026,23,25,25,25,80,80
7,21,2026,23,25,25,25,80,80
7,21,2026,23,25,25,25,80,80
7,21,2026,23,26,25,25,80,80
7,21,2026,23,26,25,25,80,80
7,21,2026,23,26,25,25,80,80
7,21,2026,23,26,25,25,80,80
7,21,2026,23,26,25,25,80,80
7,21,2026,23,26,25,25,80,80
7,21,2026,23,27,25,25,80,80
7,21,2026,23,27,25,25,80,80
7,21,2026,23,27,25,25,80,80
7,21,2026,23,27,25,25,80,80
7,21,2026,23,27,25,25,80,80
7,21,2026,23,27,25,25,80,80
7,21,2026,23,28,25,25,80,80
7,21,2026,23,28,25,25,80,80
7,21,2026,23,28,25,25,80,80
7,21,2026,23,28,25,25,80,80
7,21,2026,23,28,25,25,80,80
7,21,2026,23,28,25,25,80,80
7,21,2026,23,29,25,25,80,80
7,21,2026,23,29,25,25,80,80
7,21,2026,23,29,25,25,80,80
7,21,2026,23,29,25,25,80,80
7,21,2026,23,29,25,25,80,80
7,21,2026,23,29,25,25,80,80
7,21,2026,23,30,25,25,80,80
7,21,2026,23,30,25,25,80,80
7,21,2026,23,30,25,25,80,80
7,21,2026,23,30,25,25,80,80
7,21,2026,23,30,25,25,80,80
7,21,2026,23,30,25,25,80,80
7,21,2026,23,31,25,25,80,80
7,21,2026,23,31,25,25,80,80
7,21,2026,23,31,25,25,80,80
7,21,2026,23,31,25,25,80,80
7,21,2026,23,31,25,25,80,80
7,21,2026,23,31,25,25,80,80
7,21,2026,23,32,25,25,80,80
7,21,2026,23,32,25,25,80,80
7,21,2026,23,32,25,25,80,80
7,21,2026,23,32,25,25,80,80
7,21,2026,23,32,25,25,80,80
7,21,2026,23,32,25,25,80,80
7,21,2026,23,33,25,25,80,80
7,21,2026,23,33,25,25,80,80
7,21,2026,23,33,25,25,80,80
7,21,2026,23,33,25,25,80,80
7,21,2026,23,33,25,25,80,80
7,21,2026,23,33,25,25,80,80
7,21,2026,23,34,25,25,80,80
7,21,2026,23,34,25,25,80,80
7,21,2026,23,34,25,25,80,80
7,21,2026,23,34,25,25,80,80
7,21,2026,23,34,25,25,80,80
7,21,2026,23,34,25,25,80,80
7,21,2026,23,35,25,25,80,80
7,21,2026,23,35,25,25,80,80
7,21,2026,23,35,25,25,80,80
7,21,2026,23,35,25,25,80,80
7,21,2026,23,35,25,25,80,80
7,21,2026,23,35,25,25,80,80
7,21,2026,23,36,25,25,80,80
7,21,2026,23,36,25,25,80,80
7,21,2026,23,36,25,25,80,80
7,21,2026,23,36,25,25,80,80
7,21,2026,23,36,25,25,80,80
7,21,2026,23,36,25,25,80,80
7,21,2026,23,37,25,25,80,80
7,21,2026,23,37,25,25,80,80
7,21,2026,23,37,25,25,80,80
7,21,2026,23,37,25,25,80,80
7,21,2026,23,37,25,25,80,80
7,21,2026,23,37,25,25,80,80
7,21,2026,23,38,25,25,80,80
7,21,2026,23,38,25,25,80,80
7,21,2026,23,38,25,25,80,80
7,21,2026,23,38,25,25,80,80
7,21,2026,23,38,25,25,80,80
7,21,2026,23,38,25,25,80,80
7,21,2026,23,39,25,25,80,80
7,21,2026,23,39,25,25,80,80
7,21,2026,23,39,25,25,80,80
7,21,2026,23,39,25,25,80,80
7,21,2026,23,39,25,25,80,80
7,21,2026,23,39,25,25,80,80
7,21,2026,23,40,25,25,80,80
7,21,2026,23,40,25,25,80,80
7,21,2026,23,40,25,25,80,80
7,21,2026,23,40,25,25,80,80
7,21,2026,23,40,25,25,80,80
7,21,2026,23,40,25,25,80,80
7,21,2026,23,41,25,25,80,80
7,21,2026,23,41,25,25,80,80
7,21,2026,23,41,25,25,80,80
7,21,2026,23,41,25,25,80,80
7,21,2026,23,41,25,25,80,80
7,21,2026,23,41,25,25,80,80
7,21,2026,23,42,25,25,80,80
7,21,2026,23,42,25,25,80,80
7,21,2026,23,42,25,25,80,80
7,21,2026,23,42,25,25,80,80
7,21,2026,23,42,25,25,80,80
7,21,2026,23,42,25,25,80,80
7,21,2026,23,43,25,25,80,80
7,21,2026,23,43,25,25,80,80
7,21,2026,23,43,25,25,80,80
7,21,2026,23,43,25,25,80,80
7,21,2026,23,43,25,25,80,80
7,21,2026,23,43,25,25,80,80
7,21,2026,23,44,25,25,80,80
7,21,2026,23,44,25,25,80,80
7,21,2026,23,44,25,25,80,80
7,21,2026,23,44,25,25,80,80
7,21,2026,23,44,25,25,80,80
7,21,2026,23,44,25,25,80,80
7,21,2026,23,45,25,25,80,80
7,21,2026,23,45,25,25,80,80
7,21,2026,23,45,25,25,80,80
7,21,2026,23,45,25,25,80,80
7,21,2026,23,45,25,25,80,80
7,21,2026,23,45,25,25,80,80
7,21,2026,23,46,25,25,80,80
7,21,2026,23,46,25,25,80,80
7,21,2026,23,46,25,25,80,80
7,21,2026,23,46,25,25,80,80
7,21,2026,23,46,25,25,80,80
7,21,2026,23,46,25,25,80,80
7,21,2026,23,47,25,25,80,80
7,21,2026,23,47,25,25,80,80
7,21,2026,23,47,25,25,80,80
7,21,2026,23,47,25,25,80,80
7,21,2026,23,47,25,25,80,80
7,21,2026,23,47,25,25,80,80
7,21,2026,23,48,25,25,80,80
7,21,2026,23,48,25,25,80,80
7,21,2026,23,48,25,25,80,80
7,21,2026,23,48,25,25,80,80
7,21,2026,23,48,25,25,80,80
7,21,2026,23,48,25,25,80,80
7,21,2026,23,49,25,25,80,80
7,21,2026,23,49,25,25,80,80
7,21,2026,23,49,25,25,80,80
7,21,2026,23,49,25,25,80,80
7,21,2026,23,49,25,25,80,80
7,21,2026,23,49,25,25,80,80
7,21,2026,23,50,25,25,80,80
7,21,2026,23,50,25,25,80,80
7,21,2026,23,50,25,25,80,80
7,21,2026,23,50,25,25,80,80
7,21,2026,23,50,25,25,80,80
7,21,2026,23,50,25,25,80,80
7,21,2026,23,51,25,25,80,80
7,21,2026,23,51,25,25,80,80
7,21,2026,23,51,25,25,80,80
7,21,2026,23,51,25,25,80,80
7,21,2026,23,51,25,25,80,80
7,21,2026,23,51,25,25,80,80
7,21,2026,23,52,25,25,80,80
7,21,2026,23,52,25,25,80,80
7,21,2026,23,52,25,25,80,80
7,21,2026,23,52,25,25,80,80
7,21,2026,23,52,25,25,80,80
7,21,2026,23,52,25,25,80,80
7,21,2026,23,53,25,25,80,80
7,21,2026,23,53,25,25,80,80
7,21,2026,23,53,25,25,80,80
7,21,2026,23,53,25,25,80,80
7,21,2026,23,53,25,25,80,80
7,21,2026,23,53,25,25,80,80
7,21,2026,23,54,25,25,80,80
7,21,2026,23,54,25,25,80,80
7,21,2026,23,54,25,25,80,80
7,21,2026,23,54,25,25,80,80
7,21,2026,23,54,25,25,80,80
7,21,2026,23,54,25,25,80,80
7,21,2026,23,55,25,25,80,80
7,21,2026,23,55,25,25,80,80
7,21,2026,23,55,25,25,80,80
7,21,2026,23,55,25,25,80,80
7,21,2026,23,55,25,25,80,80
7,21,2026,23,55,25,25,80,80
7,21,2026,23,56,25,25,80,80
7,21,2026,23,56,25,25,80,80
7,21,2026,23,56,25,25,80,80
7,21,2026,23,56,25,25,80,80
7,21,2026,23,56,25,25,80,80
7,21,2026,23,56,25,25,80,80
7,21,2026,23,57,25,25,80,80
7,21,2026,23,57,25,25,80,80
7,21,2026,23,57,25,25,80,80
7,21,2026,23,57,25,25,80,80
7,21,2026,23,57,25,25,80,80
7,21,2026,23,57,25,25,80,80
7,21,2026,23,58,25,25,80,80
7,21,2026,23,58,25,25,80,80
7,21,2026,23,58,25,25,80,80
7,21,2026,23,58,25,25,80,80
7,21,2026,23,58,25,25,80,80
7,21,2026,23,58,25,25,80,80
7,21,2026,23,59,25,25,80,80
7,21,2026,23,59,25,25,80,80
7,21,2026,23,59,25,25,80,80
7,21,2026,23,59,25,25,80,80
7,21,2026,23,59,25,25,80,80
7,21,2026,23,59,25,25,80,80
7,22,2026,0,00,25,25,80,80
7,22,2026,0,00,25,25,80,80
7,22,2026,0,00,25,25,80,80
7,22,2026,0,00,25,25,80,80
7,22,2026,0,00,25,25,80,80
7,22,2026,0,00,25,25,80,80
7,22,2026,0,01,25,25,80,80
7,22,2026,0,01,25,25,80,80
7,22,2026,0,01,25,25,80,80
7,22,2026,0,01,25,25,80,80
7,22,2026,0,01,25,25,80,80
7,22,2026,0,01,25,25,80,80
7,22,2026,0,02,25,25,80,80
7,22,2026,0,02,25,25,80,80
7,22,2026,0,02,25,25,80,80
7,22,2026,0,02,25,25,80,80
7,22,2026,0,02,25,25,80,80
7,22,2026,0,02,25,25,80,80
7,22,2026,0,03,25,25,80,80
7,22,2026,0,03,25,25,80,80
7,22,2026,0,03,25,25,80,80
7,22,2026,0,03,25,25,80,80
7,22,2026,0,03,25,25,80,80
7,22,2026,0,03,25,25,80,80
7,22,2026,0,04,25,25,80,80
7,22,2026,0,04,25,25,80,80
7,22,2026,0,04,25,25,80,80
7,22,2026,0,04,25,25,80,80
7,22,2026,0,04,25,25,80,80
7,22,2026,0,04,25,25,80,80
7,22,2026,0,05,25,25,80,80
7,22,2026,0,05,25,25,80,80
7,22,2026,0,05,25,25,80,80
7,22,2026,0,05,25,25,80,80
7,22,2026,0,05,25,25,80,80
7,22,2026,0,05,25,25,80,80
7,22,2026,0,06,25,25,80,80
7,22,2026,0,06,25,25,80,80
7,22,2026,0,06,25,25,80,80
7,22,2026,0,06,25,25,80,80
7,22,2026,0,06,25,25,80,80
7,22,2026,0,06,25,25,80,80
7,22,2026,0,07,25,25,80,80
7,22,2026,0,07,25,25,80,80
7,22,2026,0,07,25,25,80,80
7,22,2026,0,07,25,25,80,80
7,22,2026,0,07,25,25,80,80
7,22,2026,0,07,25,25,80,80
7,22,2026,0,08,25,25,80,80
7,22,2026,0,08,25,25,80,80
7,22,2026,0,08,25,25,80,80
7,22,2026,0,08,25,25,80,80
7,22,2026,0,08,25,25,80,80
7,22,2026,0,08,25,25,80,80
7,22,2026,0,09,25,25,80,80
7,22,2026,0,09,25,25,80,80
7,22,2026,0,09,25,25,80,80
7,22,2026,0,09,25,25,80,80
7,22,2026,0,09,25,25,80,80
7,22,2026,0,09,25,25,80,80
7,22,2026,0,10,25,25,80,80
7,22,2026,0,10,25,25,80,80
7,22,2026,0,10,25,25,80,80
7,22,2026,0,10,25,25,80,80
7,22,2026,0,10,25,25,80,80
7,22,2026,0,10,25,25,80,80
7,22,2026,0,11,25,25,80,80
7,22,2026,0,11,25,25,80,80
7,22,2026,0,11,25,25,80,80
7,22,2026,0,11,25,25,80,80
7,22,2026,0,11,25,25,80,80
7,22,2026,0,11,25,25,80,80
7,22,2026,0,12,25,25,80,80
7,22,2026,0,12,25,25,80,80
7,22,2026,0,12,25,25,80,80
7,22,2026,0,12,25,25,80,80
7,22,2026,0,12,25,25,80,80
7,22,2026,0,12,25,25,80,80
7,22,2026,0,13,25,25,80,80
7,22,2026,0,13,25,25,80,80
7,22,2026,0,13,25,25,80,80
7,22,2026,0,13,25,25,80,80
7,22,2026,0,13,25,25,80,80
7,22,2026,0,13,25,25,80,80
7,22,2026,0,14,25,25,80,80
7,22,2026,0,14,25,25,80,80
7,22,2026,0,14,25,25,80,80
7,22,2026,0,14,25,25,80,80
7,22,2026,0,14,25,25,80,80
7,22,2026,0,14,25,25,80,80
7,22,2026,0,15,25,25,80,80
7,22,2026,0,15,25,25,80,80
7,22,2026,0,15,25,25,80,80
7,22,2026,0,15,25,25,80,80
7,22,2026,0,15,25,25,80,80
7,22,2026,0,15,25,25,80,80
7,22,2026,0,16,25,25,80,80
7,22,2026,0,16,25,25,80,80
7,22,2026,0,16,25,25,80,80
7,22,2026,0,16,25,25,80,80
7,22,2026,0,16,25,25,80,80
7,22,2026,0,16,25,25,80,80
7,22,2026,0,17,25,25,80,80
7,22,2026,0,17,25,25,80,80
7,22,2026,0,17,25,25,80,80
7,22,2026,0,17,25,25,80,80
7,22,2026,0,17,25,25,80,80
7,22,2026,0,17,25,25,80,80
7,22,2026,0,18,25,25,80,80
7,22,2026,0,18,25,25,80,80
7,22,2026,0,18,25,25,80,80
7,22,2026,0,18,25,25,80,80
7,22,2026,0,18,25,25,80,80
7,22,2026,0,18,25,25,80,80
7,22,2026,0,19,25,25,80,80
7,22,2026,0,19,25,25,80,80
7,22,2026,0,19,25,25,80,80
7,22,2026,0,19,25,25,80,80
7,22,2026,0,19,25,25,80,80
7,22,2026,0,19,25,25,80,80
7,22,2026,0,20,25,25,80,80
7,22,2026,0,20,25,25,80,80
7,22,2026,0,20,25,25,80,80
7,22,2026,0,20,25,25,80,80
7,22,2026,0,20,25,25,80,80
7,22,2026,0,20,25,25,80,80
7,22,2026,0,21,25,25,80,80
7,22,2026,0,21,25,25,80,80
7,22,2026,0,21,25,25,80,80
7,22,2026,0,21,25,25,80,80
7,22,2026,0,21,25,25,80,80
7,22,2026,0,21,25,25,80,80
7,22,2026,0,22,25,25,80,80
7,22,2026,0,22,25,25,80,80
7,22,2026,0,22,25,25,80,80
7,22,2026,0,22,25,25,80,80
7,22,2026,0,22,25,25,80,80
7,22,2026,0,22,25,25,80,80
7,22,2026,0,23,25,25,80,80
7,22,2026,0,23,25,25,80,80
7,22,2026,0,23,25,25,80,80
7,22,2026,0,23,25,25,80,80
7,22,2026,0,23,25,25,80,80
7,22,2026,0,23,25,25,80,80
7,22,2026,0,24,25,25,80,80
7,22,2026,0,24,25,25,80,80
7,22,2026,0,24,25,25,80,80
7,22,2026,0,24,25,25,80,80
7,22,2026,0,24,25,25,80,80
7,22,2026,0,24,25,25,80,80
7,22,2026,0,25,25,25,80,80
7,22,2026,0,25,25,25,80,80
7,22,2026,0,25,25,25,80,80
7,22,2026,0,25,25,25,80,80
7,22,2026,0,25,25,25,80,80
7,22,2026,0,25,25,25,80,80
7,22,2026,0,26,25,25,80,80
7,22,2026,0,26,25,25,80,80
7,22,2026,0,26,25,25,80,80
7,22,2026,0,26,25,25,80,80
7,22,2026,0,26,25,25,80,80
7,22,2026,0,26,25,25,80,80
7,22,2026,0,27,25,25,80,80
7,22,2026,0,27,25,25,80,80
7,22,2026,0,27,25,25,80,80
7,22,2026,0,27,25,25,80,80
7,22,2026,0,27,25,25,80,80
7,22,2026,0,27,25,25,80,80
7,22,2026,0,28,25,25,80,80
7,22,2026,0,28,25,25,80,80
7,22,2026,0,28,25,25,80,80
7,22,2026,0,28,25,25,80,80
7,22,2026,0,28,25,25,80,80
7,22,2026,0,28,25,25,80,80
7,22,2026,0,29,25,25,80,80
7,22,2026,0,29,25,25,80,80
7,22,2026,0,29,25,25,80,80
7,22,2026,0,29,25,25,80,80
7,22,2026,0,29,25,25,80,80
7,22,2026,0,29,25,25,80,80
7,22,2026,0,30,25,25,80,80
7,22,2026,0,30,25,25,80,80
7,22,2026,0,30,25,25,80,80
7,22,2026,0,30,25,25,80,80
7,22,2026,0,30,25,25,80,80
7,22,2026,0,30,25,25,80,80
7,22,2026,0,31,25,25,80,80
7,22,2026,0,31,25,25,80,80
7,22,2026,0,31,25,25,80,80
7,22,2026,0,31,25,25,80,80
7,22,2026,0,31,25,25,80,80
7,22,2026,0,31,25,25,80,80
7,22,2026,0,32,25,25,80,80
7,22,2026,0,32,25,25,80,80
7,22,2026,0,32,25,25,80,80
7,22,2026,0,32,25,25,80,80
7,22,2026,0,32,25,25,80,80
7,22,2026,0,32,25,25,80,80
7,22,2026,0,33,25,25,80,80
7,22,2026,0,33,25,25,80,80
7,22,2026,0,33,25,25,80,80
7,22,2026,0,33,25,25,80,80
7,22,2026,0,33,25,25,80,80
7,22,2026,0,33,25,25,80,80
7,22,2026,0,34,25,25,80,80
7,22,2026,0,34,25,25,80,80
7,22,2026,0,34,25,25,80,80
7,22,2026,0,34,25,25,80,80
7,22,2026,0,34,25,25,80,80
7,22,2026,0,34,25,25,80,80
7,22,2026,0,35,25,25,80,80
7,22,2026,0,35,25,25,80,80
7,22,2026,0,35,25,25,80,80
7,22,2026,0,35,25,25,80,80
7,22,2026,0,35,25,25,80,80
7,22,2026,0,35,25,25,80,80
7,22,2026,0,36,25,25,80,80
7,22,2026,0,36,25,25,80,80
7,22,2026,0,36,25,25,80,80
7,22,2026,0,36,25,25,80,80
7,22,2026,0,36,25,25,80,80
7,22,2026,0,36,25,25,80,80
7,22,2026,0,37,25,25,80,80
7,22,2026,0,37,25,25,80,80
7,22,2026,0,37,25,25,80,80
7,22,2026,0,37,25,25,80,80
7,22,2026,0,37,25,25,80,80
7,22,2026,0,37,25,25,80,80
7,22,2026,0,38,25,25,80,80
7,22,2026,0,38,25,25,80,80
7,22,2026,0,38,25,25,80,80
7,22,2026,0,38,25,25,80,80
7,22,2026,0,38,25,25,80,80
7,22,2026,0,38,25,25,80,80
7,22,2026,0,39,25,25,80,80
7,22,2026,0,39,25,25,80,80
7,22,2026,0,39,25,25,80,80
7,22,2026,0,39,25,25,80,80
7,22,2026,0,39,25,25,80,80
7,22,2026,0,39,25,25,80,80
7,22,2026,0,40,25,25,80,80
7,22,2026,0,40,25,25,80,80
7,22,2026,0,40,25,25,80,80
7,22,2026,0,40,25,25,80,80
7,22,2026,0,40,25,25,80,80
7,22,2026,0,40,25,25,80,80
7,22,2026,0,41,25,25,80,80
7,22,2026,0,41,25,25,80,80
7,22,2026,0,41,25,25,80,80
7,22,2026,0,41,25,25,80,80
7,22,2026,0,41,25,25,80,80
7,22,2026,0,41,25,25,80,80
7,22,2026,0,42,25,25,80,80
7,22,2026,0,42,25,25,80,80
7,22,2026,0,42,25,25,80,80
7,22,2026,0,42,25,25,80,80
7,22,2026,0,42,25,25,80,80
7,22,2026,0,42,25,25,80,80
7,22,2026,0,43,25,25,80,80
7,22,2026,0,43,25,25,80,80
7,22,2026,0,43,25,25,80,80
7,22,2026,0,43,25,25,80,80
7,22,2026,0,43,25,25,80,80
7,22,2026,0,43,25,25,80,80
7,22,2026,0,44,25,25,80,80
7,22,2026,0,44,25,25,80,80
7,22,2026,0,44,25,25,80,80
7,22,2026,0,44,25,25,80,80
7,22,2026,0,44,25,25,80,80
7,22,2026,0,44,25,25,80,80
7,22,2026,0,45,25,25,80,80
7,22,2026,0,45,25,25,80,80
7,22,2026,0,45,25,25,80,80
7,22,2026,0,45,25,25,80,80
7,22,2026,0,45,25,25,80,80
7,22,2026,0,45,25,25,80,80
7,22,2026,0,46,25,25,80,80
7,22,2026,0,46,25,25,80,80
7,22,2026,0,46,25,25,80,80
7,22,2026,0,46,25,25,80,80
7,22,2026,0,46,25,25,80,80
7,22,2026,0,46,25,25,80,80
7,22,2026,0,47,25,25,80,80
7,22,2026,0,47,25,25,80,80
7,22,2026,0,47,25,25,80,80
7,22,2026,0,47,25,25,80,80
7,22,2026,0,47,25,25,80,80
7,22,2026,0,47,25,25,80,80
7,22,2026,0,48,25,25,80,80
7,22,2026,0,48,25,25,80,80
7,22,2026,0,48,25,25,80,80
7,22,2026,0,48,25,25,80,80
7,22,2026,0,48,25,25,80,80
7,22,2026,0,48,25,25,80,80
7,22,2026,0,49,25,25,80,80
7,22,2026,0,49,25,25,80,80
7,22,2026,0,49,25,25,80,80
7,22,2026,0,49,25,25,80,80
7,22,2026,0,49,25,25,80,80
7,22,2026,0,49,25,25,80,80
7,22,2026,0,50,25,25,80,80
7,22,2026,0,50,25,25,80,80
7,22,2026,0,50,25,25,80,80
7,22,2026,0,50,25,25,80,80
7,22,2026,0,50,25,25,80,80
7,22,2026,0,50,25,25,80,80
7,22,2026,0,51,25,25,80,80
7,22,2026,0,51,25,25,80,80
7,22,2026,0,51,25,25,80,80
7,22,2026,0,51,25,25,80,80
7,22,2026,0,51,25,25,80,80
7,22,2026,0,51,25,25,80,80
7,22,2026,0,52,25,25,80,80
7,22,2026,0,52,25,25,80,80
7,22,2026,0,52,25,25,80,80
7,22,2026,0,52,25,25,80,80
7,22,2026,0,52,25,25,80,80
7,22,2026,0,52,25,25,80,80
7,22,2026,0,53,25,25,80,80
7,22,2026,0,53,25,25,80,80
7,22,2026,0,53,25,25,80,80
7,22,2026,0,53,25,25,80,80
7,22,2026,0,53,25,25,80,80
7,22,2026,0,53,25,25,80,80
7,22,2026,0,54,25,25,80,80
7,22,2026,0,54,25,25,80,80
7,22,2026,0,54,25,25,80,80
7,22,2026,0,54,25,25,80,80
7,22,2026,0,54,25,25,80,80
7,22,2026,0,54,25,25,80,80
7,22,2026,0,55,25,25,80,80
7,22,2026,0,55,25,25,80,80
7,22,2026,0,55,25,25,80,80
7,22,2026,0,55,25,25,80,80
7,22,2026,0,55,25,25,80,80
7,22,2026,0,55,25,25,80,80
7,22,2026,0,56,25,25,80,80
7,22,2026,0,56,25,25,80,80
7,22,2026,0,56,25,25,80,80
7,22,2026,0,56,25,25,80,80
7,22,2026,0,56,25,25,80,80
7,22,2026,0,56,25,25,80,80
7,22,2026,0,57,25,25,80,80
7,22,2026,0,57,25,25,80,80
7,22,2026,0,57,25,25,80,80
7,22,2026,0,57,25,25,80,80
7,22,2026,0,57,25,25,80,80
7,22,2026,0,57,25,25,80,80
7,22,2026,0,58,25,25,80,80
7,22,2026,0,58,25,25,80,80
7,22,2026,0,58,25,25,80,80
7,22,2026,0,58,25,25,80,80
7,22,2026,0,58,25,25,80,80
7,22,2026,0,58,25,25,80,80
7,22,2026,0,59,25,25,80,80
7,22,2026,0,59,25,25,80,80
7,22,2026,0,59,25,25,80,80
7,22,2026,0,59,25,25,80,80
7,22,2026,0,59,25,25,80,80
7,22,2026,0,59,25,25,80,80
7,22,2026,1,00,25,25,80,80
7,22,2026,1,00,25,25,80,80
7,22,2026,1,00,25,25,80,80
7,22,2026,1,00,25,25,80,80
7,22,2026,1,00,25,25,80,80
7,22,2026,1,00,25,25,80,80
7,22,2026,1,01,25,25,80,80
7,22,2026,1,01,25,25,80,80
7,22,2026,1,01,25,25,80,80
7,22,2026,1,01,25,25,80,80
7,22,2026,1,01,25,25,80,80
7,22,2026,1,01,25,25,80,80
7,22,2026,1,02,25,25,80,80
7,22,2026,1,02,25,25,80,80
7,22,2026,1,02,25,25,80,80
7,22,2026,1,02,25,25,80,80
7,22,2026,1,02,25,25,80,80
7,22,2026,1,02,25,25,80,80
7,22,2026,1,03,25,25,80,80
7,22,2026,1,03,25,25,80,80
7,22,2026,1,03,25,25,80,80
7,22,2026,1,03,25,25,80,80
7,22,2026,1,03,25,25,80,80
7,22,2026,1,03,25,25,80,80
7,22,2026,1,04,25,25,80,80
7,22,2026,1,04,25,25,80,80
7,22,2026,1,04,25,25,80,80
7,22,2026,1,04,25,25,80,80
7,22,2026,1,04,25,25,80,80
7,22,2026,1,04,25,25,80,80
7,22,2026,1,05,25,25,80,80
7,22,2026,1,05,25,25,80,80
7,22,2026,1,05,25,25,80,80
7,22,2026,1,05,25,25,80,80
7,22,2026,1,05,25,25,80,80
7,22,2026,1,05,25,25,80,80
7,22,2026,1,06,25,25,80,80
7,22,2026,1,06,25,25,80,80
7,22,2026,1,06,25,25,80,80
7,22,2026,1,06,25,25,80,80
7,22,2026,1,06,25,25,80,80
7,22,2026,1,06,25,25,80,80
7,22,2026,1,07,25,25,80,80
7,22,2026,1,07,25,25,80,80
7,22,2026,1,07,25,25,80,80
7,22,2026,1,07,25,25,80,80
7,22,2026,1,07,25,25,80,80
7,22,2026,1,07,25,25,80,80
7,22,2026,1,08,25,25,80,80
7,22,2026,1,08,25,25,80,80
7,22,2026,1,08,25,25,80,80
7,22,2026,1,08,25,25,80,80
7,22,2026,1,08,25,25,80,80
7,22,2026,1,08,25,25,80,80
7,22,2026,1,09,25,25,80,80
7,22,2026,1,09,25,25,80,80
7,22,2026,1,09,25,25,80,80
7,22,2026,1,09,25,25,80,80
7,22,2026,1,09,25,25,80,80
7,22,2026,1,09,25,25,80,80
7,22,2026,1,10,25,25,80,80
7,22,2026,1,10,25,25,80,80
7,22,2026,1,10,25,25,80,80
7,22,2026,1,10,25,25,80,80
7,22,2026,1,10,25,25,80,80
7,22,2026,1,10,25,25,80,80
7,22,2026,1,11,25,25,80,80
7,22,2026,1,11,25,25,80,80
7,22,2026,1,11,25,25,80,80
7,22,2026,1,11,25,25,80,80
7,22,2026,1,11,25,25,80,80
7,22,2026,1,11,25,25,80,80
7,22,2026,1,12,25,25,80,80
7,22,2026,1,12,25,25,80,80
7,22,2026,1,12,25,25,80,80
7,22,2026,1,12,25,25,80,80
7,22,2026,1,12,25,25,80,80
7,22,2026,1,12,25,25,80,80
7,22,2026,1,13,25,25,80,80
7,22,2026,1,13,25,25,80,80
7,22,2026,1,13,25,25,80,80
7,22,2026,1,13,25,25,80,80
7,22,2026,1,13,25,25,80,80
7,22,2026,1,13,25,25,80,80
7,22,2026,1,14,25,25,80,80
7,22,2026,1,14,25,25,80,80
7,22,2026,1,14,25,25,80,80
7,22,2026,1,14,25,25,80,80
7,22,2026,1,14,25,25,80,80
7,22,2026,1,14,25,25,80,80
7,22,2026,1,15,25,25,80,80
7,22,2026,1,15,25,25,80,80
7,22,2026,1,15,25,25,80,80
7,22,2026,1,15,25,5,80,50
7,22,2026,1,15,24.9,5,80,50
7,22,2026,1,15,24.8,5,81,50
7,22,2026,1,16,24.7,5,81,50
7,22,2026,1,16,24.6,5,81,50
7,22,2026,1,16,24.5,5,81,50
7,22,2026,1,16,24.4,5,81,50
7,22,2026,1,16,24.3,5,80,50
7,22,2026,1,16,24.2,5,80,50
7,22,2026,1,17,24.1,5,79,50
7,22,2026,1,17,23.9,5,77,50
7,22,2026,1,17,23.7,5,76,50
7,22,2026,1,17,23.4,5,74,50
7,22,2026,1,17,23.2,5,73,50
7,22,2026,1,17,22.9,5,71,50
7,22,2026,1,18,22.6,5,69,50
7,22,2026,1,18,22.2,5,68,50
7,22,2026,1,18,21.8,5,67,50
7,22,2026,1,18,21.4,5,66,50
7,22,2026,1,18,20.9,5,65,50
7,22,2026,1,18,20.3,5,65,50
7,22,2026,1,19,19.7,5,64,50
7,22,2026,1,19,19,5,63,50
7,22,2026,1,19,18.4,5,62,50
7,22,2026,1,19,17.7,5,61,50
7,22,2026,1,19,17,5,60,50
7,22,2026,1,19,16.4,5,60,50
7,22,2026,1,20,15.7,5,59,50
7,22,2026,1,20,15.1,5,59,50
7,22,2026,1,20,14.6,5,59,50
7,22,2026,1,20,14.1,5,59,50
7,22,2026,1,20,13.5,5,59,50
7,22,2026,1,20,13.1,5,59,50
7,22,2026,1,21,12.6,5,59,50
7,22,2026,1,21,12.1,5,59,50
7,22,2026,1,21,11.7,5,59,50
7,22,2026,1,21,11.3,5,60,50
7,22,2026,1,21,10.9,5,60,50
7,22,2026,1,21,10.5,5,60,50
7,22,2026,1,22,10.2,5,60,50
7,22,2026,1,22,9.8,5,60,50
7,22,2026,1,22,9.4,5,60,50
7,22,2026,1,22,9.1,5,61,50
7,22,2026,1,22,8.7,5,61,50
7,22,2026,1,22,8.4,5,61,50
7,22,2026,1,23,8,5,61,50
7,22,2026,1,23,7.7,5,61,50
7,22,2026,1,23,7.3,5,61,50
7,22,2026,1,23,7,5,62,50
7,22,2026,1,23,6.6,5,62,50
7,22,2026,1,23,6.3,5,62,50
7,22,2026,1,24,6,5,62,50
7,22,2026,1,24,5.6,5,62,50
7,22,2026,1,24,5.3,5,62,50
7,22,2026,1,24,5,5,62,50
7,22,2026,1,24,4.8,5,62,50
7,22,2026,1,24,4.7,5,60,50
7,22,2026,1,25,4.7,5,59,50
7,22,2026,1,25,4.7,5,57,50
7,22,2026,1,25,4.7,5,56,50
7,22,2026,1,25,4.8,5,55,50
7,22,2026,1,25,4.8,5,54,50
7,22,2026,1,25,4.8,5,53,50
7,22,2026,1,26,4.8,5,53,50
7,22,2026,1,26,4.9,5,52,50
7,22,2026,1,26,4.9,5,52,50
7,22,2026,1,26,4.9,5,51,50
7,22,2026,1,26,4.9,5,51,50
7,22,2026,1,26,4.9,5,51,50
7,22,2026,1,27,4.9,5,51,50
7,22,2026,1,27,4.9,5,50,50
7,22,2026,1,27,4.9,5,50,50
7,22,2026,1,27,4.9,5,50,50
7,22,2026,1,27,4.9,5,50,50
7,22,2026,1,27,5,5,49,50
7,22,2026,1,28,5,5,49,50
7,22,2026,1,28,4.9,5,49,50
7,22,2026,1,28,4.9,5,49,50
7,22,2026,1,28,4.9,5,49,50
7,22,2026,1,28,5,5,49,50
7,22,2026,1,28,5,5,49,50
7,22,2026,1,29,5,5,49,50
7,22,2026,1,29,5,5,49,50
7,22,2026,1,29,5,5,49,50
7,22,2026,1,29,5,5,49,50
7,22,2026,1,29,5,5,49,50
7,22,2026,1,29,5,5,49,50
7,22,2026,1,30,5,5,49,50
7,22,2026,1,30,5,5,49,50
7,22,2026,1,30,5,5,49,50
7,22,2026,1,30,5,5,48,50
7,22,2026,1,30,5,5,49,50
7,22,2026,1,30,5,5,49,50
7,22,2026,1,31,5,5,49,50
7,22,2026,1,31,5,5,49,50
7,22,2026,1,31,5,5,48,50
7,22,2026,1,31,5,5,49,50
7,22,2026,1,31,5,5,49,50
7,22,2026,1,31,5,5,49,50
7,22,2026,1,32,5,5,49,50
7,22,2026,1,32,5,5,49,50
7,22,2026,1,32,5,5,49,50
7,22,2026,1,32,5,5,49,50
7,22,2026,1,32,5,5,49,50
7,22,2026,1,32,5,5,49,50
7,22,2026,1,33,5,5,49,50
7,22,2026,1,33,5,5,49,50
7,22,2026,1,33,5,5,49,50
7,22,2026,1,33,5,5,49,50
7,22,2026,1,33,5,5,49,50
7,22,2026,1,33,5,5,49,50
7,22,2026,1,34,5,5,49,50
7,22,2026,1,34,5,5,49,50
7,22,2026,1,34,5,5,49,50
7,22,2026,1,34,5,5,49,50
7,22,2026,1,34,5,5,49,50
7,22,2026,1,34,5,5,49,50
7,22,2026,1,35,5,5,49,50
7,22,2026,1,35,5,5,49,50
7,22,2026,1,35,5,5,49,50
7,22,2026,1,35,5,5,49,50
7,22,2026,1,35,5,5,49,50
7,22,2026,1,35,5,5,49,50
7,22,2026,1,36,5,5,49,50
7,22,2026,1,36,5,5,49,50
7,22,2026,1,36,5,5,49,50
7,22,2026,1,36,5,5,49,50
7,22,2026,1,36,5,5,49,50
7,22,2026,1,36,5,5,49,50
7,22,2026,1,37,5,5,50,50
7,22,2026,1,37,5,5,50,50
7,22,2026,1,37,5,5,49,50
7,22,2026,1,37,5,5,50,50
7,22,2026,1,37,5,5,50,50
7,22,2026,1,37,5,5,50,50
7,22,2026,1,38,5,5,50,50
7,22,2026,1,38,5,5,50,50
7,22,2026,1,38,5,5,50,50
7,22,2026,1,38,5,5,50,50
7,22,2026,1,38,5,5,50,50
7,22,2026,1,38,5,5,50,50
7,22,2026,1,39,5,5,50,50
7,22,2026,1,39,5,5,50,50
7,22,2026,1,39,5,5,50,50
7,22,2026,1,39,5,5,50,50
7,22,2026,1,39,5,5,50,50
7,22,2026,1,39,5,5,50,50
7,22,2026,1,40,5,5,50,50
7,22,2026,1,40,5,5,50,50
7,22,2026,1,40,5,5,50,50
7,22,2026,1,40,5,5,50,50
7,22,2026,1,40,5,5,50,50
7,22,2026,1,40,5,5,50,50
7,22,2026,1,41,5,5,50,50
7,22,2026,1,41,5,5,50,50
7,22,2026,1,41,5,5,50,50
7,22,2026,1,41,5,5,50,50
7,22,2026,1,41,5,5,50,50
7,22,2026,1,41,5,5,50,50
7,22,2026,1,42,5,5,50,50
7,22,2026,1,42,5,5,50,50
7,22,2026,1,42,5,5,50,50
7,22,2026,1,42,5,5,50,50
7,22,2026,1,42,5,5,50,50
7,22,2026,1,42,5,5,50,50
7,22,2026,1,43,5,5,50,50
7,22,2026,1,43,5,5,50,50
7,22,2026,1,43,5,5,50,50
7,22,2026,1,43,5,5,50,50
7,22,2026,1,43,5,5,50,50
7,22,2026,1,43,5,5,50,50
7,22,2026,1,44,5,5,50,50
7,22,2026,1,44,5,5,50,50
7,22,2026,1,44,5,5,50,50
7,22,2026,1,44,5,5,50,50
7,22,2026,1,44,5,5,50,50
7,22,2026,1,44,5,5,50,50
7,22,2026,1,45,5,5,50,50
7,22,2026,1,45,5,5,50,50
7,22,2026,1,45,5,5,50,50
7,22,2026,1,45,5,5,50,50
7,22,2026,1,45,5,5,50,50
7,22,2026,1,45,5,5,50,50
7,22,2026,1,46,5,5,50,50
7,22,2026,1,46,5,5,50,50
7,22,2026,1,46,5,5,50,50
7,22,2026,1,46,5,5,50,50
7,22,2026,1,46,5,5,50,50
7,22,2026,1,46,5,5,50,50
7,22,2026,1,47,5,5,50,50
7,22,2026,1,47,5,5,50,50
7,22,2026,1,47,5,5,50,50
7,22,2026,1,47,5,5,50,50
7,22,2026,1,47,5,5,50,50
7,22,2026,1,47,5,5,50,50
7,22,2026,1,48,5,5,50,50
7,22,2026,1,48,5,5,50,50
7,22,2026,1,48,5,5,50,50
7,22,2026,1,48,5,5,50,50
7,22,2026,1,48,5,5,50,50
7,22,2026,1,48,5,5,50,50
7,22,2026,1,49,5,5,50,50
7,22,2026,1,49,5,5,50,50
7,22,2026,1,49,5,5,50,50
7,22,2026,1,49,5,5,50,50
7,22,2026,1,49,5,5,50,50
7,22,2026,1,49,5,5,50,50
7,22,2026,1,50,5,5,50,50
7,22,2026,1,50,5,5,50,50
7,22,2026,1,50,5,5,50,50
7,22,2026,1,50,5,5,50,50
7,22,2026,1,50,5,5,50,50
7,22,2026,1,50,5,5,50,50
7,22,2026,1,51,5,5,50,50
7,22,2026,1,51,5,5,50,50
7,22,2026,1,51,5,5,50,50
7,22,2026,1,51,5,5,50,50
7,22,2026,1,51,5,5,50,50
7,22,2026,1,51,5,5,50,50
7,22,2026,1,52,5,5,50,50
7,22,2026,1,52,5,5,50,50
7,22,2026,1,52,5,5,50,50
7,22,2026,1,52,5,5,50,50
7,22,2026,1,52,5,5,50,50
7,22,2026,1,52,5,5,50,50
7,22,2026,1,53,5,5,50,50
7,22,2026,1,53,5,5,50,50
7,22,2026,1,53,5,5,50,50
7,22,2026,1,53,5,5,50,50
7,22,2026,1,53,5,5,50,50
7,22,2026,1,53,5,5,50,50
7,22,2026,1,54,5,5,50,50
7,22,2026,1,54,5,5,50,50
7,22,2026,1,54,5,5,50,50
7,22,2026,1,54,5,5,50,50
7,22,2026,1,54,5,5,50,50
7,22,2026,1,54,5,5,50,50
7,22,2026,1,55,5,5,50,50
7,22,2026,1,55,5,5,50,50
7,22,2026,1,55,5,5,50,50
7,22,2026,1,55,5,5,50,50
7,22,2026,1,55,5,5,50,50
7,22,2026,1,55,5,5,50,50
7,22,2026,1,56,5,5,50,50
7,22,2026,1,56,5,5,50,50
7,22,2026,1,56,5,5,50,50
7,22,2026,1,56,5,5,50,50
7,22,2026,1,56,5,5,50,50
7,22,2026,1,56,5,5,50,50
7,22,2026,1,57,5,5,50,50
7,22,2026,1,57,5,5,50,50
7,22,2026,1,57,5,5,50,50
7,22,2026,1,57,5,5,50,50
7,22,2026,1,57,5,5,50,50
7,22,2026,1,57,5,5,50,50
7,22,2026,1,58,5,5,50,50
7,22,2026,1,58,5,5,50,50
7,22,2026,1,58,5,5,50,50
7,22,2026,1,58,5,5,50,50
7,22,2026,1,58,5,5,50,50
7,22,2026,1,58,5,5,50,50
7,22,2026,1,59,5,5,50,50
7,22,2026,1,59,5,5,50,50
7,22,2026,1,59,5,5,50,50
7,22,2026,1,59,5,5,50,50
7,22,2026,1,59,5,5,50,50
7,22,2026,1,59,5,5,50,50
7,22,2026,2,00,5,5,50,50
7,22,2026,2,00,5,5,50,50
7,22,2026,2,00,5,5,50,50
7,22,2026,2,00,5,5,50,50
7,22,2026,2,00,5,5,50,50
7,22,2026,2,00,5,5,50,50
7,22,2026,2,01,5,5,50,50
7,22,2026,2,01,5,5,50,50
7,22,2026,2,01,5,5,50,50
7,22,2026,2,01,5,5,50,50
7,22,2026,2,01,5,5,50,50
7,22,2026,2,01,5,5,50,50
7,22,2026,2,02,5,5,50,50
7,22,2026,2,02,5,5,50,50
7,22,2026,2,02,5,5,50,50
7,22,2026,2,02,5,5,50,50
7,22,2026,2,02,5,5,50,50
7,22,2026,2,02,5,5,50,50
7,22,2026,2,03,5,5,50,50
7,22,2026,2,03,5,5,50,50
7,22,2026,2,03,5,5,50,50
7,22,2026,2,03,5,5,50,50
7,22,2026,2,03,5,5,50,50
7,22,2026,2,03,5,5,50,50
7,22,2026,2,04,5,5,50,50
7,22,2026,2,04,5,5,50,50
7,22,2026,2,04,5,5,50,50
7,22,2026,2,04,5,5,50,50
7,22,2026,2,04,5,5,50,50
7,22,2026,2,04,5,5,50,50
7,22,2026,2,05,5,5,50,50
7,22,2026,2,05,5,5,50,50
7,22,2026,2,05,5,5,50,50
7,22,2026,2,05,5,5,51,50
7,22,2026,2,05,5,5,51,50
7,22,2026,2,05,5,5,51,50
7,22,2026,2,06,5,5,51,50
7,22,2026,2,06,5,5,51,50
7,22,2026,2,06,5,5,51,50
7,22,2026,2,06,5,5,51,50
7,22,2026,2,06,5,5,51,50
7,22,2026,2,06,5,5,50,50
7,22,2026,2,07,5,5,50,50
7,22,2026,2,07,5,5,50,50
7,22,2026,2,07,5,5,50,50
7,22,2026,2,07,5,5,50,50
7,22,2026,2,07,5,5,50,50
7,22,2026,2,07,5,5,50,50
7,22,2026,2,08,5,5,50,50
7,22,2026,2,08,5,5,50,50
7,22,2026,2,08,5,5,50,50
7,22,2026,2,08,5,5,50,50
7,22,2026,2,08,5,5,50,50
7,22,2026,2,08,5,5,50,50
7,22,2026,2,09,5,5,50,50
7,22,2026,2,09,5,5,50,50
7,22,2026,2,09,5,5,50,50
7,22,2026,2,09,5,5,50,50
7,22,2026,2,09,5,5,50,50
7,22,2026,2,09,5,5,50,50
7,22,2026,2,10,5,5,50,50
7,22,2026,2,10,5,5,50,50
7,22,2026,2,10,5,5,50,50
7,22,2026,2,10,5,5,50,50
7,22,2026,2,10,5,5,50,50
7,22,2026,2,10,5,5,50,50
7,22,2026,2,11,5,5,50,50
7,22,2026,2,11,5,5,50,50
7,22,2026,2,11,5,5,50,50
7,22,2026,2,11,5,5,50,50
7,22,2026,2,11,5,5,50,50
7,22,2026,2,11,5,5,50,50
7,22,2026,2,12,5,5,50,50
7,22,2026,2,12,5,5,50,50
7,22,2026,2,12,5,5,50,50
7,22,2026,2,12,5,5,50,50
7,22,2026,2,12,5,5,50,50
7,22,2026,2,12,5,5,50,50
7,22,2026,2,13,5,5,50,50
7,22,2026,2,13,5,5,50,50
7,22,2026,2,13,5,5,50,50
7,22,2026,2,13,5,5,50,50
7,22,2026,2,13,5,5,50,50
7,22,2026,2,13,5,5,50,50
7,22,2026,2,14,5,5,50,50
7,22,2026,2,14,5,5,50,50
7,22,2026,2,14,5,5,50,50
7,22,2026,2,14,5,5,50,50
7,22,2026,2,14,5,5,50,50
7,22,2026,2,14,5,5,50,50
7,22,2026,2,15,5,5,50,50
7,22,2026,2,15,5.1,5,49,50
7,22,2026,2,15,5.1,5,48,50
7,22,2026,2,15,5,5,48,50
7,22,2026,2,15,5,5,48,50
7,22,2026,2,15,5,5,48,50
7,22,2026,2,16,4.9,5,49,50
7,22,2026,2,16,5,5,50,50
7,22,2026,2,16,5,5,50,50
7,22,2026,2,16,5,5,51,50
7,22,2026,2,16,5,5,51,50
7,22,2026,2,16,5,5,51,50
7,22,2026,2,17,5,5,51,50
7,22,2026,2,17,5,5,51,50
7,22,2026,2,17,5,5,51,50
7,22,2026,2,17,5,5,51,50
7,22,2026,2,17,5,5,51,50
7,22,2026,2,17,5,5,51,50
7,22,2026,2,18,5,5,51,50
7,22,2026,2,18,5,5,51,50
7,22,2026,2,18,5,5,51,50
7,22,2026,2,18,5,5,50,50
7,22,2026,2,18,5,5,51,50
7,22,2026,2,18,5,5,51,50
7,22,2026,2,19,5,5,51,50
7,22,2026,2,19,5,5,50,50
7,22,2026,2,19,5,5,50,50
7,22,2026,2,19,5,5,50,50
7,22,2026,2,19,5,5,50,50
7,22,2026,2,19,5,5,50,50
7,22,2026,2,20,5,5,50,50
7,22,2026,2,20,5,5,50,50
7,22,2026,2,20,5,5,50,50
7,22,2026,2,20,5,5,50,50
7,22,2026,2,20,5,5,50,50
7,22,2026,2,20,5,5,50,50
7,22,2026,2,21,5,5,50,50
7,22,2026,2,21,5,5,50,50
7,22,2026,2,21,5,5,49,50
7,22,2026,2,21,5,5,49,50
7,22,2026,2,21,5.1,5,49,50
7,22,2026,2,21,5.1,5,48,50
7,22,2026,2,22,5.1,5,48,50
7,22,2026,2,22,5.1,5,49,50
7,22,2026,2,22,5.1,5,49,50
7,22,2026,2,22,5,5,49,50
7,22,2026,2,22,5,5,49,50
7,22,2026,2,22,5,5,49,50
7,22,2026,2,23,5,5,49,50
7,22,2026,2,23,4.9,5,50,50
7,22,2026,2,23,4.9,5,49,50
7,22,2026,2,23,5,5,49,50
7,22,2026,2,23,5,5,49,50
7,22,2026,2,23,5,5,49,50
7,22,2026,2,24,5,5,49,50
7,22,2026,2,24,5,5,50,50
7,22,2026,2,24,5,5,50,50
7,22,2026,2,24,4.9,5,51,50
7,22,2026,2,24,4.9,5,51,50
7,22,2026,2,24,5,5,50,50
7,22,2026,2,25,5.1,5,50,50
7,22,2026,2,25,5.1,5,50,50
7,22,2026,2,25,5,5,51,50
7,22,2026,2,25,5,5,51,50
7,22,2026,2,25,5,5,50,50
7,22,2026,2,25,5,5,50,50
7,22,2026,2,26,5,5,50,50
7,22,2026,2,26,5,5,50,50
7,22,2026,2,26,5,5,50,50
7,22,2026,2,26,5,5,50,50
7,22,2026,2,26,5,5,50,50
7,22,2026,2,26,5,5,50,50
7,22,2026,2,27,5,5,50,50
7,22,2026,2,27,5,5,50,50
7,22,2026,2,27,5,5,50,50
7,22,2026,2,27,5,5,50,50
7,22,2026,2,27,5,5,50,50
7,22,2026,2,27,5,5,50,50
7,22,2026,2,28,5,5,50,50
7,22,2026,2,28,5,5,50,50
7,22,2026,2,28,5,5,50,50
7,22,2026,2,28,5,5,50,50
7,22,2026,2,28,5,5,50,50
7,22,2026,2,28,5,5,50,50
7,22,2026,2,29,5,5,50,50
7,22,2026,2,29,5,5,50,50
7,22,2026,2,29,5,5,50,50
7,22,2026,2,29,5,5,50,50
7,22,2026,2,29,5,5,51,50
7,22,2026,2,29,5,5,50,50
7,22,2026,2,30,5,5,51,50
7,22,2026,2,30,5,5,50,50
7,22,2026,2,30,5,5,50,50
7,22,2026,2,30,5,5,50,50
7,22,2026,2,30,5,5,50,50
7,22,2026,2,30,5,5,51,50
7,22,2026,2,31,5,5,50,50
7,22,2026,2,31,5,5,50,50
7,22,2026,2,31,5,5,50,50
7,22,2026,2,31,5,5,50,50
7,22,2026,2,31,5,5,50,50
7,22,2026,2,31,5,5,50,50
7,22,2026,2,32,5,5,50,50
7,22,2026,2,32,5,5,50,50
7,22,2026,2,32,5,5,50,50
7,22,2026,2,32,5,5,50,50
7,22,2026,2,32,5,5,50,50
7,22,2026,2,32,5,5,50,50
7,22,2026,2,33,5,5,50,50
7,22,2026,2,33,5,5,50,50
7,22,2026,2,33,5,5,50,50
7,22,2026,2,33,5,5,50,50
7,22,2026,2,33,5,5,50,50
7,22,2026,2,33,5,5,50,50
7,22,2026,2,34,5,5,50,50
7,22,2026,2,34,5,5,50,50
7,22,2026,2,34,5,5,50,50
7,22,2026,2,34,5,5,50,50
7,22,2026,2,34,5,5,50,50
7,22,2026,2,34,5,5,50,50
7,22,2026,2,35,5,5,50,50
7,22,2026,2,35,5,5,50,50
7,22,2026,2,35,5,5,50,50
7,22,2026,2,35,5,5,50,50
7,22,2026,2,35,5,5,50,50
7,22,2026,2,35,5,5,50,50
7,22,2026,2,36,5,5,50,50
7,22,2026,2,36,5,5,50,50
7,22,2026,2,36,5,5,50,50
7,22,2026,2,36,5,5,50,50
7,22,2026,2,36,5,5,50,50
7,22,2026,2,36,5,5,50,50
7,22,2026,2,37,5,5,50,50
7,22,2026,2,37,5,5,50,50
7,22,2026,2,37,5,5,50,50
7,22,2026,2,37,5,5,50,50
7,22,2026,2,37,5,5,50,50
7,22,2026,2,37,5,5,50,50
7,22,2026,2,38,5,5,50,50
7,22,2026,2,38,5,5,50,50
7,22,2026,2,38,5,5,50,50
7,22,2026,2,38,5,5,50,50
7,22,2026,2,38,5,5,50,50
7,22,2026,2,38,5,5,50,50
7,22,2026,2,39,5,5,50,50
7,22,2026,2,39,5,5,50,50
7,22,2026,2,39,5,5,50,50
7,22,2026,2,39,5,5,50,50
7,22,2026,2,39,5,5,50,50
7,22,2026,2,39,5,5,50,50
7,22,2026,2,40,5,5,50,50
7,22,2026,2,40,5,5,50,50
7,22,2026,2,40,5,5,50,50
7,22,2026,2,40,5,5,50,50
7,22,2026,2,40,5,5,50,50
7,22,2026,2,40,5,5,50,50
7,22,2026,2,41,5,5,50,50
7,22,2026,2,41,5,5,50,50
7,22,2026,2,41,5,5,50,50
7,22,2026,2,41,5,5,50,50
7,22,2026,2,41,5,5,50,50
7,22,2026,2,41,5,5,50,50
7,22,2026,2,42,5,5,50,50
7,22,2026,2,42,5,5,50,50
7,22,2026,2,42,5,5,50,50
7,22,2026,2,42,5,5,50,50
7,22,2026,2,42,5,5,50,50
7,22,2026,2,42,5,5,50,50
7,22,2026,2,43,5,5,50,50
7,22,2026,2,43,5,5,50,50
7,22,2026,2,43,5,5,50,50
7,22,2026,2,43,5,5,51,50
7,22,2026,2,43,5,5,50,50
7,22,2026,2,43,5,5,50,50
7,22,2026,2,44,5,5,50,50
7,22,2026,2,44,5,5,50,50
7,22,2026,2,44,5,5,50,50
7,22,2026,2,44,5,5,50,50
7,22,2026,2,44,5,5,50,50
7,22,2026,2,44,5,5,50,50
7,22,2026,2,45,5,5,50,50
7,22,2026,2,45,5,5,50,50
7,22,2026,2,45,5,5,50,50
7,22,2026,2,45,5,5,50,50
7,22,2026,2,45,5,5,50,50
7,22,2026,2,45,5,5,50,50
7,22,2026,2,46,5,5,50,50
7,22,2026,2,46,5,5,50,50
7,22,2026,2,46,5,5,50,50
7,22,2026,2,46,5,5,50,50
7,22,2026,2,46,5,5,50,50
7,22,2026,2,46,5,5,50,50
7,22,2026,2,47,5,5,50,50
7,22,2026,2,47,5,5,50,50
7,22,2026,2,47,5,5,50,50
7,22,2026,2,47,5,5,50,50
7,22,2026,2,47,5,5,50,50
7,22,2026,2,47,5,5,50,50
7,22,2026,2,48,5,5,50,50
7,22,2026,2,48,5,5,50,50
7,22,2026,2,48,5,5,51,50
7,22,2026,2,48,5,5,50,50
7,22,2026,2,48,5,5,50,50
7,22,2026,2,48,5,5,50,50
7,22,2026,2,49,5,5,50,50
7,22,2026,2,49,5,5,50,50
7,22,2026,2,49,5,5,50,50
7,22,2026,2,49,5,5,50,50
7,22,2026,2,49,5,5,50,50
7,22,2026,2,49,5,5,50,50
7,22,2026,2,50,5,5,50,50
7,22,2026,2,50,5,5,50,50
7,22,2026,2,50,5,5,50,50
7,22,2026,2,50,5,5,50,50
7,22,2026,2,50,5,5,50,50
7,22,2026,2,50,5,5,51,50
7,22,2026,2,51,5,5,51,50
7,22,2026,2,51,5,5,50,50
7,22,2026,2,51,5,5,50,50
7,22,2026,2,51,5,5,50,50
7,22,2026,2,51,5,5,50,50
7,22,2026,2,51,5,5,50,50
7,22,2026,2,52,5,5,50,50
7,22,2026,2,52,5,5,50,50
7,22,2026,2,52,5,5,50,50
7,22,2026,2,52,5,5,50,50
7,22,2026,2,52,5,5,50,50
7,22,2026,2,52,5,5,50,50
7,22,2026,2,53,5,5,50,50
7,22,2026,2,53,5,5,50,50
7,22,2026,2,53,5,5,50,50
7,22,2026,2,53,5,5,50,50
7,22,2026,2,53,5,5,50,50
7,22,2026,2,53,5,5,50,50
7,22,2026,2,54,5,5,50,50
7,22,2026,2,54,5,5,50,50
7,22,2026,2,54,5,5,50,50
7,22,2026,2,54,5,5,50,50
7,22,2026,2,54,5,5,50,50
7,22,2026,2,54,5,5,50,50
7,22,2026,2,55,5,5,50,50
7,22,2026,2,55,5,5,50,50
7,22,2026,2,55,5,5,50,50
7,22,2026,2,55,5,5,50,50
7,22,2026,2,55,5,5,50,50
7,22,2026,2,55,5,5,50,50
7,22,2026,2,56,5,5,50,50
7,22,2026,2,56,5,5,50,50
7,22,2026,2,56,5,5,50,50
7,22,2026,2,56,5,5,50,50
7,22,2026,2,56,5,5,50,50
7,22,2026,2,56,5,5,50,50
7,22,2026,2,57,5,5,50,50
7,22,2026,2,57,5,5,50,50
7,22,2026,2,57,5,5,50,50
7,22,2026,2,57,5,5,50,50
7,22,2026,2,57,5,5,50,50
7,22,2026,2,57,5,5,50,50
7,22,2026,2,58,5,5,50,50
7,22,2026,2,58,5,5,50,50
7,22,2026,2,58,5,5,50,50
7,22,2026,2,58,5,5,50,50
7,22,2026,2,58,5,5,50,50
7,22,2026,2,58,5,5,50,50
7,22,2026,2,59,5,5,50,50
7,22,2026,2,59,5,5,50,50
7,22,2026,2,59,5,5,50,50
7,22,2026,2,59,5,5,50,50
7,22,2026,2,59,5,5,50,50
7,22,2026,2,59,5,5,50,50
7,22,2026,3,00,5,5,50,50
7,22,2026,3,00,5,5,50,50
7,22,2026,3,00,5,5,50,50
7,22,2026,3,00,5,5,50,50
7,22,2026,3,00,5,5,50,50
7,22,2026,3,00,5,5,50,50
7,22,2026,3,01,5,5,50,50
7,22,2026,3,01,5,5,50,50
7,22,2026,3,01,5,5,50,50
7,22,2026,3,01,5,5,50,50
7,22,2026,3,01,5,5,50,50
7,22,2026,3,01,5,5,50,50
7,22,2026,3,02,5,5,50,50
7,22,2026,3,02,5,5,50,50
7,22,2026,3,02,5,5,50,50
7,22,2026,3,02,5,5,50,50
7,22,2026,3,02,5,5,50,50
7,22,2026,3,02,5,5,50,50
7,22,2026,3,03,5,5,50,50
7,22,2026,3,03,5,5,50,50
7,22,2026,3,03,5,5,50,50
7,22,2026,3,03,5,5,50,50
7,22,2026,3,03,5,5,50,50
7,22,2026,3,03,5,5,50,50
7,22,2026,3,04,5,5,50,50
7,22,2026,3,04,5,5,50,50
7,22,2026,3,04,5,5,50,50
7,22,2026,3,04,5,5,50,50
7,22,2026,3,04,5,5,50,50
7,22,2026,3,04,5,5,50,50
7,22,2026,3,05,5,5,50,50
7,22,2026,3,05,5,5,50,50
7,22,2026,3,05,5,5,50,50
7,22,2026,3,05,5,5,50,50
7,22,2026,3,05,5,5,50,50
7,22,2026,3,05,5,5,50,50
7,22,2026,3,06,5,5,50,50
7,22,2026,3,06,5,5,50,50
7,22,2026,3,06,5,5,50,50
7,22,2026,3,06,5,5,50,50
7,22,2026,3,06,5,5,50,50
7,22,2026,3,06,5,5,51,50
7,22,2026,3,07,5,5,51,50
7,22,2026,3,07,5,5,50,50
7,22,2026,3,07,5,5,51,50
7,22,2026,3,07,5,5,51,50
7,22,2026,3,07,5,5,51,50
7,22,2026,3,07,5,5,51,50
7,22,2026,3,08,5,5,50,50
7,22,2026,3,08,5,5,50,50
7,22,2026,3,08,5,5,51,50
7,22,2026,3,08,5,5,50,50
7,22,2026,3,08,5,5,51,50
7,22,2026,3,08,5,5,50,50
7,22,2026,3,09,5,5,50,50
7,22,2026,3,09,5,5,50,50
7,22,2026,3,09,5,5,50,50
7,22,2026,3,09,5,5,51,50
7,22,2026,3,09,5,5,50,50
7,22,2026,3,09,5,5,50,50
7,22,2026,3,10,5,5,50,50
7,22,2026,3,10,5,5,50,50
7,22,2026,3,10,5,5,50,50
7,22,2026,3,10,5,5,50,50
7,22,2026,3,10,5,5,50,50
7,22,2026,3,10,5,5,50,50
7,22,2026,3,11,5,5,50,50
7,22,2026,3,11,5,5,50,50
7,22,2026,3,11,5,5,50,50
7,22,2026,3,11,5,5,50,50
7,22,2026,3,11,5,5,50,50
7,22,2026,3,11,5,5,50,50
7,22,2026,3,12,5,5,50,50
7,22,2026,3,12,5,5,50,50
7,22,2026,3,12,5,5,50,50
7,22,2026,3,12,5,5,50,50
7,22,2026,3,12,5,5,50,50
7,22,2026,3,12,5,5,50,50
7,22,2026,3,13,5,5,50,50
7,22,2026,3,13,5,5,50,50
7,22,2026,3,13,5,5,50,50
7,22,2026,3,13,5,5,50,50
7,22,2026,3,13,5,5,50,50
7,22,2026,3,13,5,5,50,50
7,22,2026,3,14,5,5,50,50
7,22,2026,3,14,5,5,50,50
7,22,2026,3,14,5,5,50,50
7,22,2026,3,14,5,5,50,50
7,22,2026,3,14,5,5,50,50
7,22,2026,3,14,5,5,50,50
7,22,2026,3,15,5,5,50,50
7,22,2026,3,15,5,5,50,50
7,22,2026,3,15,5,5,50,50
7,22,2026,3,15,5.3,20,48,50
7,22,2026,3,15,7.6,20,34,50
7,22,2026,3,15,11.1,20,22,50
7,22,2026,3,16,14.7,20,18,50
7,22,2026,3,16,17.7,20,19,50
7,22,2026,3,16,19.3,20,24,50
7,22,2026,3,16,20.1,20,28,50
7,22,2026,3,16,20.5,20,32,50
7,22,2026,3,16,20.5,20,34,50
7,22,2026,3,17,20.5,20,36,50
7,22,2026,3,17,20.5,20,36,50
7,22,2026,3,17,20.4,20,37,50
7,22,2026,3,17,20.3,20,37,50
7,22,2026,3,17,20.3,20,37,50
7,22,2026,3,17,20.3,20,37,50
7,22,2026,3,18,20.2,20,37,50
7,22,2026,3,18,20.2,20,37,50
7,22,2026,3,18,20.2,20,38,50
7,22,2026,3,18,20.2,20,39,50
7,22,2026,3,18,20.2,20,40,50
7,22,2026,3,18,20.1,20,40,50
7,22,2026,3,19,20.1,20,41,50
7,22,2026,3,19,20.1,20,41,50
7,22,2026,3,19,20.1,20,42,50
7,22,2026,3,19,20.1,20,42,50
7,22,2026,3,19,20.1,20,42,50
7,22,2026,3,19,20,20,42,50
7,22,2026,3,20,20,20,42,50
7,22,2026,3,20,20,20,42,50
7,22,2026,3,20,19.9,20,42,50
7,22,2026,3,20,19.9,20,42,50
7,22,2026,3,20,19.9,20,42,50
7,22,2026,3,20,19.9,20,43,50
7,22,2026,3,21,19.9,20,43,50
7,22,2026,3,21,19.9,20,43,50
7,22,2026,3,21,19.8,20,44,50
7,22,2026,3,21,19.7,20,45,50
7,22,2026,3,21,19.8,20,46,50
7,22,2026,3,21,19.9,20,47,50
7,22,2026,3,22,20,20,48,50
7,22,2026,3,22,20.1,20,48,50
7,22,2026,3,22,20.1,20,49,50
7,22,2026,3,22,20.2,20,50,50
7,22,2026,3,22,20.2,20,51,50
7,22,2026,3,22,20.2,20,52,50
7,22,2026,3,23,20.2,20,53,50
7,22,2026,3,23,20.2,20,54,50
7,22,2026,3,23,20.2,20,55,50
7,22,2026,3,23,20.2,20,56,50
7,22,2026,3,23,20.1,20,57,50
7,22,2026,3,23,20.1,20,57,50
7,22,2026,3,24,20.1,20,58,50
7,22,2026,3,24,20.1,20,59,50
7,22,2026,3,24,20.1,20,59,50
7,22,2026,3,24,20.1,20,59,50
7,22,2026,3,24,20.1,20,59,50
7,22,2026,3,24,20.1,20,60,50
7,22,2026,3,25,20.1,20,60,50
7,22,2026,3,25,20,20,60,50
7,22,2026,3,25,20,20,60,50
7,22,2026,3,25,20,20,60,50
7,22,2026,3,25,20,20,60,50
7,22,2026,3,25,20,20,59,50
7,22,2026,3,26,20,20,59,50
7,22,2026,3,26,20,20,59,50
7,22,2026,3,26,20,20,59,50
7,22,2026,3,26,20,20,58,50
7,22,2026,3,26,20,20,58,50
7,22,2026,3,26,20,20,58,50
7,22,2026,3,27,20,20,58,50
7,22,2026,3,27,20,20,57,50
7,22,2026,3,27,20,20,57,50
7,22,2026,3,27,20,20,57,50
7,22,2026,3,27,20,20,56,50
7,22,2026,3,27,20,20,56,50
7,22,2026,3,28,20,20,55,50
7,22,2026,3,28,20,20,55,50
7,22,2026,3,28,20,20,55,50
7,22,2026,3,28,20,20,54,50
7,22,2026,3,28,20,20,54,50
7,22,2026,3,28,19.9,20,53,50
7,22,2026,3,29,19.9,20,53,50
7,22,2026,3,29,20,20,53,50
7,22,2026,3,29,20,20,52,50
7,22,2026,3,29,20,20,52,50
7,22,2026,3,29,20,20,52,50
7,22,2026,3,29,20,20,51,50
7,22,2026,3,30,20,20,51,50
7,22,2026,3,30,20,20,51,50
7,22,2026,3,30,20,20,51,50
7,22,2026,3,30,20,20,51,50
7,22,2026,3,30,20,20,51,50
7,22,2026,3,30,20,20,51,50
7,22,2026,3,31,20,20,51,50
7,22,2026,3,31,20,20,51,50
7,22,2026,3,31,20,20,50,50
7,22,2026,3,31,20,20,50,50
7,22,2026,3,31,20,20,50,50
7,22,2026,3,31,20,20,50,50
7,22,2026,3,32,20,20,50,50
7,22,2026,3,32,20,20,50,50
7,22,2026,3,32,20,20,50,50
7,22,2026,3,32,20,20,50,50
7,22,2026,3,32,20,20,50,50
7,22,2026,3,32,20,20,50,50
7,22,2026,3,33,20,20,50,50
7,22,2026,3,33,20,20,50,50
7,22,2026,3,33,20,20,50,50
7,22,2026,3,33,20,20,49,50
7,22,2026,3,33,20,20,49,50
7,22,2026,3,33,20,20,49,50
7,22,2026,3,34,20,20,49,50
7,22,2026,3,34,20,20,49,50
7,22,2026,3,34,20,20,49,50
7,22,2026,3,34,20,20,49,50
7,22,2026,3,34,20,20,49,50
7,22,2026,3,34,20,20,49,50
7,22,2026,3,35,20,20,49,50
7,22,2026,3,35,20,20,49,50
7,22,2026,3,35,20,20,49,50
7,22,2026,3,35,20,20,49,50
7,22,2026,3,35,20,20,49,50
7,22,2026,3,35,20,20,49,50
7,22,2026,3,36,20,20,49,50
7,22,2026,3,36,20,20,49,50
7,22,2026,3,36,20,20,49,50
7,22,2026,3,36,20,20,49,50
7,22,2026,3,36,20,20,49,50
7,22,2026,3,36,20,20,49,50
7,22,2026,3,37,20,20,48,50
7,22,2026,3,37,20,20,48,50
7,22,2026,3,37,20,20,49,50
7,22,2026,3,37,20,20,49,50
7,22,2026,3,37,20,20,49,50
7,22,2026,3,37,20,20,49,50
7,22,2026,3,38,20,20,49,50
7,22,2026,3,38,20,20,49,50
7,22,2026,3,38,20,20,49,50
7,22,2026,3,38,20,20,49,50
7,22,2026,3,38,20,20,49,50
7,22,2026,3,38,20,20,49,50
7,22,2026,3,39,20,20,49,50
7,22,2026,3,39,20,20,49,50
7,22,2026,3,39,20,20,49,50
7,22,2026,3,39,20,20,49,50
7,22,2026,3,39,20,20,49,50
7,22,2026,3,39,20,20,49,50
7,22,2026,3,40,20,20,49,50
7,22,2026,3,40,20,20,49,50
7,22,2026,3,40,20,20,49,50
7,22,2026,3,40,20,20,49,50
7,22,2026,3,40,20,20,49,50
7,22,2026,3,40,20,20,49,50
7,22,2026,3,41,20,20,49,50
7,22,2026,3,41,20,20,50,50
7,22,2026,3,41,20,20,50,50
7,22,2026,3,41,20,20,50,50
7,22,2026,3,41,20,20,50,50
7,22,2026,3,41,20,20,50,50
7,22,2026,3,42,20,20,50,50
7,22,2026,3,42,20,20,50,50
7,22,2026,3,42,20,20,50,50
7,22,2026,3,42,20,20,50,50
7,22,2026,3,42,20,20,50,50
7,22,2026,3,42,20,20,50,50
7,22,2026,3,43,20,20,50,50
7,22,2026,3,43,20,20,50,50
7,22,2026,3,43,20,20,50,50
7,22,2026,3,43,20,20,50,50
7,22,2026,3,43,20,20,50,50
7,22,2026,3,43,20,20,50,50
7,22,2026,3,44,20,20,50,50
7,22,2026,3,44,20,20,50,50
7,22,2026,3,44,20,20,50,50
7,22,2026,3,44,20,20,50,50
7,22,2026,3,44,20,20,50,50
7,22,2026,3,44,20,20,50,50
7,22,2026,3,45,20,20,50,50
7,22,2026,3,45,20,20,50,50
7,22,2026,3,45,20,20,50,50
7,22,2026,3,45,20,20,50,50
7,22,2026,3,45,20,20,50,50
7,22,2026,3,45,20,20,50,50
7,22,2026,3,46,20,20,50,50
7,22,2026,3,46,20,20,50,50
7,22,2026,3,46,20,20,50,50
7,22,2026,3,46,20,20,50,50
7,22,2026,3,46,20,20,50,50
7,22,2026,3,46,20,20,50,50
7,22,2026,3,47,20,20,50,50
7,22,2026,3,47,20,20,50,50
7,22,2026,3,47,20,20,50,50
7,22,2026,3,47,20,20,50,50
7,22,2026,3,47,20,20,50,50
7,22,2026,3,47,20,20,50,50
7,22,2026,3,48,20,20,50,50
7,22,2026,3,48,20,20,50,50
7,22,2026,3,48,20,20,50,50
7,22,2026,3,48,20,20,50,50
7,22,2026,3,48,20,20,50,50
7,22,2026,3,48,20,20,50,50
7,22,2026,3,49,20,20,50,50
7,22,2026,3,49,20,20,50,50
7,22,2026,3,49,20,20,50,50
7,22,2026,3,49,20,20,50,50
7,22,2026,3,49,20,20,50,50
7,22,2026,3,49,20,20,50,50
7,22,2026,3,50,20,20,50,50
7,22,2026,3,50,20,20,50,50
7,22,2026,3,50,20,20,50,50
7,22,2026,3,50,20,20,50,50
7,22,2026,3,50,20,20,50,50
7,22,2026,3,50,20,20,50,50
7,22,2026,3,51,20,20,50,50
7,22,2026,3,51,20,20,50,50
7,22,2026,3,51,20,20,50,50
7,22,2026,3,51,20,20,50,50
7,22,2026,3,51,20,20,50,50
7,22,2026,3,51,20,20,50,50
7,22,2026,3,52,20,20,50,50
7,22,2026,3,52,20,20,50,50
7,22,2026,3,52,20,20,50,50
7,22,2026,3,52,20,20,50,50
7,22,2026,3,52,20,20,50,50
7,22,2026,3,52,20,20,50,50
7,22,2026,3,53,20,20,50,50
7,22,2026,3,53,20,20,50,50
7,22,2026,3,53,20,20,50,50
7,22,2026,3,53,20,20,50,50
7,22,2026,3,53,20,20,50,50
7,22,2026,3,53,20,20,50,50
7,22,2026,3,54,20,20,50,50
7,22,2026,3,54,20,20,50,50
7,22,2026,3,54,20,20,50,50
7,22,2026,3,54,20,20,50,50
7,22,2026,3,54,20,20,50,50
7,22,2026,3,54,20,20,50,50
7,22,2026,3,55,20,20,50,50
7,22,2026,3,55,20,20,50,50
7,22,2026,3,55,20,20,50,50
7,22,2026,3,55,20,20,50,50
7,22,2026,3,55,20,20,50,50
7,22,2026,3,55,20,20,50,50
7,22,2026,3,56,20,20,50,50
7,22,2026,3,56,20,20,50,50
7,22,2026,3,56,20,20,50,50
7,22,2026,3,56,20,20,50,50
7,22,2026,3,56,20,20,50,50
7,22,2026,3,56,20,20,50,50
7,22,2026,3,57,20,20,50,50
7,22,2026,3,57,20,20,50,50
7,22,2026,3,57,20,20,50,50
7,22,2026,3,57,20,20,50,50
7,22,2026,3,57,20,20,50,50
7,22,2026,3,57,20,20,50,50
7,22,2026,3,58,20,20,50,50
7,22,2026,3,58,20,20,50,50
7,22,2026,3,58,20,20,50,50
7,22,2026,3,58,20,20,50,50
7,22,2026,3,58,20,20,50,50
7,22,2026,3,58,20,20,50,50
7,22,2026,3,59,20,20,50,50
7,22,2026,3,59,20,20,50,50
7,22,2026,3,59,20,20,50,50
7,22,2026,3,59,20,20,50,50
7,22,2026,3,59,20,20,50,50
7,22,2026,3,59,20,20,50,50
7,22,2026,4,00,20,20,50,50
7,22,2026,4,00,20,20,50,50
7,22,2026,4,00,20,20,50,50
7,22,2026,4,00,20,20,50,50
7,22,2026,4,00,20,20,50,50
7,22,2026,4,00,20,20,50,50
7,22,2026,4,01,20,20,50,50
7,22,2026,4,01,20,20,50,50
7,22,2026,4,01,20,20,50,50
7,22,2026,4,01,20,20,50,50
7,22,2026,4,01,20,20,50,50
7,22,2026,4,01,20,20,50,50
7,22,2026,4,02,20,20,50,50
7,22,2026,4,02,20,20,50,50
7,22,2026,4,02,20,20,50,50
7,22,2026,4,02,20,20,50,50
7,22,2026,4,02,20,20,50,50
7,22,2026,4,02,20,20,50,50
7,22,2026,4,03,20,20,50,50
7,22,2026,4,03,20,20,50,50
7,22,2026,4,03,20,20,50,50
7,22,2026,4,03,20,20,50,50
7,22,2026,4,03,20,20,50,50
7,22,2026,4,03,20,20,50,50
7,22,2026,4,04,20,20,50,50
7,22,2026,4,04,20,20,50,50
7,22,2026,4,04,20,20,50,50
7,22,2026,4,04,20,20,50,50
7,22,2026,4,04,20,20,50,50
7,22,2026,4,04,20,20,50,50
7,22,2026,4,05,20,20,50,50
7,22,2026,4,05,20,20,50,50
7,22,2026,4,05,20,20,50,50
7,22,2026,4,05,20,20,50,50
7,22,2026,4,05,20,20,50,50
7,22,2026,4,05,20,20,50,50
7,22,2026,4,06,20,20,50,50
7,22,2026,4,06,20,20,50,50
7,22,2026,4,06,20,20,50,50
7,22,2026,4,06,20,20,50,50
7,22,2026,4,06,20,20,50,50
7,22,2026,4,06,20,20,50,50
7,22,2026,4,07,20,20,50,50
7,22,2026,4,07,20,20,50,50
7,22,2026,4,07,20,20,50,50
7,22,2026,4,07,20,20,50,50
7,22,2026,4,07,20,20,50,50
7,22,2026,4,07,20,20,50,50
7,22,2026,4,08,20,20,50,50
7,22,2026,4,08,20,20,50,50
7,22,2026,4,08,20,20,50,50
7,22,2026,4,08,20,20,50,50
7,22,2026,4,08,20,20,50,50
7,22,2026,4,08,20,20,50,50
7,22,2026,4,09,20,20,50,50
7,22,2026,4,09,20,20,50,50
7,22,2026,4,09,20,20,50,50
7,22,2026,4,09,20,20,50,50
7,22,2026,4,09,20,20,50,50
7,22,2026,4,09,20,20,50,50
7,22,2026,4,10,20,20,50,50
7,22,2026,4,10,20,20,50,50
7,22,2026,4,10,20,20,50,50
7,22,2026,4,10,20,20,50,50
7,22,2026,4,10,20,20,50,50
7,22,2026,4,10,20,20,50,50
7,22,2026,4,11,20,20,50,50
7,22,2026,4,11,20,20,50,50
7,22,2026,4,11,20,20,50,50
7,22,2026,4,11,20,20,50,50
7,22,2026,4,11,20,20,50,50
7,22,2026,4,11,20,20,50,50
7,22,2026,4,12,20,20,50,50
7,22,2026,4,12,20,20,50,50
7,22,2026,4,12,20,20,50,50
7,22,2026,4,12,20,20,50,50
7,22,2026,4,12,20,20,50,50
7,22,2026,4,12,20,20,50,50
7,22,2026,4,13,20,20,50,50
7,22,2026,4,13,20,20,50,50
7,22,2026,4,13,20,20,50,50
7,22,2026,4,13,20,20,50,50
7,22,2026,4,13,20,20,50,50
7,22,2026,4,13,20,20,50,50
7,22,2026,4,14,20,20,50,50
7,22,2026,4,14,20,20,50,50
7,22,2026,4,14,20,20,50,50
7,22,2026,4,14,20,20,50,50
7,22,2026,4,14,20,20,50,50
7,22,2026,4,14,20,20,50,50
7,22,2026,4,15,20,20,50,50
7,22,2026,4,15,20,20,50,50
7,22,2026,4,15,20,20,50,50
7,22,2026,4,15,20,20,50,50
7,22,2026,4,15,20,20,50,50
7,22,2026,4,15,20,20,50,50
7,22,2026,4,16,20,20,50,50
7,22,2026,4,16,20,20,50,50
7,22,2026,4,16,20,20,50,50
7,22,2026,4,16,20,20,50,50
7,22,2026,4,16,20,20,50,50
7,22,2026,4,16,20,20,50,50
7,22,2026,4,17,20,20,50,50
7,22,2026,4,17,20,20,50,50
7,22,2026,4,17,20,20,50,50
7,22,2026,4,17,20,20,50,50
7,22,2026,4,17,20,20,50,50
7,22,2026,4,17,20,20,50,50
7,22,2026,4,18,20,20,50,50
7,22,2026,4,18,20,20,50,50
7,22,2026,4,18,20,20,50,50
7,22,2026,4,18,20,20,50,50
7,22,2026,4,18,20,20,50,50
7,22,2026,4,18,20,20,50,50
7,22,2026,4,19,20,20,50,50
7,22,2026,4,19,20,20,50,50
7,22,2026,4,19,20,20,50,50
7,22,2026,4,19,20,20,50,50
7,22,2026,4,19,20,20,50,50
7,22,2026,4,19,20,20,50,50
7,22,2026,4,20,20,20,50,50
7,22,2026,4,20,20,20,50,50
7,22,2026,4,20,20,20,50,50
7,22,2026,4,20,20,20,50,50
7,22,2026,4,20,20,20,50,50
7,22,2026,4,20,20,20,50,50
7,22,2026,4,21,20,20,50,50
7,22,2026,4,21,20,20,50,50
7,22,2026,4,21,20,20,50,50
7,22,2026,4,21,20,20,50,50
7,22,2026,4,21,20,20,50,50
7,22,2026,4,21,20,20,50,50
7,22,2026,4,22,20,20,50,50
7,22,2026,4,22,20,20,50,50
7,22,2026,4,22,20,20,50,50
7,22,2026,4,22,20,20,50,50
7,22,2026,4,22,20,20,50,50
7,22,2026,4,22,20,20,50,50
7,22,2026,4,23,20,20,50,50
7,22,2026,4,23,20,20,50,50
7,22,2026,4,23,20,20,50,50
7,22,2026,4,23,20,20,50,50
7,22,2026,4,23,20,20,50,50
7,22,2026,4,23,20,20,50,50
7,22,2026,4,24,20,20,50,50
7,22,2026,4,24,20,20,50,50
7,22,2026,4,24,20,20,50,50
7,22,2026,4,24,20,20,50,50
7,22,2026,4,24,20,20,50,50
7,22,2026,4,24,20,20,50,50
7,22,2026,4,25,20,20,50,50
7,22,2026,4,25,20,20,50,50
7,22,2026,4,25,20,20,50,50
7,22,2026,4,25,20,20,50,50
7,22,2026,4,25,20,20,50,50
7,22,2026,4,25,20,20,50,50
7,22,2026,4,26,20,20,50,50
7,22,2026,4,26,20,20,50,50
7,22,2026,4,26,20,20,50,50
7,22,2026,4,26,20,20,50,50
7,22,2026,4,26,20,20,50,50
7,22,2026,4,26,20,20,50,50
7,22,2026,4,27,20,20,50,50
7,22,2026,4,27,20,20,50,50
7,22,2026,4,27,20,20,50,50
7,22,2026,4,27,20,20,50,50
7,22,2026,4,27,20,20,50,50
7,22,2026,4,27,20,20,50,50
7,22,2026,4,28,20,20,50,50
7,22,2026,4,28,20,20,50,50
7,22,2026,4,28,20,20,50,50
7,22,2026,4,28,20,20,50,50
7,22,2026,4,28,20,20,50,50
7,22,2026,4,28,20,20,50,50
7,22,2026,4,29,20,20,50,50
7,22,2026,4,29,20,20,50,50
7,22,2026,4,29,20,20,50,50
7,22,2026,4,29,20,20,50,50
7,22,2026,4,29,20,20,50,50
7,22,2026,4,29,20,20,50,50
7,22,2026,4,30,20,20,50,50
7,22,2026,4,30,20,20,50,50
7,22,2026,4,30,20,20,50,50
7,22,2026,4,30,20,20,50,50
7,22,2026,4,30,20,20,50,50
7,22,2026,4,30,20,20,50,50
7,22,2026,4,31,20,20,50,50
7,22,2026,4,31,20,20,50,50
7,22,2026,4,31,20,20,50,50
7,22,2026,4,31,20,20,50,50
7,22,2026,4,31,20,20,50,50
7,22,2026,4,31,20,20,50,50
7,22,2026,4,32,20,20,50,50
7,22,2026,4,32,20,20,50,50
7,22,2026,4,32,20,20,50,50
7,22,2026,4,32,20,20,50,50
7,22,2026,4,32,20,20,50,50
7,22,2026,4,32,20,20,50,50
7,22,2026,4,33,20,20,50,50
7,22,2026,4,33,20,20,50,50
7,22,2026,4,33,20,20,50,50
7,22,2026,4,33,20,20,50,50
7,22,2026,4,33,20,20,50,50
7,22,2026,4,33,20,20,50,50
7,22,2026,4,34,20,20,50,50
7,22,2026,4,34,20,20,50,50
7,22,2026,4,34,20,20,50,50
7,22,2026,4,34,20,20,50,50
7,22,2026,4,34,20,20,50,50
7,22,2026,4,34,20,20,50,50
7,22,2026,4,35,20,20,50,50
7,22,2026,4,35,20,20,50,50
7,22,2026,4,35,20,20,50,50
7,22,2026,4,35,20,20,50,50
7,22,2026,4,35,20,20,50,50
7,22,2026,4,35,20,20,50,50
7,22,2026,4,36,20,20,50,50
7,22,2026,4,36,20,20,50,50
7,22,2026,4,36,20,20,50,50
7,22,2026,4,36,20,20,50,50
7,22,2026,4,36,20,20,50,50
7,22,2026,4,36,20,20,50,50
7,22,2026,4,37,20,20,50,50
7,22,2026,4,37,20,20,50,50
7,22,2026,4,37,20,20,50,50
7,22,2026,4,37,20,20,50,50
7,22,2026,4,37,20,20,50,50
7,22,2026,4,37,20,20,50,50
7,22,2026,4,38,20,20,50,50
7,22,2026,4,38,20,20,50,50
7,22,2026,4,38,20,20,50,50
7,22,2026,4,38,20,20,50,50
7,22,2026,4,38,20,20,50,50
7,22,2026,4,38,20,20,50,50
7,22,2026,4,39,20,20,50,50
7,22,2026,4,39,20,20,50,50
7,22,2026,4,39,20,20,50,50
7,22,2026,4,39,20,20,50,50
7,22,2026,4,39,20,20,50,50
7,22,2026,4,39,20,20,50,50
7,22,2026,4,40,20,20,50,50
7,22,2026,4,40,20,20,50,50
7,22,2026,4,40,20,20,50,50
7,22,2026,4,40,20,20,50,50
7,22,2026,4,40,20,20,50,50
7,22,2026,4,40,20,20,50,50
7,22,2026,4,41,20,20,50,50
7,22,2026,4,41,20,20,50,50
7,22,2026,4,41,20,20,50,50
7,22,2026,4,41,20,20,50,50
7,22,2026,4,41,20,20,50,50
7,22,2026,4,41,20,20,50,50
7,22,2026,4,42,20,20,50,50
7,22,2026,4,42,20,20,50,50
7,22,2026,4,42,20,20,50,50
7,22,2026,4,42,20,20,50,50
7,22,2026,4,42,20,20,50,50
7,22,2026,4,42,20,20,50,50
7,22,2026,4,43,20,20,50,50
7,22,2026,4,43,20,20,50,50
7,22,2026,4,43,20,20,50,50
7,22,2026,4,43,20,20,50,50
7,22,2026,4,43,20,20,50,50
7,22,2026,4,43,20,20,50,50
7,22,2026,4,44,20,20,50,50
7,22,2026,4,44,20,20,50,50
7,22,2026,4,44,20,20,50,50
7,22,2026,4,44,20,20,50,50
7,22,2026,4,44,20,20,50,50
7,22,2026,4,44,20,20,50,50
7,22,2026,4,45,20,20,50,50
7,22,2026,4,45,20,20,50,50
7,22,2026,4,45,20,20,50,50
7,22,2026,4,45,20,20,50,50
7,22,2026,4,45,20,20,50,50
7,22,2026,4,45,20,20,50,50
7,22,2026,4,46,20,20,50,50
7,22,2026,4,46,20,20,50,50
7,22,2026,4,46,20,20,50,50
7,22,2026,4,46,20,20,50,50
7,22,2026,4,46,20,20,50,50
7,22,2026,4,46,20,20,50,50
7,22,2026,4,47,20,20,50,50
7,22,2026,4,47,20,20,50,50
7,22,2026,4,47,20,20,50,50
7,22,2026,4,47,20,20,50,50
7,22,2026,4,47,20,20,50,50
7,22,2026,4,47,20,20,50,50
7,22,2026,4,48,20,20,50,50
7,22,2026,4,48,20,20,50,50
7,22,2026,4,48,20,20,50,50
7,22,2026,4,48,20,20,50,50
7,22,2026,4,48,20,20,50,50
7,22,2026,4,48,20,20,50,50
7,22,2026,4,49,20,20,50,50
7,22,2026,4,49,20,20,50,50
7,22,2026,4,49,20,20,50,50
7,22,2026,4,49,20,20,50,50
7,22,2026,4,49,20,20,50,50
7,22,2026,4,49,20,20,50,50
7,22,2026,4,50,20,20,50,50
7,22,2026,4,50,20,20,50,50
7,22,2026,4,50,20,20,50,50
7,22,2026,4,50,20,20,50,50
7,22,2026,4,50,20,20,50,50
7,22,2026,4,50,20,20,50,50
7,22,2026,4,51,20,20,50,50
7,22,2026,4,51,20,20,50,50
7,22,2026,4,51,20,20,50,50
7,22,2026,4,51,20,20,50,50
7,22,2026,4,51,20,20,50,50
7,22,2026,4,51,20,20,50,50
7,22,2026,4,52,20,20,50,50
7,22,2026,4,52,20,20,50,50
7,22,2026,4,52,20,20,50,50
7,22,2026,4,52,20,20,50,50
7,22,2026,4,52,20,20,50,50
7,22,2026,4,52,20,20,50,50
7,22,2026,4,53,20,20,50,50
7,22,2026,4,53,20,20,50,50
7,22,2026,4,53,20,20,50,50
7,22,2026,4,53,20,20,50,50
7,22,2026,4,53,20,20,50,50
7,22,2026,4,53,20,20,50,50
7,22,2026,4,54,20,20,50,50
7,22,2026,4,54,20,20,50,50
7,22,2026,4,54,20,20,50,50
7,22,2026,4,54,20,20,50,50
7,22,2026,4,54,20,20,50,50
7,22,2026,4,54,20,20,50,50
7,22,2026,4,55,20,20,50,50
7,22,2026,4,55,20,20,50,50
7,22,2026,4,55,20,20,50,50
7,22,2026,4,55,20,20,50,50
7,22,2026,4,55,20,20,50,50
7,22,2026,4,55,20,20,50,50
7,22,2026,4,56,20,20,50,50
7,22,2026,4,56,20,20,50,50
7,22,2026,4,56,20,20,50,50
7,22,2026,4,56,20,20,50,50
7,22,2026,4,56,20,20,50,50
7,22,2026,4,56,20,20,50,50
7,22,2026,4,57,20,20,50,50
7,22,2026,4,57,20,20,50,50
7,22,2026,4,57,20,20,50,50
7,22,2026,4,57,20,20,50,50
7,22,2026,4,57,20,20,50,50
7,22,2026,4,57,20,20,50,50
7,22,2026,4,58,20,20,50,50
7,22,2026,4,58,20,20,50,50
7,22,2026,4,58,20,20,50,50
7,22,2026,4,58,20,20,50,50
7,22,2026,4,58,20,20,50,50
7,22,2026,4,58,20,20,50,50
7,22,2026,4,59,20,20,50,50
7,22,2026,4,59,20,20,50,50
7,22,2026,4,59,20,20,50,50
7,22,2026,4,59,20,20,50,50
7,22,2026,4,59,20,20,50,50
7,22,2026,4,59,20,20,50,50
7,22,2026,5,00,20,20,50,50
7,22,2026,5,00,20,20,50,50
7,22,2026,5,00,20,20,50,50
7,22,2026,5,00,20,20,50,50
7,22,2026,5,00,20,20,50,50
7,22,2026,5,00,20,20,50,50
7,22,2026,5,01,20,20,50,50
7,22,2026,5,01,20,20,50,50
7,22,2026,5,01,20,20,50,50
7,22,2026,5,01,20,20,50,50
7,22,2026,5,01,20,20,50,50
7,22,2026,5,01,20,20,50,50
7,22,2026,5,02,20,20,50,50
7,22,2026,5,02,20,20,50,50
7,22,2026,5,02,20,20,50,50
7,22,2026,5,02,20,20,50,50
7,22,2026,5,02,20,20,50,50
7,22,2026,5,02,20,20,50,50
7,22,2026,5,03,20,20,50,50
7,22,2026,5,03,20,20,50,50
7,22,2026,5,03,20,20,50,50
7,22,2026,5,03,20,20,50,50
7,22,2026,5,03,20,20,50,50
7,22,2026,5,03,20,20,50,50
7,22,2026,5,04,20,20,50,50
7,22,2026,5,04,20,20,50,50
7,22,2026,5,04,20,20,50,50
7,22,2026,5,04,20,20,50,50
7,22,2026,5,04,20,20,50,50
7,22,2026,5,04,20,20,50,50
7,22,2026,5,05,20,20,50,50
7,22,2026,5,05,20,20,50,50
7,22,2026,5,05,20,20,50,50
7,22,2026,5,05,20,20,50,50
7,22,2026,5,05,20,20,50,50
7,22,2026,5,05,20,20,50,50
7,22,2026,5,06,20,20,50,50
7,22,2026,5,06,20,20,50,50
7,22,2026,5,06,20,20,50,50
7,22,2026,5,06,20,20,50,50
7,22,2026,5,06,20,20,50,50
7,22,2026,5,06,20,20,50,50
7,22,2026,5,07,20,20,50,50
7,22,2026,5,07,20,20,50,50
7,22,2026,5,07,20,20,50,50
7,22,2026,5,07,20,20,50,50
7,22,2026,5,07,20,20,50,50
7,22,2026,5,07,20,20,50,50
7,22,2026,5,08,20,20,50,50
7,22,2026,5,08,20,20,50,50
7,22,2026,5,08,20,20,50,50
7,22,2026,5,08,20,20,50,50
7,22,2026,5,08,20,20,50,50
7,22,2026,5,08,20,20,50,50
7,22,2026,5,09,20,20,50,50
7,22,2026,5,09,20,20,50,50
7,22,2026,5,09,20,20,50,50
7,22,2026,5,09,20,20,50,50
7,22,2026,5,09,20,20,50,50
7,22,2026,5,09,20,20,50,50
7,22,2026,5,10,20,20,50,50
7,22,2026,5,10,20,20,50,50
7,22,2026,5,10,20,20,50,50
7,22,2026,5,10,20,20,50,50
7,22,2026,5,10,20,20,50,50
7,22,2026,5,10,20,20,50,50
7,22,2026,5,11,20,20,50,50
7,22,2026,5,11,20,20,50,50
7,22,2026,5,11,20,20,50,50
7,22,2026,5,11,20,20,50,50
7,22,2026,5,11,20,20,50,50
7,22,2026,5,11,20,20,50,50
7,22,2026,5,12,20,20,50,50
7,22,2026,5,12,20,20,50,50
7,22,2026,5,12,20,20,50,50
7,22,2026,5,12,20,20,50,50
7,22,2026,5,12,20,20,50,50
7,22,2026,5,12,20,20,50,50
7,22,2026,5,13,20,20,50,50
7,22,2026,5,13,20,20,50,50
7,22,2026,5,13,20,20,50,50
7,22,2026,5,13,20,20,50,50
7,22,2026,5,13,20,20,50,50
7,22,2026,5,13,20,20,50,50
7,22,2026,5,14,20,20,50,50
7,22,2026,5,14,20,20,50,50
7,22,2026,5,14,20,20,50,50
7,22,2026,5,14,20,20,50,50
7,22,2026,5,14,20,20,50,50
7,22,2026,5,14,20,20,50,50
7,22,2026,5,15,20,20,50,50
7,22,2026,5,15,20,20,50,50
7,22,2026,5,15,20,20,50,50
7,22,2026,5,15,20.3,30,49,50
7,22,2026,5,15,22.3,30,42,50
7,22,2026,5,15,25.3,30,34,50
7,22,2026,5,16,28,30,31,50
7,22,2026,5,16,29.5,30,32,50
7,22,2026,5,16,30.2,30,36,50
7,22,2026,5,16,30.5,30,39,50
7,22,2026,5,16,30.6,30,42,50
7,22,2026,5,16,30.6,30,43,50
7,22,2026,5,17,30.5,30,43,50
7,22,2026,5,17,30.4,30,43,50
7,22,2026,5,17,30.3,30,42,50
7,22,2026,5,17,30.3,30,42,50
7,22,2026,5,17,30.3,30,43,50
7,22,2026,5,17,30.2,30,44,50
7,22,2026,5,18,30.2,30,44,50
7,22,2026,5,18,30.2,30,45,50
7,22,2026,5,18,30.1,30,46,50
7,22,2026,5,18,30.1,30,46,50
7,22,2026,5,18,30.1,30,46,50
7,22,2026,5,18,30.1,30,47,50
7,22,2026,5,19,30.1,30,47,50
7,22,2026,5,19,30.1,30,47,50
7,22,2026,5,19,30.1,30,47,50
7,22,2026,5,19,30.1,30,48,50
7,22,2026,5,19,30.1,30,48,50
7,22,2026,5,19,30.1,30,49,50
7,22,2026,5,20,30.1,30,49,50
7,22,2026,5,20,30.1,30,49,50
7,22,2026,5,20,30.1,30,49,50
7,22,2026,5,20,30.1,30,50,50
7,22,2026,5,20,30.1,30,50,50
7,22,2026,5,20,30.1,30,50,50
7,22,2026,5,21,30.1,30,50,50
7,22,2026,5,21,30.1,30,51,50
7,22,2026,5,21,30.1,30,51,50
7,22,2026,5,21,30.1,30,52,50
7,22,2026,5,21,30.1,30,52,50
7,22,2026,5,21,30.1,30,53,50
7,22,2026,5,22,30.1,30,53,50
7,22,2026,5,22,30.1,30,53,50
7,22,2026,5,22,30.1,30,53,50
7,22,2026,5,22,30.1,30,53,50
7,22,2026,5,22,30.1,30,53,50
7,22,2026,5,22,30,30,53,50
7,22,2026,5,23,30,30,53,50
7,22,2026,5,23,30,30,53,50
7,22,2026,5,23,30,30,53,50
7,22,2026,5,23,30,30,53,50
7,22,2026,5,23,30,30,54,50
7,22,2026,5,23,30,30,54,50
7,22,2026,5,24,30,30,54,50
7,22,2026,5,24,30,30,54,50
7,22,2026,5,24,30,30,54,50
7,22,2026,5,24,30,30,54,50
7,22,2026,5,24,30,30,54,50
7,22,2026,5,24,30,30,54,50
7,22,2026,5,25,30,30,54,50
7,22,2026,5,25,30,30,53,50
7,22,2026,5,25,30,30,53,50
7,22,2026,5,25,30,30,53,50
7,22,2026,5,25,30,30,53,50
7,22,2026,5,25,30,30,53,50
7,22,2026,5,26,30,30,53,50
7,22,2026,5,26,30,30,52,50
7,22,2026,5,26,30,30,52,50
7,22,2026,5,26,30,30,52,50
7,22,2026,5,26,30,30,52,50
7,22,2026,5,26,30,30,52,50
7,22,2026,5,27,30,30,51,50
7,22,2026,5,27,30,30,51,50
7,22,2026,5,27,30,30,51,50
7,22,2026,5,27,30,30,51,50
7,22,2026,5,27,30,30,51,50
7,22,2026,5,27,30,30,51,50
7,22,2026,5,28,30,30,51,50
7,22,2026,5,28,30,30,50,50
7,22,2026,5,28,30,30,50,50
7,22,2026,5,28,30,30,50,50
7,22,2026,5,28,30,30,50,50
7,22,2026,5,28,30,30,50,50
7,22,2026,5,29,30,30,50,50
7,22,2026,5,29,30,30,50,50
7,22,2026,5,29,30,30,50,50
7,22,2026,5,29,30,30,50,50
7,22,2026,5,29,30,30,50,50
7,22,2026,5,29,30,30,50,50
7,22,2026,5,30,30,30,50,50
7,22,2026,5,30,30,30,50,50
7,22,2026,5,30,30,30,49,50
7,22,2026,5,30,30,30,49,50
7,22,2026,5,30,30,30,49,50
7,22,2026,5,30,30,30,49,50
7,22,2026,5,31,30,30,49,50
7,22,2026,5,31,30,30,49,50
7,22,2026,5,31,30,30,49,50
7,22,2026,5,31,30,30,49,50
7,22,2026,5,31,30,30,49,50
7,22,2026,5,31,30,30,49,50
7,22,2026,5,32,30,30,49,50
7,22,2026,5,32,30,30,49,50
7,22,2026,5,32,30,30,49,50
7,22,2026,5,32,30,30,49,50
7,22,2026,5,32,30,30,49,50
7,22,2026,5,32,30,30,49,50
7,22,2026,5,33,30,30,49,50
7,22,2026,5,33,30,30,49,50
7,22,2026,5,33,30,30,49,50
7,22,2026,5,33,30,30,49,50
7,22,2026,5,33,30,30,49,50
7,22,2026,5,33,30,30,49,50
7,22,2026,5,34,30,30,49,50
7,22,2026,5,34,30,30,49,50
7,22,2026,5,34,30,30,49,50
7,22,2026,5,34,30,30,49,50
7,22,2026,5,34,30,30,49,50
7,22,2026,5,34,30,30,49,50
7,22,2026,5,35,30,30,49,50
7,22,2026,5,35,30,30,49,50
7,22,2026,5,35,30,30,49,50
7,22,2026,5,35,30,30,49,50
7,22,2026,5,35,30,30,49,50
7,22,2026,5,35,30,30,49,50
7,22,2026,5,36,30,30,49,50
7,22,2026,5,36,30,30,49,50
7,22,2026,5,36,30,30,49,50
7,22,2026,5,36,30,30,49,50
7,22,2026,5,36,30,30,49,50
7,22,2026,5,36,30,30,49,50
7,22,2026,5,37,30,30,50,50
7,22,2026,5,37,30,30,50,50
7,22,2026,5,37,30,30,50,50
7,22,2026,5,37,30,30,49,50
7,22,2026,5,37,30,30,50,50
7,22,2026,5,37,30,30,50,50
7,22,2026,5,38,30,30,50,50
7,22,2026,5,38,30,30,50,50
7,22,2026,5,38,30,30,50,50
7,22,2026,5,38,30,30,50,50
7,22,2026,5,38,30,30,50,50
7,22,2026,5,38,30,30,50,50
7,22,2026,5,39,30,30,50,50
7,22,2026,5,39,30,30,50,50
7,22,2026,5,39,30,30,50,50
7,22,2026,5,39,30,30,50,50
7,22,2026,5,39,30,30,50,50
7,22,2026,5,39,30,30,50,50
7,22,2026,5,40,30,30,50,50
7,22,2026,5,40,30,30,50,50
7,22,2026,5,40,30,30,50,50
7,22,2026,5,40,30,30,50,50
7,22,2026,5,40,30,30,50,50
7,22,2026,5,40,30,30,50,50
7,22,2026,5,41,30,30,50,50
7,22,2026,5,41,30,30,50,50
7,22,2026,5,41,30,30,50,50
7,22,2026,5,41,30,30,50,50
7,22,2026,5,41,30,30,50,50
7,22,2026,5,41,30,30,50,50
7,22,2026,5,42,30,30,50,50
7,22,2026,5,42,30,30,50,50
7,22,2026,5,42,30,30,50,50
7,22,2026,5,42,30,30,50,50
7,22,2026,5,42,30,30,50,50
7,22,2026,5,42,30,30,50,50
7,22,2026,5,43,30,30,50,50
7,22,2026,5,43,30,30,50,50
7,22,2026,5,43,30,30,50,50
7,22,2026,5,43,30,30,50,50
7,22,2026,5,43,30,30,50,50
7,22,2026,5,43,30,30,50,50
7,22,2026,5,44,30,30,50,50
7,22,2026,5,44,30,30,50,50
7,22,2026,5,44,30,30,50,50
7,22,2026,5,44,30,30,50,50
7,22,2026,5,44,30,30,50,50
7,22,2026,5,44,30,30,50,50
7,22,2026,5,45,30,30,50,50
7,22,2026,5,45,30,30,50,50
7,22,2026,5,45,30,30,50,50
7,22,2026,5,45,30,30,50,50
7,22,2026,5,45,30,30,50,50
7,22,2026,5,45,30,30,50,50
7,22,2026,5,46,30,30,50,50
7,22,2026,5,46,30,30,50,50
7,22,2026,5,46,30,30,50,50
7,22,2026,5,46,30,30,50,50
7,22,2026,5,46,30,30,50,50
7,22,2026,5,46,30,30,50,50
7,22,2026,5,47,30,30,50,50
7,22,2026,5,47,30,30,50,50
7,22,2026,5,47,30,30,50,50
7,22,2026,5,47,30,30,50,50
7,22,2026,5,47,30,30,50,50
7,22,2026,5,47,30,30,50,50
7,22,2026,5,48,30,30,50,50
7,22,2026,5,48,30,30,50,50
7,22,2026,5,48,30,30,50,50
7,22,2026,5,48,30,30,50,50
7,22,2026,5,48,30,30,50,50
7,22,2026,5,48,30,30,50,50
7,22,2026,5,49,30,30,50,50
7,22,2026,5,49,30,30,50,50
7,22,2026,5,49,30,30,50,50
7,22,2026,5,49,30,30,50,50
7,22,2026,5,49,30,30,50,50
7,22,2026,5,49,30,30,50,50
7,22,2026,5,50,30,30,50,50
7,22,2026,5,50,30,30,50,50
7,22,2026,5,50,30,30,50,50
7,22,2026,5,50,30,30,50,50
7,22,2026,5,50,30,30,50,50
7,22,2026,5,50,30,30,50,50
7,22,2026,5,51,30,30,50,50
7,22,2026,5,51,30,30,50,50
7,22,2026,5,51,30,30,50,50
7,22,2026,5,51,30,30,50,50
7,22,2026,5,51,30,30,50,50
7,22,2026,5,51,30,30,50,50
7,22,2026,5,52,30,30,50,50
7,22,2026,5,52,30,30,50,50
7,22,2026,5,52,30,30,50,50
7,22,2026,5,52,30,30,50,50
7,22,2026,5,52,30,30,50,50
7,22,2026,5,52,30,30,50,50
7,22,2026,5,53,30,30,50,50
7,22,2026,5,53,30,30,50,50
7,22,2026,5,53,30,30,50,50
7,22,2026,5,53,30,30,50,50
7,22,2026,5,53,30,30,50,50
7,22,2026,5,53,30,30,50,50
7,22,2026,5,54,30,30,50,50
7,22,2026,5,54,30,30,50,50
7,22,2026,5,54,30,30,50,50
7,22,2026,5,54,30,30,50,50
7,22,2026,5,54,30,30,50,50
7,22,2026,5,54,30,30,50,50
7,22,2026,5,55,30,30,50,50
7,22,2026,5,55,30,30,50,50
7,22,2026,5,55,30,30,50,50
7,22,2026,5,55,30,30,50,50
7,22,2026,5,55,30,30,50,50
7,22,2026,5,55,30,30,50,50
7,22,2026,5,56,30,30,50,50
7,22,2026,5,56,30,30,50,50
7,22,2026,5,56,30,30,50,50
7,22,2026,5,56,30,30,50,50
7,22,2026,5,56,30,30,50,50
7,22,2026,5,56,30,30,50,50
7,22,2026,5,57,30,30,50,50
7,22,2026,5,57,30,30,50,50
7,22,2026,5,57,30,30,50,50
7,22,2026,5,57,30,30,50,50
7,22,2026,5,57,30,30,50,50
7,22,2026,5,57,30,30,50,50
7,22,2026,5,58,30,30,50,50
7,22,2026,5,58,30,30,50,50
7,22,2026,5,58,30,30,50,50
7,22,2026,5,58,30,30,50,50
7,22,2026,5,58,30,30,50,50
7,22,2026,5,58,30,30,50,50
7,22,2026,5,59,30,30,50,50
7,22,2026,5,59,30,30,50,50
7,22,2026,5,59,30,30,50,50
7,22,2026,5,59,30,30,50,50
7,22,2026,5,59,30,30,50,50
7,22,2026,5,59,30,30,50,50
7,22,2026,6,00,30,30,50,50
7,22,2026,6,00,30,30,50,50
7,22,2026,6,00,30,30,50,50
7,22,2026,6,00,30,30,50,50
7,22,2026,6,00,30,30,50,50
7,22,2026,6,00,30,30,50,50
7,22,2026,6,01,30,30,50,50
7,22,2026,6,01,30,30,50,50
7,22,2026,6,01,30,30,50,50
7,22,2026,6,01,30,30,50,50
7,22,2026,6,01,30,30,50,50
7,22,2026,6,01,30,30,50,50
7,22,2026,6,02,30,30,50,50
7,22,2026,6,02,30,30,50,50
7,22,2026,6,02,30,30,50,50
7,22,2026,6,02,30,30,50,50
7,22,2026,6,02,30,30,50,50
7,22,2026,6,02,30,30,50,50
7,22,2026,6,03,30,30,50,50
7,22,2026,6,03,30,30,50,50
7,22,2026,6,03,30,30,50,50
7,22,2026,6,03,30,30,50,50
7,22,2026,6,03,30,30,50,50
7,22,2026,6,03,30,30,50,50
7,22,2026,6,04,30,30,50,50
7,22,2026,6,04,30,30,50,50
7,22,2026,6,04,30,30,50,50
7,22,2026,6,04,30,30,50,50
7,22,2026,6,04,30,30,50,50
7,22,2026,6,04,30,30,50,50
7,22,2026,6,05,30,30,50,50
7,22,2026,6,05,30,30,50,50
7,22,2026,6,05,30,30,50,50
7,22,2026,6,05,30,30,50,50
7,22,2026,6,05,30,30,50,50
7,22,2026,6,05,30,30,50,50
7,22,2026,6,06,30,30,50,50
7,22,2026,6,06,30,30,50,50
7,22,2026,6,06,30,30,50,50
7,22,2026,6,06,30,30,50,50
7,22,2026,6,06,30,30,50,50
7,22,2026,6,06,30,30,50,50
7,22,2026,6,07,30,30,50,50
7,22,2026,6,07,30,30,50,50
7,22,2026,6,07,30,30,50,50
7,22,2026,6,07,30,30,50,50
7,22,2026,6,07,30,30,50,50
7,22,2026,6,07,30,30,50,50
7,22,2026,6,08,30,30,50,50
7,22,2026,6,08,30,30,50,50
7,22,2026,6,08,30,30,50,50
7,22,2026,6,08,30,30,50,50
7,22,2026,6,08,30,30,50,50
7,22,2026,6,08,30,30,50,50
7,22,2026,6,09,30,30,50,50
7,22,2026,6,09,30,30,50,50
7,22,2026,6,09,30,30,50,50
7,22,2026,6,09,30,30,50,50
7,22,2026,6,09,30,30,50,50
7,22,2026,6,09,30,30,50,50
7,22,2026,6,10,30,30,50,50
7,22,2026,6,10,30,30,50,50
7,22,2026,6,10,30,30,50,50
7,22,2026,6,10,30,30,50,50
7,22,2026,6,10,30,30,50,50
7,22,2026,6,10,30,30,50,50
7,22,2026,6,11,30,30,50,50
7,22,2026,6,11,30,30,50,50
7,22,2026,6,11,30,30,50,50
7,22,2026,6,11,30,30,50,50
7,22,2026,6,11,30,30,50,50
7,22,2026,6,11,30,30,50,50
7,22,2026,6,12,30,30,50,50
7,22,2026,6,12,30,30,50,50
7,22,2026,6,12,30,30,50,50
7,22,2026,6,12,30,30,50,50
7,22,2026,6,12,30,30,50,50
7,22,2026,6,12,30,30,50,50
7,22,2026,6,13,30,30,50,50
7,22,2026,6,13,30,30,50,50
7,22,2026,6,13,30,30,50,50
7,22,2026,6,13,30,30,50,50
7,22,2026,6,13,30,30,50,50
7,22,2026,6,13,30,30,50,50
7,22,2026,6,14,30,30,50,50
7,22,2026,6,14,30,30,50,50
7,22,2026,6,14,30,30,50,50
7,22,2026,6,14,30,30,50,50
7,22,2026,6,14,30,30,50,50
7,22,2026,6,14,30,30,50,50
7,22,2026,6,15,30,30,50,50
7,22,2026,6,15,30,30,50,50
7,22,2026,6,15,30,30,50,50
7,22,2026,6,15,30,30,50,50
7,22,2026,6,15,30,30,50,50
7,22,2026,6,15,30,30,50,50
7,22,2026,6,16,30,30,50,50
7,22,2026,6,16,30,30,50,50
7,22,2026,6,16,30,30,50,50
7,22,2026,6,16,30,30,50,50
7,22,2026,6,16,30,30,50,50
7,22,2026,6,16,30,30,50,50
7,22,2026,6,17,30,30,50,50
7,22,2026,6,17,30,30,50,50
7,22,2026,6,17,30,30,50,50
7,22,2026,6,17,30,30,50,50
7,22,2026,6,17,30,30,50,50
7,22,2026,6,17,30,30,50,50
7,22,2026,6,18,30,30,50,50
7,22,2026,6,18,30,30,50,50
7,22,2026,6,18,30,30,50,50
7,22,2026,6,18,30,30,50,50
7,22,2026,6,18,30,30,50,50
7,22,2026,6,18,30,30,50,50
7,22,2026,6,19,30,30,50,50
7,22,2026,6,19,30,30,50,50
7,22,2026,6,19,30,30,50,50
7,22,2026,6,19,30,30,50,50
7,22,2026,6,19,30,30,50,50
7,22,2026,6,19,30,30,50,50
7,22,2026,6,20,30,30,50,50
7,22,2026,6,20,30,30,50,50
7,22,2026,6,20,30,30,50,50
7,22,2026,6,20,30,30,50,50
7,22,2026,6,20,30,30,50,50
7,22,2026,6,20,30,30,50,50
7,22,2026,6,21,30,30,50,50
7,22,2026,6,21,30,30,50,50
7,22,2026,6,21,30,30,50,50
7,22,2026,6,21,30,30,50,50
7,22,2026,6,21,30,30,50,50
7,22,2026,6,21,30,30,50,50
7,22,2026,6,22,30,30,50,50
7,22,2026,6,22,30,30,50,50
7,22,2026,6,22,30,30,50,50
7,22,2026,6,22,30,30,50,50
7,22,2026,6,22,30,30,50,50
7,22,2026,6,22,30,30,50,50
7,22,2026,6,23,30,30,50,50
7,22,2026,6,23,30,30,50,50
7,22,2026,6,23,30,30,50,50
7,22,2026,6,23,30,30,50,50
7,22,2026,6,23,30,30,50,50
7,22,2026,6,23,30,30,50,50
7,22,2026,6,24,30,30,50,50
7,22,2026,6,24,30,30,50,50
7,22,2026,6,24,30,30,50,50
7,22,2026,6,24,30,30,50,50
7,22,2026,6,24,30,30,50,50
7,22,2026,6,24,30,30,50,50
7,22,2026,6,25,30,30,50,50
7,22,2026,6,25,30,30,50,50
7,22,2026,6,25,30,30,50,50
7,22,2026,6,25,30,30,50,50
7,22,2026,6,25,30,30,50,50
7,22,2026,6,25,30,30,50,50
7,22,2026,6,26,30,30,50,50
7,22,2026,6,26,30,30,50,50
7,22,2026,6,26,30,30,50,50
7,22,2026,6,26,30,30,50,50
7,22,2026,6,26,30,30,50,50
7,22,2026,6,26,30,30,50,50
7,22,2026,6,27,30,30,50,50
7,22,2026,6,27,30,30,50,50
7,22,2026,6,27,30,30,50,50
7,22,2026,6,27,30,30,50,50
7,22,2026,6,27,30,30,50,50
7,22,2026,6,27,30,30,50,50
7,22,2026,6,28,30,30,50,50
7,22,2026,6,28,30,30,50,50
7,22,2026,6,28,30,30,50,50
7,22,2026,6,28,30,30,50,50
7,22,2026,6,28,30,30,50,50
7,22,2026,6,28,30,30,50,50
7,22,2026,6,29,30,30,50,50
7,22,2026,6,29,30,30,50,50
7,22,2026,6,29,30,30,50,50
7,22,2026,6,29,30,30,50,50
7,22,2026,6,29,30,30,50,50
7,22,2026,6,29,30,30,50,50
7,22,2026,6,30,30,30,50,50
7,22,2026,6,30,30,30,50,50
7,22,2026,6,30,30,30,50,50
7,22,2026,6,30,30,30,50,50
7,22,2026,6,30,30,30,50,50
7,22,2026,6,30,30,30,50,50
7,22,2026,6,31,30,30,50,50
7,22,2026,6,31,30,30,50,50
7,22,2026,6,31,30,30,50,50
7,22,2026,6,31,30,30,50,50
7,22,2026,6,31,30,30,50,50
7,22,2026,6,31,30,30,50,50
7,22,2026,6,32,30,30,50,50
7,22,2026,6,32,30,30,50,50
7,22,2026,6,32,30,30,50,50
7,22,2026,6,32,30,30,50,50
7,22,2026,6,32,30,30,50,50
7,22,2026,6,32,30,30,50,50
7,22,2026,6,33,30,30,50,50
7,22,2026,6,33,30,30,50,50
7,22,2026,6,33,30,30,50,50
7,22,2026,6,33,30,30,50,50
7,22,2026,6,33,30,30,50,50
7,22,2026,6,33,30,30,50,50
7,22,2026,6,34,30,30,50,50
7,22,2026,6,34,30,30,50,50
7,22,2026,6,34,30,30,50,50
7,22,2026,6,34,30,30,50,50
7,22,2026,6,34,30,30,50,50
7,22,2026,6,34,30,30,50,50
7,22,2026,6,35,30,30,50,50
7,22,2026,6,35,30,30,50,50
7,22,2026,6,35,30,30,50,50
7,22,2026,6,35,30,30,50,50
7,22,2026,6,35,30,30,50,50
7,22,2026,6,35,30,30,50,50
7,22,2026,6,36,30,30,50,50
7,22,2026,6,36,30,30,50,50
7,22,2026,6,36,30,30,50,50
7,22,2026,6,36,30,30,50,50
7,22,2026,6,36,30,30,50,50
7,22,2026,6,36,30,30,50,50
7,22,2026,6,37,30,30,50,50
7,22,2026,6,37,30,30,50,50
7,22,2026,6,37,30,30,50,50
7,22,2026,6,37,30,30,50,50
7,22,2026,6,37,30,30,50,50
7,22,2026,6,37,30,30,50,50
7,22,2026,6,38,30,30,50,50
7,22,2026,6,38,30,30,50,50
7,22,2026,6,38,30,30,50,50
7,22,2026,6,38,30,30,50,50
7,22,2026,6,38,30,30,50,50
7,22,2026,6,38,30,30,50,50
7,22,2026,6,39,30,30,50,50
7,22,2026,6,39,30,30,50,50
7,22,2026,6,39,30,30,50,50
7,22,2026,6,39,30,30,50,50
7,22,2026,6,39,30,30,50,50
7,22,2026,6,39,30,30,50,50
7,22,2026,6,40,30,30,50,50
7,22,2026,6,40,30,30,50,50
7,22,2026,6,40,30,30,50,50
7,22,2026,6,40,30,30,50,50
7,22,2026,6,40,30,30,50,50
7,22,2026,6,40,30,30,50,50
7,22,2026,6,41,30,30,50,50
7,22,2026,6,41,30,30,50,50
7,22,2026,6,41,30,30,50,50
7,22,2026,6,41,30,30,50,50
7,22,2026,6,41,30,30,50,50
7,22,2026,6,41,30,30,50,50
7,22,2026,6,42,30,30,50,50
7,22,2026,6,42,30,30,50,50
7,22,2026,6,42,30,30,50,50
7,22,2026,6,42,30,30,50,50
7,22,2026,6,42,30,30,50,50
7,22,2026,6,42,30,30,50,50
7,22,2026,6,43,30,30,50,50
7,22,2026,6,43,30,30,50,50
7,22,2026,6,43,30,30,50,50
7,22,2026,6,43,30,30,50,50
7,22,2026,6,43,30,30,50,50
7,22,2026,6,43,30,30,50,50
7,22,2026,6,44,30,30,50,50
7,22,2026,6,44,30,30,50,50
7,22,2026,6,44,30,30,50,50
7,22,2026,6,44,30,30,50,50
7,22,2026,6,44,30,30,50,50
7,22,2026,6,44,30,30,50,50
7,22,2026,6,45,30,30,50,50
7,22,2026,6,45,30,30,50,50
7,22,2026,6,45,30,30,50,50
7,22,2026,6,45,30,30,50,50
7,22,2026,6,45,30,30,50,50
7,22,2026,6,45,30,30,50,50
7,22,2026,6,46,30,30,50,50
7,22,2026,6,46,30,30,50,50
7,22,2026,6,46,30,30,50,50
7,22,2026,6,46,30,30,50,50
7,22,2026,6,46,30,30,50,50
7,22,2026,6,46,30,30,51,50
7,22,2026,6,47,30,30,51,50
7,22,2026,6,47,30,30,51,50
7,22,2026,6,47,30,30,51,50
7,22,2026,6,47,30,30,51,50
7,22,2026,6,47,30,30,51,50
7,22,2026,6,47,30,30,51,50
7,22,2026,6,48,30,30,51,50
7,22,2026,6,48,30,30,51,50
7,22,2026,6,48,30,30,51,50
7,22,2026,6,48,30,30,51,50
7,22,2026,6,48,30,30,51,50
7,22,2026,6,48,30,30,51,50
7,22,2026,6,49,30,30,51,50
7,22,2026,6,49,30,30,51,50
7,22,2026,6,49,30,30,51,50
7,22,2026,6,49,30,30,51,50
7,22,2026,6,49,30,30,51,50
7,22,2026,6,49,30,30,51,50
7,22,2026,6,50,30,30,51,50
7,22,2026,6,50,30,30,51,50
7,22,2026,6,50,30,30,51,50
7,22,2026,6,50,30,30,50,50
7,22,2026,6,50,30,30,50,50
7,22,2026,6,50,30,30,50,50
7,22,2026,6,51,30,30,50,50
7,22,2026,6,51,30,30,50,50
7,22,2026,6,51,30,30,50,50
7,22,2026,6,51,30,30,50,50
7,22,2026,6,51,30,30,50,50
7,22,2026,6,51,30,30,50,50
7,22,2026,6,52,30,30,50,50
7,22,2026,6,52,30,30,50,50
7,22,2026,6,52,30,30,50,50
7,22,2026,6,52,30,30,50,50
7,22,2026,6,52,30,30,50,50
7,22,2026,6,52,30,30,50,50
7,22,2026,6,53,30,30,50,50
7,22,2026,6,53,30,30,50,50
7,22,2026,6,53,30,30,50,50
7,22,2026,6,53,30,30,50,50
7,22,2026,6,53,30,30,50,50
7,22,2026,6,53,30,30,50,50
7,22,2026,6,54,30,30,50,50
7,22,2026,6,54,30,30,50,50
7,22,2026,6,54,30,30,50,50
7,22,2026,6,54,30,30,50,50
7,22,2026,6,54,30,30,50,50
7,22,2026,6,54,30,30,50,50
7,22,2026,6,55,30,30,50,50
7,22,2026,6,55,30,30,50,50
7,22,2026,6,55,30,30,50,50
7,22,2026,6,55,30,30,50,50
7,22,2026,6,55,30,30,50,50
7,22,2026,6,55,30,30,50,50
7,22,2026,6,56,30,30,50,50
7,22,2026,6,56,30,30,50,50
7,22,2026,6,56,30,30,50,50
7,22,2026,6,56,30,30,50,50
7,22,2026,6,56,30,30,50,50
7,22,2026,6,56,30,30,50,50
7,22,2026,6,57,30,30,50,50
7,22,2026,6,57,30,30,50,50
7,22,2026,6,57,30,30,50,50
7,22,2026,6,57,30,30,50,50
7,22,2026,6,57,30,30,50,50
7,22,2026,6,57,30,30,50,50
7,22,2026,6,58,30,30,50,50
7,22,2026,6,58,30,30,50,50
7,22,2026,6,58,30,30,50,50
7,22,2026,6,58,30,30,50,50
7,22,2026,6,58,30,30,50,50
7,22,2026,6,58,30,30,50,50
7,22,2026,6,59,30,30,50,50
7,22,2026,6,59,30,30,50,50
7,22,2026,6,59,30,30,50,50
7,22,2026,6,59,30,30,50,50
7,22,2026,6,59,30,30,50,50
7,22,2026,6,59,30,30,50,50
7,22,2026,7,00,30,30,50,50
7,22,2026,7,00,30,30,50,50
7,22,2026,7,00,30,30,50,50
7,22,2026,7,00,30,30,50,50
7,22,2026,7,00,30,30,50,50
7,22,2026,7,00,30,30,50,50
7,22,2026,7,01,30,30,50,50
7,22,2026,7,01,30,30,50,50
7,22,2026,7,01,30,30,50,50
7,22,2026,7,01,30,30,50,50
7,22,2026,7,01,30,30,50,50
7,22,2026,7,01,30,30,50,50
7,22,2026,7,02,30,30,50,50
7,22,2026,7,02,30,30,50,50
7,22,2026,7,02,30,30,50,50
7,22,2026,7,02,30,30,50,50
7,22,2026,7,02,30,30,50,50
7,22,2026,7,02,30,30,50,50
7,22,2026,7,03,30,30,50,50
7,22,2026,7,03,30,30,50,50
7,22,2026,7,03,30,30,50,50
7,22,2026,7,03,30,30,50,50
7,22,2026,7,03,30,30,50,50
7,22,2026,7,03,30,30,50,50
7,22,2026,7,04,30,30,50,50
7,22,2026,7,04,30,30,50,50
7,22,2026,7,04,30,30,50,50
7,22,2026,7,04,30,30,50,50
7,22,2026,7,04,30,30,50,50
7,22,2026,7,04,30,30,50,50
7,22,2026,7,05,30,30,50,50
7,22,2026,7,05,30,30,50,50
7,22,2026,7,05,30,30,50,50
7,22,2026,7,05,30,30,50,50
7,22,2026,7,05,30,30,50,50
7,22,2026,7,05,30,30,50,50
7,22,2026,7,06,30,30,50,50
7,22,2026,7,06,30,30,50,50
7,22,2026,7,06,30,30,50,50
7,22,2026,7,06,30,30,50,50
7,22,2026,7,06,30,30,50,50
7,22,2026,7,06,30,30,50,50
7,22,2026,7,07,30,30,50,50
7,22,2026,7,07,30,30,50,50
7,22,2026,7,07,30,30,50,50
7,22,2026,7,07,30,30,50,50
7,22,2026,7,07,30,30,50,50
7,22,2026,7,07,30,30,50,50
7,22,2026,7,08,30,30,50,50
7,22,2026,7,08,30,30,50,50
7,22,2026,7,08,30,30,50,50
7,22,2026,7,08,30,30,50,50
7,22,2026,7,08,30,30,50,50
7,22,2026,7,08,30,30,50,50
7,22,2026,7,09,30,30,50,50
7,22,2026,7,09,30,30,50,50
7,22,2026,7,09,30,30,50,50
7,22,2026,7,09,30,30,50,50
7,22,2026,7,09,30,30,50,50
7,22,2026,7,09,30,30,50,50
7,22,2026,7,10,30,30,50,50
7,22,2026,7,10,30,30,50,50
7,22,2026,7,10,30,30,50,50
7,22,2026,7,10,30,30,50,50
7,22,2026,7,10,30,30,50,50
7,22,2026,7,10,30,30,50,50
7,22,2026,7,11,30,30,50,50
7,22,2026,7,11,30,30,50,50
7,22,2026,7,11,30,30,50,50
7,22,2026,7,11,30,30,50,50
7,22,2026,7,11,30,30,50,50
7,22,2026,7,11,30,30,50,50
7,22,2026,7,12,30,30,50,50
7,22,2026,7,12,30,30,50,50
7,22,2026,7,12,30,30,50,50
7,22,2026,7,12,30,30,50,50
7,22,2026,7,12,30,30,50,50
7,22,2026,7,12,30,30,50,50
7,22,2026,7,13,30,30,50,50
7,22,2026,7,13,30,30,50,50
7,22,2026,7,13,30,30,50,50
7,22,2026,7,13,30,30,50,50
7,22,2026,7,13,30,30,50,50
7,22,2026,7,13,30,30,50,50
7,22,2026,7,14,30,30,50,50
7,22,2026,7,14,30,30,50,50
7,22,2026,7,14,30,30,50,50
7,22,2026,7,14,30,30,50,50
7,22,2026,7,14,30,30,50,50
7,22,2026,7,14,30,30,50,50
7,22,2026,7,15,30,30,50,50
7,22,2026,7,15,30,30,50,50
7,22,2026,7,15,30,30,50,50
7,22,2026,7,15,30.3,45,49,50
7,22,2026,7,15,32.2,45,44,50
7,22,2026,7,15,35,45,37,50
7,22,2026,7,16,37.9,45,32,50
7,22,2026,7,16,40.4,45,30,50
7,22,2026,7,16,42.4,45,29,50
7,22,2026,7,16,43.8,45,30,50
7,22,2026,7,16,44.7,45,32,50
7,22,2026,7,16,45.2,45,34,50
7,22,2026,7,17,45.4,45,36,50
7,22,2026,7,17,45.5,45,37,50
7,22,2026,7,17,45.6,45,38,50
7,22,2026,7,17,45.6,45,38,50
7,22,2026,7,17,45.5,45,39,50
7,22,2026,7,17,45.5,45,39,50
7,22,2026,7,18,45.4,45,39,50
7,22,2026,7,18,45.4,45,40,50
7,22,2026,7,18,45.3,45,40,50
7,22,2026,7,18,45.3,45,41,50
7,22,2026,7,18,45.2,45,41,50
7,22,2026,7,18,45.2,45,42,50
7,22,2026,7,19,45.2,45,42,50
7,22,2026,7,19,45.2,45,42,50
7,22,2026,7,19,45.2,45,43,50
7,22,2026,7,19,45.2,45,43,50
7,22,2026,7,19,45.1,45,43,50
7,22,2026,7,19,45.1,45,43,50
7,22,2026,7,20,45.1,45,43,50
7,22,2026,7,20,45.1,45,44,50
7,22,2026,7,20,45.1,45,44,50
7,22,2026,7,20,45.1,45,44,50
7,22,2026,7,20,45.1,45,45,50
7,22,2026,7,20,45.1,45,45,50
7,22,2026,7,21,45.1,45,45,50
7,22,2026,7,21,45.1,45,45,50
7,22,2026,7,21,45.1,45,46,50
7,22,2026,7,21,45.1,45,46,50
7,22,2026,7,21,45.1,45,46,50
7,22,2026,7,21,45.1,45,46,50
7,22,2026,7,22,45.1,45,47,50
7,22,2026,7,22,45.1,45,47,50
7,22,2026,7,22,45.1,45,47,50
7,22,2026,7,22,45.1,45,48,50
7,22,2026,7,22,45.1,45,48,50
7,22,2026,7,22,45.1,45,48,50
7,22,2026,7,23,45.1,45,48,50
7,22,2026,7,23,45.1,45,48,50
7,22,2026,7,23,45.1,45,48,50
7,22,2026,7,23,45.1,45,49,50
7,22,2026,7,23,45,45,49,50
7,22,2026,7,23,45.1,45,49,50
7,22,2026,7,24,45.1,45,49,50
7,22,2026,7,24,45,45,49,50
7,22,2026,7,24,45,45,49,50
7,22,2026,7,24,45,45,49,50
7,22,2026,7,24,45,45,50,50
7,22,2026,7,24,45,45,50,50
7,22,2026,7,25,45,45,50,50
7,22,2026,7,25,45,45,50,50
7,22,2026,7,25,45,45,50,50
7,22,2026,7,25,45,45,50,50
7,22,2026,7,25,45,45,50,50
7,22,2026,7,25,45,45,50,50
7,22,2026,7,26,45,45,51,50
7,22,2026,7,26,45,45,51,50
7,22,2026,7,26,45,45,51,50
7,22,2026,7,26,45,45,51,50
7,22,2026,7,26,45,45,51,50
7,22,2026,7,26,45,45,51,50
7,22,2026,7,27,45,45,51,50
7,22,2026,7,27,45.1,45,51,50
7,22,2026,7,27,45,45,51,50
7,22,2026,7,27,45,45,52,50
7,22,2026,7,27,45,45,52,50
7,22,2026,7,27,45,45,52,50
7,22,2026,7,28,45,45,52,50
7,22,2026,7,28,45,45,52,50
7,22,2026,7,28,45,45,52,50
7,22,2026,7,28,45,45,52,50
7,22,2026,7,28,45,45,52,50
7,22,2026,7,28,45,45,52,50
7,22,2026,7,29,45,45,52,50
7,22,2026,7,29,45,45,52,50
7,22,2026,7,29,45,45,52,50
7,22,2026,7,29,45,45,52,50
7,22,2026,7,29,45,45,52,50
7,22,2026,7,29,45,45,51,50
7,22,2026,7,30,45,45,51,50
7,22,2026,7,30,45,45,51,50
7,22,2026,7,30,45,45,51,50
7,22,2026,7,30,45,45,51,50
7,22,2026,7,30,45,45,51,50
7,22,2026,7,30,45,45,51,50
7,22,2026,7,31,45,45,51,50
7,22,2026,7,31,45,45,51,50
7,22,2026,7,31,45,45,51,50
7,22,2026,7,31,45,45,51,50
7,22,2026,7,31,45,45,51,50
7,22,2026,7,31,45,45,51,50
7,22,2026,7,32,45,45,51,50
7,22,2026,7,32,45,45,51,50
7,22,2026,7,32,45,45,51,50
7,22,2026,7,32,45,45,51,50
7,22,2026,7,32,45,45,51,50
7,22,2026,7,32,45,45,51,50
7,22,2026,7,33,45,45,51,50
7,22,2026,7,33,45,45,51,50
7,22,2026,7,33,45,45,51,50
7,22,2026,7,33,45,45,51,50
7,22,2026,7,33,45,45,51,50
7,22,2026,7,33,45,45,51,50
7,22,2026,7,34,45,45,51,50
7,22,2026,7,34,45,45,51,50
7,22,2026,7,34,45,45,51,50
7,22,2026,7,34,45,45,51,50
7,22,2026,7,34,45,45,51,50
7,22,2026,7,34,45,45,51,50
7,22,2026,7,35,45,45,50,50
7,22,2026,7,35,45,45,50,50
7,22,2026,7,35,45,45,50,50
7,22,2026,7,35,45,45,50,50
7,22,2026,7,35,45,45,50,50
7,22,2026,7,35,45,45,50,50
7,22,2026,7,36,45,45,50,50
7,22,2026,7,36,45,45,50,50
7,22,2026,7,36,45,45,50,50
7,22,2026,7,36,45,45,50,50
7,22,2026,7,36,45,45,50,50
7,22,2026,7,36,45,45,50,50
7,22,2026,7,37,45,45,50,50
7,22,2026,7,37,45,45,50,50
7,22,2026,7,37,45,45,50,50
7,22,2026,7,37,45,45,50,50
7,22,2026,7,37,45,45,50,50
7,22,2026,7,37,45,45,50,50
7,22,2026,7,38,45,45,50,50
7,22,2026,7,38,45,45,51,50
7,22,2026,7,38,45,45,50,50
7,22,2026,7,38,45,45,51,50
7,22,2026,7,38,45,45,51,50
7,22,2026,7,38,45,45,51,50
7,22,2026,7,39,45,45,51,50
7,22,2026,7,39,45,45,51,50
7,22,2026,7,39,45,45,51,50
7,22,2026,7,39,45,45,51,50
7,22,2026,7,39,45,45,50,50
7,22,2026,7,39,45,45,50,50
7,22,2026,7,40,45,45,50,50
7,22,2026,7,40,45,45,50,50
7,22,2026,7,40,45,45,50,50
7,22,2026,7,40,45,45,50,50
7,22,2026,7,40,45,45,50,50
7,22,2026,7,40,45,45,50,50
7,22,2026,7,41,45,45,50,50
7,22,2026,7,41,45,45,50,50
7,22,2026,7,41,45,45,50,50
7,22,2026,7,41,45,45,50,50
7,22,2026,7,41,45,45,50,50
7,22,2026,7,41,45,45,50,50
7,22,2026,7,42,45,45,50,50
7,22,2026,7,42,45,45,50,50
7,22,2026,7,42,45,45,50,50
7,22,2026,7,42,45,45,50,50
7,22,2026,7,42,45,45,50,50
7,22,2026,7,42,45,45,50,50
7,22,2026,7,43,45,45,50,50
7,22,2026,7,43,45,45,50,50
7,22,2026,7,43,45,45,50,50
7,22,2026,7,43,45,45,50,50
7,22,2026,7,43,45,45,50,50
7,22,2026,7,43,45,45,50,50
7,22,2026,7,44,45,45,50,50
7,22,2026,7,44,45,45,50,50
7,22,2026,7,44,45,45,50,50
7,22,2026,7,44,45,45,50,50
7,22,2026,7,44,45,45,50,50
7,22,2026,7,44,45,45,50,50
7,22,2026,7,45,45,45,50,50
7,22,2026,7,45,45,45,50,50
7,22,2026,7,45,45,45,50,50
7,22,2026,7,45,45,45,50,50
7,22,2026,7,45,45,45,50,50
7,22,2026,7,45,45,45,50,50
7,22,2026,7,46,45,45,50,50
7,22,2026,7,46,45,45,50,50
7,22,2026,7,46,45,45,50,50
7,22,2026,7,46,45,45,50,50
7,22,2026,7,46,45,45,50,50
7,22,2026,7,46,45,45,50,50
7,22,2026,7,47,45,45,50,50
7,22,2026,7,47,45,45,50,50
7,22,2026,7,47,45,45,50,50
7,22,2026,7,47,45,45,50,50
7,22,2026,7,47,45,45,50,50
7,22,2026,7,47,45,45,50,50
7,22,2026,7,48,45,45,50,50
7,22,2026,7,48,45,45,50,50
7,22,2026,7,48,45,45,50,50
7,22,2026,7,48,45,45,50,50
7,22,2026,7,48,45,45,50,50
7,22,2026,7,48,45,45,50,50
7,22,2026,7,49,45,45,50,50
7,22,2026,7,49,45,45,50,50
7,22,2026,7,49,45,45,50,50
7,22,2026,7,49,45,45,50,50
7,22,2026,7,49,45,45,50,50
7,22,2026,7,49,45,45,50,50
7,22,2026,7,50,45,45,50,50
7,22,2026,7,50,45,45,50,50
7,22,2026,7,50,45,45,50,50
7,22,2026,7,50,45,45,50,50
7,22,2026,7,50,45,45,50,50
7,22,2026,7,50,45,45,50,50
7,22,2026,7,51,45,45,50,50
7,22,2026,7,51,45,45,50,50
7,22,2026,7,51,45,45,50,50
7,22,2026,7,51,45,45,50,50
7,22,2026,7,51,45,45,50,50
7,22,2026,7,51,45,45,50,50
7,22,2026,7,52,45,45,50,50
7,22,2026,7,52,45,45,50,50
7,22,2026,7,52,45,45,50,50
7,22,2026,7,52,45,45,50,50
7,22,2026,7,52,45,45,50,50
7,22,2026,7,52,45,45,50,50
7,22,2026,7,53,45,45,50,50
7,22,2026,7,53,45,45,50,50
7,22,2026,7,53,45,45,50,50
7,22,2026,7,53,45,45,50,50
7,22,2026,7,53,45,45,50,50
7,22,2026,7,53,45,45,50,50
7,22,2026,7,54,45,45,50,50
7,22,2026,7,54,45,45,50,50
7,22,2026,7,54,45,45,50,50
7,22,2026,7,54,45,45,50,50
7,22,2026,7,54,45,45,50,50
7,22,2026,7,54,45,45,50,50
7,22,2026,7,55,45,45,50,50
7,22,2026,7,55,45,45,50,50
7,22,2026,7,55,45,45,50,50
7,22,2026,7,55,45,45,50,50
7,22,2026,7,55,45,45,50,50
7,22,2026,7,55,45,45,50,50
7,22,2026,7,56,45,45,50,50
7,22,2026,7,56,45,45,50,50
7,22,2026,7,56,45,45,50,50
7,22,2026,7,56,45,45,50,50
7,22,2026,7,56,45,45,50,50
7,22,2026,7,56,45,45,50,50
7,22,2026,7,57,45,45,50,50
7,22,2026,7,57,45,45,50,50
7,22,2026,7,57,45,45,50,50
7,22,2026,7,57,45,45,50,50
7,22,2026,7,57,45,45,50,50
7,22,2026,7,57,45,45,50,50
7,22,2026,7,58,45,45,50,50
7,22,2026,7,58,45,45,50,50
7,22,2026,7,58,45,45,50,50
7,22,2026,7,58,45,45,50,50
7,22,2026,7,58,45,45,50,50
7,22,2026,7,58,45,45,50,50
7,22,2026,7,59,45,45,50,50
7,22,2026,7,59,45,45,50,50
7,22,2026,7,59,45,45,50,50
7,22,2026,7,59,45,45,50,50
7,22,2026,7,59,45,45,50,50
7,22,2026,7,59,45,45,50,50
7,22,2026,8,00,45,45,50,50
7,22,2026,8,00,45,45,50,50
7,22,2026,8,00,45,45,50,50
7,22,2026,8,00,45,45,50,50
7,22,2026,8,00,45,45,50,50
7,22,2026,8,00,45,45,50,50
7,22,2026,8,01,45,45,50,50
7,22,2026,8,01,45,45,50,50
7,22,2026,8,01,45,45,50,50
7,22,2026,8,01,45,45,50,50
7,22,2026,8,01,45,45,50,50
7,22,2026,8,01,45,45,50,50
7,22,2026,8,02,45,45,50,50
7,22,2026,8,02,45,45,50,50
7,22,2026,8,02,45,45,50,50
7,22,2026,8,02,45,45,50,50
7,22,2026,8,02,45,45,50,50
7,22,2026,8,02,45,45,50,50
7,22,2026,8,03,45,45,50,50
7,22,2026,8,03,45,45,50,50
7,22,2026,8,03,45,45,50,50
7,22,2026,8,03,45,45,50,50
7,22,2026,8,03,45,45,50,50
7,22,2026,8,03,45,45,50,50
7,22,2026,8,04,45,45,50,50
7,22,2026,8,04,45,45,50,50
7,22,2026,8,04,45,45,50,50
7,22,2026,8,04,45,45,50,50
7,22,2026,8,04,45,45,50,50
7,22,2026,8,04,45,45,50,50
7,22,2026,8,05,45,45,50,50
7,22,2026,8,05,45,45,50,50
7,22,2026,8,05,45,45,50,50
7,22,2026,8,05,45,45,50,50
7,22,2026,8,05,45,45,50,50
7,22,2026,8,05,45,45,50,50
7,22,2026,8,06,45,45,50,50
7,22,2026,8,06,45,45,50,50
7,22,2026,8,06,45,45,50,50
7,22,2026,8,06,45,45,50,50
7,22,2026,8,06,45,45,50,50
7,22,2026,8,06,45,45,50,50
7,22,2026,8,07,45,45,50,50
7,22,2026,8,07,45,45,50,50
7,22,2026,8,07,45,45,50,50
7,22,2026,8,07,45,45,50,50
7,22,2026,8,07,45,45,50,50
7,22,2026,8,07,45,45,50,50
7,22,2026,8,08,45,45,50,50
7,22,2026,8,08,45,45,50,50
7,22,2026,8,08,45,45,50,50
7,22,2026,8,08,45,45,50,50
7,22,2026,8,08,45,45,50,50
7,22,2026,8,08,45,45,50,50
7,22,2026,8,09,45,45,50,50
7,22,2026,8,09,45,45,50,50
7,22,2026,8,09,45,45,50,50
7,22,2026,8,09,45,45,50,50
7,22,2026,8,09,45,45,50,50
7,22,2026,8,09,45,45,50,50
7,22,2026,8,10,45,45,50,50
7,22,2026,8,10,45,45,50,50
7,22,2026,8,10,45,45,50,50
7,22,2026,8,10,45,45,50,50
7,22,2026,8,10,45,45,50,50
7,22,2026,8,10,45,45,50,50
7,22,2026,8,11,45,45,50,50
7,22,2026,8,11,45,45,50,50
7,22,2026,8,11,45,45,50,50
7,22,2026,8,11,45,45,50,50
7,22,2026,8,11,45,45,50,50
7,22,2026,8,11,45,45,50,50
7,22,2026,8,12,45,45,50,50
7,22,2026,8,12,45,45,50,50
7,22,2026,8,12,45,45,50,50
7,22,2026,8,12,45,45,50,50
7,22,2026,8,12,45,45,50,50
7,22,2026,8,12,45,45,50,50
7,22,2026,8,13,45,45,50,50
7,22,2026,8,13,45,45,50,50
7,22,2026,8,13,45,45,50,50
7,22,2026,8,13,45,45,50,50
7,22,2026,8,13,45,45,50,50
7,22,2026,8,13,45,45,50,50
7,22,2026,8,14,45,45,50,50
7,22,2026,8,14,45,45,50,50
7,22,2026,8,14,45,45,50,50
7,22,2026,8,14,45,45,50,50
7,22,2026,8,14,45,45,50,50
7,22,2026,8,14,45,45,50,50
7,22,2026,8,15,45,45,50,50
7,22,2026,8,15,45,45,50,50
7,22,2026,8,15,45,45,50,50
7,22,2026,8,15,45,45,50,50
7,22,2026,8,15,45,45,50,50
7,22,2026,8,15,45,45,50,50
7,22,2026,8,16,45,45,50,50
7,22,2026,8,16,45,45,50,50
7,22,2026,8,16,45,45,50,50
7,22,2026,8,16,45,45,50,50
7,22,2026,8,16,45,45,50,50
7,22,2026,8,16,45,45,50,50
7,22,2026,8,17,45,45,50,50
7,22,2026,8,17,45,45,50,50
7,22,2026,8,17,45,45,50,50
7,22,2026,8,17,45,45,50,50
7,22,2026,8,17,45,45,50,50
7,22,2026,8,17,45,45,50,50
7,22,2026,8,18,45,45,50,50
7,22,2026,8,18,45,45,50,50
7,22,2026,8,18,45,45,50,50
7,22,2026,8,18,45,45,50,50
7,22,2026,8,18,45,45,50,50
7,22,2026,8,18,45,45,50,50
7,22,2026,8,19,45,45,50,50
7,22,2026,8,19,45,45,50,50
7,22,2026,8,19,45,45,50,50
7,22,2026,8,19,45,45,50,50
7,22,2026,8,19,45,45,50,50
7,22,2026,8,19,45,45,50,50
7,22,2026,8,20,45,45,50,50
7,22,2026,8,20,45,45,50,50
7,22,2026,8,20,45,45,50,50
7,22,2026,8,20,45,45,50,50
7,22,2026,8,20,45,45,50,50
7,22,2026,8,20,45,45,50,50
7,22,2026,8,21,45,45,50,50
7,22,2026,8,21,45,45,50,50
7,22,2026,8,21,45,45,50,50
7,22,2026,8,21,45,45,50,50
7,22,2026,8,21,45,45,50,50
7,22,2026,8,21,45,45,50,50
7,22,2026,8,22,45,45,50,50
7,22,2026,8,22,45,45,50,50
7,22,2026,8,22,45,45,50,50
7,22,2026,8,22,45,45,50,50
7,22,2026,8,22,45,45,50,50
7,22,2026,8,22,45,45,50,50
7,22,2026,8,23,45,45,50,50
7,22,2026,8,23,45,45,50,50
7,22,2026,8,23,45,45,50,50
7,22,2026,8,23,45,45,50,50
7,22,2026,8,23,45,45,50,50
7,22,2026,8,23,45,45,50,50
7,22,2026,8,24,45,45,50,50
7,22,2026,8,24,45,45,50,50
7,22,2026,8,24,45,45,50,50
7,22,2026,8,24,45,45,50,50
7,22,2026,8,24,45,45,50,50
7,22,2026,8,24,45,45,50,50
7,22,2026,8,25,45,45,50,50
7,22,2026,8,25,45,45,50,50
7,22,2026,8,25,45,45,50,50
7,22,2026,8,25,45,45,50,50
7,22,2026,8,25,45,45,50,50
7,22,2026,8,25,45,45,50,50
7,22,2026,8,26,45,45,50,50
7,22,2026,8,26,45,45,50,50
7,22,2026,8,26,45,45,50,50
7,22,2026,8,26,45,45,50,50
7,22,2026,8,26,45,45,50,50
7,22,2026,8,26,45,45,50,50
7,22,2026,8,27,45,45,50,50
7,22,2026,8,27,45,45,50,50
7,22,2026,8,27,45,45,50,50
7,22,2026,8,27,45,45,50,50
7,22,2026,8,27,45,45,50,50
7,22,2026,8,27,45,45,50,50
7,22,2026,8,28,45,45,50,50
7,22,2026,8,28,45,45,50,50
7,22,2026,8,28,45,45,50,50
7,22,2026,8,28,45,45,50,50
7,22,2026,8,28,45,45,50,50
7,22,2026,8,28,45,45,50,50
7,22,2026,8,29,45,45,50,50
7,22,2026,8,29,45,45,50,50
7,22,2026,8,29,45,45,50,50
7,22,2026,8,29,45,45,50,50
7,22,2026,8,29,45,45,50,50
7,22,2026,8,29,45,45,50,50
7,22,2026,8,30,45,45,50,50
7,22,2026,8,30,45,45,50,50
7,22,2026,8,30,45,45,50,50
7,22,2026,8,30,45,45,50,50
7,22,2026,8,30,45,45,50,50
7,22,2026,8,30,45,45,50,50
7,22,2026,8,31,45,45,50,50
7,22,2026,8,31,45,45,50,50
7,22,2026,8,31,45,45,50,50
7,22,2026,8,31,45,45,50,50
7,22,2026,8,31,45,45,50,50
7,22,2026,8,31,45,45,50,50
7,22,2026,8,32,45,45,50,50
7,22,2026,8,32,45,45,50,50
7,22,2026,8,32,45,45,50,50
7,22,2026,8,32,45,45,50,50
7,22,2026,8,32,45,45,50,50
7,22,2026,8,32,45,45,50,50
7,22,2026,8,33,45,45,50,50
7,22,2026,8,33,45,45,50,50
7,22,2026,8,33,45,45,50,50
7,22,2026,8,33,45,45,50,50
7,22,2026,8,33,45,45,50,50
7,22,2026,8,33,45,45,50,50
7,22,2026,8,34,45,45,50,50
7,22,2026,8,34,45,45,50,50
7,22,2026,8,34,45,45,50,50
7,22,2026,8,34,45,45,50,50
7,22,2026,8,34,45,45,50,50
7,22,2026,8,34,45,45,50,50
7,22,2026,8,35,45,45,50,50
7,22,2026,8,35,45,45,50,50
7,22,2026,8,35,45,45,50,50
7,22,2026,8,35,45,45,50,50
7,22,2026,8,35,45,45,50,50
7,22,2026,8,35,45,45,50,50
7,22,2026,8,36,45,45,50,50
7,22,2026,8,36,45,45,50,50
7,22,2026,8,36,45,45,50,50
7,22,2026,8,36,45,45,50,50
7,22,2026,8,36,45,45,50,50
7,22,2026,8,36,45,45,50,50
7,22,2026,8,37,45,45,50,50
7,22,2026,8,37,45,45,50,50
7,22,2026,8,37,45,45,50,50
7,22,2026,8,37,45,45,50,50
7,22,2026,8,37,45,45,50,50
7,22,2026,8,37,45,45,50,50
7,22,2026,8,38,45,45,50,50
7,22,2026,8,38,45,45,50,50
7,22,2026,8,38,45,45,50,50
7,22,2026,8,38,45,45,50,50
7,22,2026,8,38,45,45,50,50
7,22,2026,8,38,45,45,50,50
7,22,2026,8,39,45,45,50,50
7,22,2026,8,39,45,45,50,50
7,22,2026,8,39,45,45,50,50
7,22,2026,8,39,45,45,50,50
7,22,2026,8,39,45,45,50,50
7,22,2026,8,39,45,45,50,50
7,22,2026,8,40,45,45,50,50
7,22,2026,8,40,45,45,50,50
7,22,2026,8,40,45,45,50,50
7,22,2026,8,40,45,45,50,50
7,22,2026,8,40,45,45,50,50
7,22,2026,8,40,45,45,50,50
7,22,2026,8,41,45,45,50,50
7,22,2026,8,41,45,45,50,50
7,22,2026,8,41,45,45,50,50
7,22,2026,8,41,45,45,50,50
7,22,2026,8,41,45,45,50,50
7,22,2026,8,41,45,45,50,50
7,22,2026,8,42,45,45,50,50
7,22,2026,8,42,45,45,50,50
7,22,2026,8,42,45,45,50,50
7,22,2026,8,42,45,45,50,50
7,22,2026,8,42,45,45,50,50
7,22,2026,8,42,45,45,50,50
7,22,2026,8,43,45,45,50,50
7,22,2026,8,43,45,45,50,50
7,22,2026,8,43,45,45,50,50
7,22,2026,8,43,45,45,50,50
7,22,2026,8,43,45,45,50,50
7,22,2026,8,43,45,45,50,50
7,22,2026,8,44,45,45,50,50
7,22,2026,8,44,45,45,50,50
7,22,2026,8,44,45,45,50,50
7,22,2026,8,44,45,45,50,50
7,22,2026,8,44,45,45,50,50
7,22,2026,8,44,45,45,50,50
7,22,2026,8,45,45,45,50,50
7,22,2026,8,45,45,45,50,50
7,22,2026,8,45,45,45,50,50
7,22,2026,8,45,45,45,50,50
7,22,2026,8,45,45,45,50,50
7,22,2026,8,45,45,45,50,50
7,22,2026,8,46,45,45,50,50
7,22,2026,8,46,45,45,50,50
7,22,2026,8,46,45,45,50,50
7,22,2026,8,46,45,45,50,50
7,22,2026,8,46,45,45,50,50
7,22,2026,8,46,45,45,50,50
7,22,2026,8,47,45,45,50,50
7,22,2026,8,47,45,45,50,50
7,22,2026,8,47,45,45,50,50
7,22,2026,8,47,45,45,50,50
7,22,2026,8,47,45,45,50,50
7,22,2026,8,47,45,45,50,50
7,22,2026,8,48,45,45,50,50
7,22,2026,8,48,45,45,50,50
7,22,2026,8,48,45,45,50,50
7,22,2026,8,48,45,45,50,50
7,22,2026,8,48,45,45,50,50
7,22,2026,8,48,45,45,50,50
7,22,2026,8,49,45,45,50,50
7,22,2026,8,49,45,45,50,50
7,22,2026,8,49,45,45,50,50
7,22,2026,8,49,45,45,50,50
7,22,2026,8,49,45,45,50,50
7,22,2026,8,49,45,45,50,50
7,22,2026,8,50,45,45,50,50
7,22,2026,8,50,45,45,50,50
7,22,2026,8,50,45,45,50,50
7,22,2026,8,50,45,45,50,50
7,22,2026,8,50,45,45,50,50
7,22,2026,8,50,45,45,50,50
7,22,2026,8,51,45,45,50,50
7,22,2026,8,51,45,45,50,50
7,22,2026,8,51,45,45,50,50
7,22,2026,8,51,45,45,50,50
7,22,2026,8,51,45,45,50,50
7,22,2026,8,51,45,45,50,50
7,22,2026,8,52,45,45,50,50
7,22,2026,8,52,45,45,50,50
7,22,2026,8,52,45,45,50,50
7,22,2026,8,52,45,45,50,50
7,22,2026,8,52,45,45,50,50
7,22,2026,8,52,45,45,50,50
7,22,2026,8,53,45,45,50,50
7,22,2026,8,53,45,45,50,50
7,22,2026,8,53,45,45,50,50
7,22,2026,8,53,45,45,50,50
7,22,2026,8,53,45,45,50,50
7,22,2026,8,53,45,45,50,50
7,22,2026,8,54,45,45,50,50
7,22,2026,8,54,45,45,50,50
7,22,2026,8,54,45,45,50,50
7,22,2026,8,54,45,45,50,50
7,22,2026,8,54,45,45,50,50
7,22,2026,8,54,45,45,50,50
7,22,2026,8,55,45,45,50,50
7,22,2026,8,55,45,45,50,50
7,22,2026,8,55,45,45,50,50
7,22,2026,8,55,45,45,50,50
7,22,2026,8,55,45,45,50,50
7,22,2026,8,55,45,45,50,50
7,22,2026,8,56,45,45,50,50
7,22,2026,8,56,45,45,50,50
7,22,2026,8,56,45,45,50,50
7,22,2026,8,56,45,45,50,50
7,22,2026,8,56,45,45,50,50
7,22,2026,8,56,45,45,50,50
7,22,2026,8,57,45,45,50,50
7,22,2026,8,57,45,45,50,50
7,22,2026,8,57,45,45,50,50
7,22,2026,8,57,45,45,50,50
7,22,2026,8,57,45,45,50,50
7,22,2026,8,57,45,45,50,50
7,22,2026,8,58,45,45,50,50
7,22,2026,8,58,45,45,50,50
7,22,2026,8,58,45,45,50,50
7,22,2026,8,58,45,45,50,50
7,22,2026,8,58,45,45,50,50
7,22,2026,8,58,45,45,50,50
7,22,2026,8,59,45,45,50,50
7,22,2026,8,59,45,45,50,50
7,22,2026,8,59,45,45,50,50
7,22,2026,8,59,45,45,50,50
7,22,2026,8,59,45,45,50,50
7,22,2026,8,59,45,45,50,50
7,22,2026,9,00,45,45,50,50
7,22,2026,9,00,45,45,50,50
7,22,2026,9,00,45,45,50,50
7,22,2026,9,00,45,45,50,50
7,22,2026,9,00,45,45,50,50
7,22,2026,9,00,45,45,50,50
7,22,2026,9,01,45,45,50,50
7,22,2026,9,01,45,45,50,50
7,22,2026,9,01,45,45,50,50
7,22,2026,9,01,45,45,50,50
7,22,2026,9,01,45,45,50,50
7,22,2026,9,01,45,45,50,50
7,22,2026,9,02,45,45,50,50
7,22,2026,9,02,45,45,50,50
7,22,2026,9,02,45,45,50,50
7,22,2026,9,02,45,45,50,50
7,22,2026,9,02,45,45,50,50
7,22,2026,9,02,45,45,50,50
7,22,2026,9,03,45,45,50,50
7,22,2026,9,03,45,45,50,50
7,22,2026,9,03,45,45,50,50
7,22,2026,9,03,45,45,50,50
7,22,2026,9,03,45,45,50,50
7,22,2026,9,03,45,45,50,50
7,22,2026,9,04,45,45,50,50
7,22,2026,9,04,45,45,50,50
7,22,2026,9,04,45,45,50,50
7,22,2026,9,04,45,45,50,50
7,22,2026,9,04,45,45,50,50
7,22,2026,9,04,45,45,50,50
7,22,2026,9,05,45,45,50,50
7,22,2026,9,05,45,45,50,50
7,22,2026,9,05,45,45,50,50
7,22,2026,9,05,45,45,50,50
7,22,2026,9,05,45,45,50,50
7,22,2026,9,05,45,45,50,50
7,22,2026,9,06,45,45,50,50
7,22,2026,9,06,45,45,50,50
7,22,2026,9,06,45,45,50,50
7,22,2026,9,06,45,45,50,50
7,22,2026,9,06,45,45,50,50
7,22,2026,9,06,45,45,50,50
7,22,2026,9,07,45,45,50,50
7,22,2026,9,07,45,45,50,50
7,22,2026,9,07,45,45,50,50
7,22,2026,9,07,45,45,50,50
7,22,2026,9,07,45,45,50,50
7,22,2026,9,07,45,45,50,50
7,22,2026,9,08,45,45,50,50
7,22,2026,9,08,45,45,50,50
7,22,2026,9,08,45,45,50,50
7,22,2026,9,08,45,45,50,50
7,22,2026,9,08,45,45,50,50
7,22,2026,9,08,45,45,50,50
7,22,2026,9,09,45,45,50,50
7,22,2026,9,09,45,45,50,50
7,22,2026,9,09,45,45,50,50
7,22,2026,9,09,45,45,50,50
7,22,2026,9,09,45,45,50,50
7,22,2026,9,09,45,45,50,50
7,22,2026,9,10,45,45,50,50
7,22,2026,9,10,45,45,50,50
7,22,2026,9,10,45,45,50,50
7,22,2026,9,10,45,45,50,50
7,22,2026,9,10,45,45,50,50
7,22,2026,9,10,45,45,50,50
7,22,2026,9,11,45,45,50,50
7,22,2026,9,11,45,45,50,50
7,22,2026,9,11,45,45,50,50
7,22,2026,9,11,45,45,50,50
7,22,2026,9,11,45,45,50,50
7,22,2026,9,11,45,45,50,50
7,22,2026,9,12,45,45,50,50
7,22,2026,9,12,45,45,50,50
7,22,2026,9,12,45,45,50,50
7,22,2026,9,12,45,45,50,50
7,22,2026,9,12,45,45,50,50
7,22,2026,9,12,45,45,50,50
7,22,2026,9,13,45,45,50,50
7,22,2026,9,13,45,45,50,50
7,22,2026,9,13,45,45,50,50
7,22,2026,9,13,45,45,50,50
7,22,2026,9,13,45,45,50,50
7,22,2026,9,13,45,45,50,50
7,22,2026,9,14,45,45,50,50
7,22,2026,9,14,45,45,50,50
7,22,2026,9,14,45,45,50,50
7,22,2026,9,14,45,45,50,50
7,22,2026,9,14,45,45,50,50
7,22,2026,9,14,45,45,50,50
7,22,2026,9,15,45,45,50,50
7,22,2026,9,15,45,45,50,50
7,22,2026,9,15,45,45,50,50
7,22,2026,9,15,45,10,50,40
7,22,2026,9,15,44.7,10,51,40
7,22,2026,9,15,44.3,10,52,40
7,22,2026,9,16,43.9,10,53,40
7,22,2026,9,16,43.6,10,53,40
7,22,2026,9,16,43.3,10,54,40
7,22,2026,9,16,43,10,54,40
7,22,2026,9,16,42.7,10,54,40
7,22,2026,9,16,42.4,10,54,40
7,22,2026,9,17,42,10,53,40
7,22,2026,9,17,41.6,10,52,40
7,22,2026,9,17,41.2,10,50,40
7,22,2026,9,17,40.6,10,48,40
7,22,2026,9,17,40.1,10,47,40
7,22,2026,9,17,39.5,10,45,40
7,22,2026,9,18,38.8,10,43,40
7,22,2026,9,18,38.1,10,41,40
7,22,2026,9,18,37.3,10,40,40
7,22,2026,9,18,36.6,10,39,40
7,22,2026,9,18,35.8,10,39,40
7,22,2026,9,18,35.1,10,39,40
7,22,2026,9,19,34.4,10,39,40
7,22,2026,9,19,33.7,10,39,40
7,22,2026,9,19,33.1,10,39,40
7,22,2026,9,19,32.5,10,39,40
7,22,2026,9,19,31.9,10,39,40
7,22,2026,9,19,31.3,10,39,40
7,22,2026,9,20,30.8,10,39,40
7,22,2026,9,20,30.3,10,39,40
7,22,2026,9,20,29.8,10,39,40
7,22,2026,9,20,29.2,10,40,40
7,22,2026,9,20,28.8,10,40,40
7,22,2026,9,20,28.3,10,40,40
7,22,2026,9,21,27.8,10,41,40
7,22,2026,9,21,27.2,10,41,40
7,22,2026,9,21,26.7,10,42,40
7,22,2026,9,21,26.2,10,42,40
7,22,2026,9,21,25.7,10,43,40
7,22,2026,9,21,25.3,10,43,40
7,22,2026,9,22,24.8,10,44,40
7,22,2026,9,22,24.4,10,44,40
7,22,2026,9,22,23.9,10,44,40
7,22,2026,9,22,23.5,10,45,40
7,22,2026,9,22,23,10,45,40
7,22,2026,9,22,22.6,10,45,40
7,22,2026,9,23,22.2,10,46,40
7,22,2026,9,23,21.8,10,46,40
7,22,2026,9,23,21.4,10,47,40
7,22,2026,9,23,21,10,47,40
7,22,2026,9,23,20.5,10,47,40
7,22,2026,9,23,20.1,10,48,40
7,22,2026,9,24,19.7,10,48,40
7,22,2026,9,24,19.3,10,48,40
7,22,2026,9,24,18.9,10,48,40
7,22,2026,9,24,18.5,10,49,40
7,22,2026,9,24,18.1,10,49,40
7,22,2026,9,24,17.7,10,49,40
7,22,2026,9,25,17.4,10,49,40
7,22,2026,9,25,17,10,50,40
7,22,2026,9,25,16.6,10,50,40
7,22,2026,9,25,16.3,10,50,40
7,22,2026,9,25,15.9,10,51,40
7,22,2026,9,25,15.6,10,51,40
7,22,2026,9,26,15.2,10,51,40
7,22,2026,9,26,14.9,10,51,40
7,22,2026,9,26,14.6,10,51,40
7,22,2026,9,26,14.2,10,52,40
7,22,2026,9,26,13.9,10,52,40
7,22,2026,9,26,13.6,10,52,40
7,22,2026,9,27,13.3,10,52,40
7,22,2026,9,27,12.9,10,53,40
7,22,2026,9,27,12.6,10,53,40
7,22,2026,9,27,12.3,10,53,40
7,22,2026,9,27,12,10,53,40
7,22,2026,9,27,11.7,10,53,40
7,22,2026,9,28,11.4,10,54,40
7,22,2026,9,28,11.1,10,54,40
7,22,2026,9,28,10.8,10,54,40
7,22,2026,9,28,10.6,10,54,40
7,22,2026,9,28,10.3,10,54,40
7,22,2026,9,28,10.1,10,54,40
7,22,2026,9,29,9.9,10,53,40
7,22,2026,9,29,9.8,10,52,40
7,22,2026,9,29,9.8,10,51,40
7,22,2026,9,29,9.8,10,51,40
7,22,2026,9,29,9.8,10,50,40
7,22,2026,9,29,9.8,10,49,40
7,22,2026,9,30,9.8,10,48,40
7,22,2026,9,30,9.8,10,47,40
7,22,2026,9,30,9.8,10,47,40
7,22,2026,9,30,9.8,10,46,40
7,22,2026,9,30,9.9,10,46,40
7,22,2026,9,30,9.9,10,45,40
7,22,2026,9,31,9.9,10,45,40
7,22,2026,9,31,9.9,10,44,40
7,22,2026,9,31,9.9,10,44,40
7,22,2026,9,31,9.9,10,43,40
7,22,2026,9,31,9.9,10,43,40
7,22,2026,9,31,9.9,10,43,40
7,22,2026,9,32,9.9,10,42,40
7,22,2026,9,32,9.9,10,42,40
7,22,2026,9,32,9.9,10,42,40
7,22,2026,9,32,9.9,10,41,40
7,22,2026,9,32,9.9,10,41,40
7,22,2026,9,32,9.9,10,41,40
7,22,2026,9,33,9.9,10,40,40
7,22,2026,9,33,9.9,10,40,40
7,22,2026,9,33,9.9,10,40,40
7,22,2026,9,33,9.9,10,40,40
7,22,2026,9,33,10,10,40,40
7,22,2026,9,33,10,10,39,40
7,22,2026,9,34,10,10,39,40
7,22,2026,9,34,10,10,39,40
7,22,2026,9,34,10,10,39,40
7,22,2026,9,34,9.9,10,39,40
7,22,2026,9,34,9.9,10,39,40
7,22,2026,9,34,9.9,10,39,40
7,22,2026,9,35,10,10,38,40
7,22,2026,9,35,10,10,38,40
7,22,2026,9,35,10,10,38,40
7,22,2026,9,35,10,10,38,40
7,22,2026,9,35,10,10,38,40
7,22,2026,9,35,10,10,38,40
7,22,2026,9,36,10,10,38,40
7,22,2026,9,36,10,10,38,40
7,22,2026,9,36,10,10,38,40
7,22,2026,9,36,10,10,38,40
7,22,2026,9,36,10,10,38,40
7,22,2026,9,36,10,10,38,40
7,22,2026,9,37,10,10,38,40
7,22,2026,9,37,10,10,38,40
7,22,2026,9,37,10,10,38,40
7,22,2026,9,37,10,10,38,40
7,22,2026,9,37,10,10,38,40
7,22,2026,9,37,10,10,38,40
7,22,2026,9,38,10,10,38,40
7,22,2026,9,38,10,10,38,40
7,22,2026,9,38,10,10,38,40
7,22,2026,9,38,10,10,38,40
7,22,2026,9,38,10,10,38,40
7,22,2026,9,38,10,10,38,40
7,22,2026,9,39,10,10,38,40
7,22,2026,9,39,10,10,38,40
7,22,2026,9,39,10,10,38,40
7,22,2026,9,39,10,10,38,40
7,22,2026,9,39,10,10,38,40
7,22,2026,9,39,10,10,38,40
7,22,2026,9,40,10,10,38,40
7,22,2026,9,40,10,10,38,40
7,22,2026,9,40,10,10,38,40
7,22,2026,9,40,10,10,38,40
7,22,2026,9,40,10,10,38,40
7,22,2026,9,40,10,10,38,40
7,22,2026,9,41,10,10,38,40
7,22,2026,9,41,10,10,39,40
7,22,2026,9,41,10,10,39,40
7,22,2026,9,41,10,10,39,40
7,22,2026,9,41,10,10,39,40
7,22,2026,9,41,10,10,39,40
7,22,2026,9,42,10,10,39,40
7,22,2026,9,42,10,10,39,40
7,22,2026,9,42,10,10,39,40
7,22,2026,9,42,10,10,39,40
7,22,2026,9,42,10,10,39,40
7,22,2026,9,42,10,10,39,40
7,22,2026,9,43,10,10,39,40
7,22,2026,9,43,10,10,39,40
7,22,2026,9,43,10,10,39,40
7,22,2026,9,43,10,10,39,40
7,22,2026,9,43,10,10,39,40
7,22,2026,9,43,10,10,39,40
7,22,2026,9,44,10,10,40,40
7,22,2026,9,44,10,10,39,40
7,22,2026,9,44,10,10,39,40
7,22,2026,9,44,10,10,40,40
7,22,2026,9,44,10,10,40,40
7,22,2026,9,44,10,10,40,40
7,22,2026,9,45,10,10,39,40
7,22,2026,9,45,10,10,40,40
7,22,2026,9,45,10,10,40,40
7,22,2026,9,45,10,10,40,40
7,22,2026,9,45,10,10,40,40
7,22,2026,9,45,10,10,40,40
7,22,2026,9,46,10,10,40,40
7,22,2026,9,46,10,10,40,40
7,22,2026,9,46,10,10,40,40
7,22,2026,9,46,10,10,40,40
7,22,2026,9,46,10,10,40,40
7,22,2026,9,46,10,10,40,40
7,22,2026,9,47,10,10,40,40
7,22,2026,9,47,10,10,40,40
7,22,2026,9,47,10,10,40,40
7,22,2026,9,47,10,10,40,40
7,22,2026,9,47,10,10,40,40
7,22,2026,9,47,10,10,40,40
7,22,2026,9,48,10,10,40,40
7,22,2026,9,48,10,10,40,40
7,22,2026,9,48,10,10,40,40
7,22,2026,9,48,10,10,40,40
7,22,2026,9,48,10,10,40,40
7,22,2026,9,48,10,10,40,40
7,22,2026,9,49,10,10,40,40
7,22,2026,9,49,10,10,40,40
7,22,2026,9,49,10,10,40,40
7,22,2026,9,49,10,10,40,40
7,22,2026,9,49,10,10,40,40
7,22,2026,9,49,10,10,40,40
7,22,2026,9,50,10,10,40,40
7,22,2026,9,50,10,10,40,40
7,22,2026,9,50,10,10,40,40
7,22,2026,9,50,10,10,40,40
7,22,2026,9,50,10,10,40,40
7,22,2026,9,50,10,10,40,40
7,22,2026,9,51,10,10,40,40
7,22,2026,9,51,10,10,40,40
7,22,2026,9,51,10,10,40,40
7,22,2026,9,51,10,10,40,40
7,22,2026,9,51,10,10,40,40
7,22,2026,9,51,10,10,40,40
7,22,2026,9,52,10,10,40,40
7,22,2026,9,52,10,10,40,40
7,22,2026,9,52,10,10,40,40
7,22,2026,9,52,10,10,40,40
7,22,2026,9,52,10,10,40,40
7,22,2026,9,52,10,10,40,40
7,22,2026,9,53,10,10,40,40
7,22,2026,9,53,10,10,40,40
7,22,2026,9,53,10,10,40,40
7,22,2026,9,53,10,10,40,40
7,22,2026,9,53,10,10,40,40
7,22,2026,9,53,10,10,40,40
7,22,2026,9,54,10,10,40,40
7,22,2026,9,54,10,10,40,40
7,22,2026,9,54,10,10,40,40
7,22,2026,9,54,10,10,40,40
7,22,2026,9,54,10,10,40,40
7,22,2026,9,54,10,10,40,40
7,22,2026,9,55,10,10,40,40
7,22,2026,9,55,10,10,40,40
7,22,2026,9,55,10,10,40,40
7,22,2026,9,55,10,10,40,40
7,22,2026,9,55,10,10,40,40
7,22,2026,9,55,10,10,40,40
7,22,2026,9,56,10,10,40,40
7,22,2026,9,56,10,10,40,40
7,22,2026,9,56,10,10,40,40
7,22,2026,9,56,10,10,40,40
7,22,2026,9,56,10,10,40,40
7,22,2026,9,56,10,10,40,40
7,22,2026,9,57,10,10,40,40
7,22,2026,9,57,10,10,40,40
7,22,2026,9,57,10,10,40,40
7,22,2026,9,57,10,10,40,40
7,22,2026,9,57,10,10,40,40
7,22,2026,9,57,10,10,40,40
7,22,2026,9,58,10,10,40,40
7,22,2026,9,58,10,10,40,40
7,22,2026,9,58,10,10,40,40
7,22,2026,9,58,10,10,40,40
7,22,2026,9,58,10,10,40,40
7,22,2026,9,58,10,10,40,40
7,22,2026,9,59,10,10,40,40
7,22,2026,9,59,10,10,40,40
7,22,2026,9,59,10,10,40,40
7,22,2026,9,59,10,10,40,40
7,22,2026,9,59,10,10,40,40
7,22,2026,9,59,10,10,40,40
7,22,2026,10,00,10,10,40,40
7,22,2026,10,00,10,10,40,40
7,22,2026,10,00,10,10,40,40
7,22,2026,10,00,10,10,40,40
7,22,2026,10,00,10,10,40,40
7,22,2026,10,00,10,10,40,40
7,22,2026,10,01,10,10,40,40
7,22,2026,10,01,10,10,40,40
7,22,2026,10,01,10,10,40,40
7,22,2026,10,01,10,10,40,40
7,22,2026,10,01,10,10,40,40
7,22,2026,10,01,10,10,40,40
7,22,2026,10,02,10,10,40,40
7,22,2026,10,02,10,10,40,40
7,22,2026,10,02,10,10,40,40
7,22,2026,10,02,10,10,40,40
7,22,2026,10,02,10,10,40,40
7,22,2026,10,02,10,10,40,40
7,22,2026,10,03,10,10,40,40
7,22,2026,10,03,10,10,40,40
7,22,2026,10,03,10,10,40,40
7,22,2026,10,03,10,10,40,40
7,22,2026,10,03,10,10,40,40
7,22,2026,10,03,10,10,40,40
7,22,2026,10,04,10,10,40,40
7,22,2026,10,04,10,10,40,40
7,22,2026,10,04,10,10,40,40
7,22,2026,10,04,10,10,40,40
7,22,2026,10,04,10,10,40,40
7,22,2026,10,04,10,10,40,40
7,22,2026,10,05,10,10,40,40
7,22,2026,10,05,10,10,40,40
7,22,2026,10,05,10,10,40,40
7,22,2026,10,05,10,10,40,40
7,22,2026,10,05,10,10,40,40
7,22,2026,10,05,10,10,40,40
7,22,2026,10,06,10,10,40,40
7,22,2026,10,06,10,10,40,40
7,22,2026,10,06,10,10,40,40
7,22,2026,10,06,10,10,40,40
7,22,2026,10,06,10,10,40,40
7,22,2026,10,06,10,10,40,40
7,22,2026,10,07,10,10,40,40
7,22,2026,10,07,10,10,40,40
7,22,2026,10,07,10,10,40,40
7,22,2026,10,07,10,10,40,40
7,22,2026,10,07,10,10,40,40
7,22,2026,10,07,10,10,40,40
7,22,2026,10,08,10,10,40,40
7,22,2026,10,08,10,10,40,40
7,22,2026,10,08,10,10,40,40
7,22,2026,10,08,10,10,40,40
7,22,2026,10,08,10,10,40,40
7,22,2026,10,08,10,10,40,40
7,22,2026,10,09,10,10,40,40
7,22,2026,10,09,10,10,40,40
7,22,2026,10,09,10,10,40,40
7,22,2026,10,09,10,10,40,40
7,22,2026,10,09,10,10,40,40
7,22,2026,10,09,10,10,40,40
7,22,2026,10,10,10,10,40,40
7,22,2026,10,10,10,10,40,40
7,22,2026,10,10,10,10,40,40
7,22,2026,10,10,10,10,40,40
7,22,2026,10,10,10,10,40,40
7,22,2026,10,10,10,10,40,40
7,22,2026,10,11,10,10,40,40
7,22,2026,10,11,10,10,40,40
7,22,2026,10,11,10,10,40,40
7,22,2026,10,11,10,10,40,40
7,22,2026,10,11,10,10,40,40
7,22,2026,10,11,10,10,40,40
7,22,2026,10,12,10,10,40,40
7,22,2026,10,12,10,10,40,40
7,22,2026,10,12,10,10,40,40
7,22,2026,10,12,10,10,40,40
7,22,2026,10,12,10,10,40,40
7,22,2026,10,12,10,10,40,40
7,22,2026,10,13,10,10,40,40
7,22,2026,10,13,10,10,40,40
7,22,2026,10,13,10,10,40,40
7,22,2026,10,13,10,10,40,40
7,22,2026,10,13,10,10,40,40
7,22,2026,10,13,10,10,40,40
7,22,2026,10,14,10,10,40,40
7,22,2026,10,14,10,10,40,40
7,22,2026,10,14,10,10,40,40
7,22,2026,10,14,10,10,40,40
7,22,2026,10,14,10,10,40,40
7,22,2026,10,14,10,10,40,40
7,22,2026,10,15,10,10,40,40
7,22,2026,10,15,10,10,40,40
7,22,2026,10,15,10,10,40,40
7,22,2026,10,15,10,10,40,40
7,22,2026,10,15,10,10,40,40
7,22,2026,10,15,10,10,40,40
7,22,2026,10,16,10,10,40,40
7,22,2026,10,16,10,10,40,40
7,22,2026,10,16,10,10,40,40
7,22,2026,10,16,10,10,40,40
7,22,2026,10,16,10,10,40,40
7,22,2026,10,16,10,10,40,40
7,22,2026,10,17,10,10,40,40
7,22,2026,10,17,10,10,40,40
7,22,2026,10,17,10,10,40,40
7,22,2026,10,17,10,10,40,40
7,22,2026,10,17,10,10,40,40
7,22,2026,10,17,10,10,40,40
7,22,2026,10,18,10,10,40,40
7,22,2026,10,18,10,10,40,40
7,22,2026,10,18,10,10,40,40
7,22,2026,10,18,10,10,40,40
7,22,2026,10,18,10,10,40,40
7,22,2026,10,18,10,10,40,40
7,22,2026,10,19,10,10,40,40
7,22,2026,10,19,10,10,40,40
7,22,2026,10,19,10,10,40,40
7,22,2026,10,19,10,10,40,40
7,22,2026,10,19,10,10,40,40
7,22,2026,10,19,10,10,40,40
7,22,2026,10,20,10,10,40,40
7,22,2026,10,20,10,10,40,40
7,22,2026,10,20,10,10,40,40
7,22,2026,10,20,10,10,40,40
7,22,2026,10,20,10,10,40,40
7,22,2026,10,20,10,10,40,40
7,22,2026,10,21,10,10,40,40
7,22,2026,10,21,10,10,40,40
7,22,2026,10,21,10,10,40,40
7,22,2026,10,21,10,10,40,40
7,22,2026,10,21,10,10,40,40
7,22,2026,10,21,10,10,40,40
7,22,2026,10,22,10,10,40,40
7,22,2026,10,22,10,10,40,40
7,22,2026,10,22,10,10,40,40
7,22,2026,10,22,10,10,40,40
7,22,2026,10,22,10,10,40,40
7,22,2026,10,22,10,10,40,40
7,22,2026,10,23,10,10,40,40
7,22,2026,10,23,10,10,40,40
7,22,2026,10,23,10,10,40,40
7,22,2026,10,23,10,10,40,40
7,22,2026,10,23,10,10,40,40
7,22,2026,10,23,10,10,40,40
7,22,2026,10,24,10,10,40,40
7,22,2026,10,24,10,10,40,40
7,22,2026,10,24,10,10,40,40
7,22,2026,10,24,10,10,40,40
7,22,2026,10,24,10,10,40,40
7,22,2026,10,24,10,10,40,40
7,22,2026,10,25,10,10,40,40
7,22,2026,10,25,10,10,40,40
7,22,2026,10,25,10,10,40,40
7,22,2026,10,25,10,10,40,40
7,22,2026,10,25,10,10,40,40
7,22,2026,10,25,10,10,40,40
7,22,2026,10,26,10,10,40,40
7,22,2026,10,26,10,10,40,40
7,22,2026,10,26,10,10,40,40
7,22,2026,10,26,10,10,40,40
7,22,2026,10,26,10,10,40,40
7,22,2026,10,26,10,10,40,40
7,22,2026,10,27,10,10,40,40
7,22,2026,10,27,10,10,40,40
7,22,2026,10,27,10,10,40,40
7,22,2026,10,27,10,10,40,40
7,22,2026,10,27,10,10,40,40
7,22,2026,10,27,10,10,40,40
7,22,2026,10,28,10,10,40,40
7,22,2026,10,28,10,10,40,40
7,22,2026,10,28,10,10,40,40
7,22,2026,10,28,10,10,40,40
7,22,2026,10,28,10,10,40,40
7,22,2026,10,28,10,10,40,40
7,22,2026,10,29,10,10,40,40
7,22,2026,10,29,10,10,40,40
7,22,2026,10,29,10,10,40,40
7,22,2026,10,29,10,10,40,40
7,22,2026,10,29,10,10,40,40
7,22,2026,10,29,10,10,40,40
7,22,2026,10,30,10,10,40,40
7,22,2026,10,30,10,10,40,40
7,22,2026,10,30,10,10,40,40
7,22,2026,10,30,10,10,40,40
7,22,2026,10,30,10,10,40,40
7,22,2026,10,30,10,10,40,40
7,22,2026,10,31,10,10,40,40
7,22,2026,10,31,10,10,40,40
7,22,2026,10,31,10,10,40,40
7,22,2026,10,31,10,10,40,40
7,22,2026,10,31,10,10,40,40
7,22,2026,10,31,10,10,40,40
7,22,2026,10,32,10,10,40,40
7,22,2026,10,32,10,10,40,40
7,22,2026,10,32,10,10,40,40
7,22,2026,10,32,10,10,40,40
7,22,2026,10,32,10,10,40,40
7,22,2026,10,32,10,10,40,40
7,22,2026,10,33,10,10,40,40
7,22,2026,10,33,10,10,40,40
7,22,2026,10,33,10,10,40,40
7,22,2026,10,33,10,10,40,40
7,22,2026,10,33,10.1,10,40,40
7,22,2026,10,33,10.1,10,40,40
7,22,2026,10,34,10,10,41,40
7,22,2026,10,34,10,10,41,40
7,22,2026,10,34,10,10,41,40
7,22,2026,10,34,10,10,41,40
7,22,2026,10,34,10,10,40,40
7,22,2026,10,34,10,10,40,40
7,22,2026,10,35,10,10,40,40
7,22,2026,10,35,10,10,40,40
7,22,2026,10,35,10,10,40,40
7,22,2026,10,35,10,10,40,40
7,22,2026,10,35,10,10,40,40
7,22,2026,10,35,10,10,40,40
7,22,2026,10,36,10,10,40,40
7,22,2026,10,36,10,10,40,40
7,22,2026,10,36,10,10,40,40
7,22,2026,10,36,10,10,40,40
7,22,2026,10,36,10,10,40,40
7,22,2026,10,36,10,10,40,40
7,22,2026,10,37,10,10,40,40
7,22,2026,10,37,10,10,40,40
7,22,2026,10,37,10,10,40,40
7,22,2026,10,37,10,10,40,40
7,22,2026,10,37,10,10,40,40
7,22,2026,10,37,10,10,40,40
7,22,2026,10,38,10,10,40,40
7,22,2026,10,38,10,10,40,40
7,22,2026,10,38,10,10,40,40
7,22,2026,10,38,10,10,40,40
7,22,2026,10,38,10,10,40,40
7,22,2026,10,38,10,10,40,40
7,22,2026,10,39,10,10,40,40
7,22,2026,10,39,10,10,40,40
7,22,2026,10,39,10,10,40,40
7,22,2026,10,39,10,10,40,40
7,22,2026,10,39,10,10,40,40
7,22,2026,10,39,10,10,40,40
7,22,2026,10,40,10,10,40,40
7,22,2026,10,40,10,10,40,40
7,22,2026,10,40,10,10,40,40
7,22,2026,10,40,10,10,40,40
7,22,2026,10,40,10,10,40,40
7,22,2026,10,40,10,10,40,40
7,22,2026,10,41,10,10,40,40
7,22,2026,10,41,10,10,40,40
7,22,2026,10,41,10,10,40,40
7,22,2026,10,41,10,10,40,40
7,22,2026,10,41,10,10,40,40
7,22,2026,10,41,10,10,40,40
7,22,2026,10,42,10,10,40,40
7,22,2026,10,42,10,10,40,40
7,22,2026,10,42,10,10,40,40
7,22,2026,10,42,10,10,40,40
7,22,2026,10,42,10,10,40,40
7,22,2026,10,42,10,10,40,40
7,22,2026,10,43,10,10,40,40
7,22,2026,10,43,10,10,40,40
7,22,2026,10,43,10,10,40,40
7,22,2026,10,43,10,10,40,40
7,22,2026,10,43,10,10,40,40
7,22,2026,10,43,10,10,40,40
7,22,2026,10,44,10,10,40,40
7,22,2026,10,44,10,10,40,40
7,22,2026,10,44,10,10,40,40
7,22,2026,10,44,10,10,40,40
7,22,2026,10,44,10,10,41,40
7,22,2026,10,44,10,10,41,40
7,22,2026,10,45,10,10,40,40
7,22,2026,10,45,10,10,40,40
7,22,2026,10,45,10,10,40,40
7,22,2026,10,45,10,10,40,40
7,22,2026,10,45,10,10,40,40
7,22,2026,10,45,10,10,40,40
7,22,2026,10,46,10,10,40,40
7,22,2026,10,46,10,10,40,40
7,22,2026,10,46,10,10,40,40
7,22,2026,10,46,10,10,40,40
7,22,2026,10,46,10,10,40,40
7,22,2026,10,46,10,10,40,40
7,22,2026,10,47,10,10,40,40
7,22,2026,10,47,10,10,40,40
7,22,2026,10,47,10,10,40,40
7,22,2026,10,47,10,10,40,40
7,22,2026,10,47,10,10,40,40
7,22,2026,10,47,10,10,40,40
7,22,2026,10,48,10,10,40,40
7,22,2026,10,48,10,10,40,40
7,22,2026,10,48,10,10,40,40
7,22,2026,10,48,10,10,40,40
7,22,2026,10,48,10,10,40,40
7,22,2026,10,48,10,10,40,40
7,22,2026,10,49,10,10,40,40
7,22,2026,10,49,10,10,40,40
7,22,2026,10,49,10,10,40,40
7,22,2026,10,49,10,10,40,40
7,22,2026,10,49,10,10,40,40
7,22,2026,10,49,10,10,40,40
7,22,2026,10,50,10,10,40,40
7,22,2026,10,50,10,10,40,40
7,22,2026,10,50,10,10,40,40
7,22,2026,10,50,10,10,40,40
7,22,2026,10,50,10,10,40,40
7,22,2026,10,50,10,10,40,40
7,22,2026,10,51,10,10,40,40
7,22,2026,10,51,10,10,40,40
7,22,2026,10,51,10,10,40,40
7,22,2026,10,51,10,10,40,40
7,22,2026,10,51,10,10,40,40
7,22,2026,10,51,10,10,40,40
7,22,2026,10,52,10,10,40,40
7,22,2026,10,52,10,10,40,40
7,22,2026,10,52,10,10,40,40
7,22,2026,10,52,10,10,40,40
7,22,2026,10,52,10,10,40,40
7,22,2026,10,52,10,10,40,40
7,22,2026,10,53,10,10,40,40
7,22,2026,10,53,10,10,40,40
7,22,2026,10,53,10,10,39,40
7,22,2026,10,53,10,10,39,40
7,22,2026,10,53,10.2,10,39,40
7,22,2026,10,53,10.2,10,38,40
7,22,2026,10,54,10.1,10,38,40
7,22,2026,10,54,10.1,10,38,40
7,22,2026,10,54,10.1,10,38,40
7,22,2026,10,54,10,10,38,40
7,22,2026,10,54,10,10,38,40
7,22,2026,10,54,10,10,38,40
7,22,2026,10,55,10,10,39,40
7,22,2026,10,55,10,10,39,40
7,22,2026,10,55,10,10,39,40
7,22,2026,10,55,10,10,39,40
7,22,2026,10,55,10,10,39,40
7,22,2026,10,55,10,10,39,40
7,22,2026,10,56,10,10,39,40
7,22,2026,10,56,10,10,39,40
7,22,2026,10,56,10,10,39,40
7,22,2026,10,56,10,10,39,40
7,22,2026,10,56,10,10,39,40
7,22,2026,10,56,10,10,39,40
7,22,2026,10,57,10,10,40,40
7,22,2026,10,57,10,10,40,40
7,22,2026,10,57,10,10,40,40
7,22,2026,10,57,10,10,41,40
7,22,2026,10,57,10,10,41,40
7,22,2026,10,57,10,10,41,40
7,22,2026,10,58,10,10,41,40
7,22,2026,10,58,10,10,41,40
7,22,2026,10,58,10,10,41,40
7,22,2026,10,58,10,10,41,40
7,22,2026,10,58,10,10,41,40
7,22,2026,10,58,10,10,41,40
7,22,2026,10,59,10,10,41,40
7,22,2026,10,59,10,10,41,40
7,22,2026,10,59,10,10,41,40
7,22,2026,10,59,10,10,41,40
7,22,2026,10,59,10,10,41,40
7,22,2026,10,59,10,10,41,40
7,22,2026,11,00,10,10,41,40
7,22,2026,11,00,10,10,41,40
7,22,2026,11,00,10,10,41,40
7,22,2026,11,00,10,10,40,40
7,22,2026,11,00,10,10,40,40
7,22,2026,11,00,10,10,40,40
7,22,2026,11,01,10,10,41,40
7,22,2026,11,01,10,10,40,40
7,22,2026,11,01,10,10,40,40
7,22,2026,11,01,10,10,40,40
7,22,2026,11,01,10,10,40,40
7,22,2026,11,01,10,10,40,40
7,22,2026,11,02,10,10,40,40
7,22,2026,11,02,10,10,40,40
7,22,2026,11,02,10,10,40,40
7,22,2026,11,02,10,10,40,40
7,22,2026,11,02,10,10,40,40
7,22,2026,11,02,10,10,40,40
7,22,2026,11,03,10,10,40,40
7,22,2026,11,03,10,10,40,40
7,22,2026,11,03,10,10,40,40
7,22,2026,11,03,10,10,40,40
7,22,2026,11,03,10,10,40,40
7,22,2026,11,03,10,10,40,40
7,22,2026,11,04,10,10,40,40
7,22,2026,11,04,10,10,40,40
7,22,2026,11,04,10,10,40,40
7,22,2026,11,04,10,10,40,40
7,22,2026,11,04,10,10,40,40
7,22,2026,11,04,10,10,40,40
7,22,2026,11,05,10,10,40,40
7,22,2026,11,05,10,10,40,40
7,22,2026,11,05,10,10,40,40
7,22,2026,11,05,10,10,40,40
7,22,2026,11,05,10,10,40,40
7,22,2026,11,05,10,10,40,40
7,22,2026,11,06,10,10,40,40
7,22,2026,11,06,10,10,40,40
7,22,2026,11,06,10,10,40,40
7,22,2026,11,06,10,10,40,40
7,22,2026,11,06,10,10,40,40
7,22,2026,11,06,9.9,10,40,40
7,22,2026,11,07,9.9,10,40,40
7,22,2026,11,07,10.1,10,40,40
7,22,2026,11,07,10.1,10,40,40
7,22,2026,11,07,10,10,40,40
7,22,2026,11,07,10,10,40,40
7,22,2026,11,07,10,10,40,40
7,22,2026,11,08,10,10,40,40
7,22,2026,11,08,10,10,40,40
7,22,2026,11,08,10,10,40,40
7,22,2026,11,08,10,10,40,40
7,22,2026,11,08,10,10,40,40
7,22,2026,11,08,10,10,40,40
7,22,2026,11,09,10,10,40,40
7,22,2026,11,09,10,10,40,40
7,22,2026,11,09,10,10,40,40
7,22,2026,11,09,10,10,40,40
7,22,2026,11,09,10,10,40,40
7,22,2026,11,09,10,10,40,40
7,22,2026,11,10,10,10,40,40
7,22,2026,11,10,10,10,40,40
7,22,2026,11,10,10,10,40,40
7,22,2026,11,10,10,10,40,40
7,22,2026,11,10,10,10,40,40
7,22,2026,11,10,10,10,40,40
7,22,2026,11,11,10,10,40,40
7,22,2026,11,11,10,10,40,40
7,22,2026,11,11,10,10,40,40
7,22,2026,11,11,10,10,40,40
7,22,2026,11,11,10,10,40,40
7,22,2026,11,11,10,10,40,40
7,22,2026,11,12,10,10,40,40
7,22,2026,11,12,10,10,40,40
7,22,2026,11,12,10,10,40,40
7,22,2026,11,12,10,10,40,40
7,22,2026,11,12,10,10,40,40
7,22,2026,11,12,10,10,40,40
7,22,2026,11,13,10,10,40,40
7,22,2026,11,13,10,10,40,40
7,22,2026,11,13,10,10,40,40
7,22,2026,11,13,10,10,40,40
7,22,2026,11,13,10,10,40,40
7,22,2026,11,13,10,10,40,40
7,22,2026,11,14,10,10,40,40
7,22,2026,11,14,10,10,40,40
7,22,2026,11,14,10,10,40,40
7,22,2026,11,14,10,10,40,40
7,22,2026,11,14,10,10,40,40
7,22,2026,11,14,10,10,40,40
7,22,2026,11,15,10,10,40,40
7,22,2026,11,15,10,10,40,40
7,22,2026,11,15,10,10,40,40
7,22,2026,11,15,10.3,35,38,40
7,22,2026,11,15,12.5,35,29,40
7,22,2026,11,15,15.6,35,20,40
7,22,2026,11,16,18.7,35,17,40
7,22,2026,11,16,21.3,35,17,40
7,22,2026,11,16,23.4,35,20,40
7,22,2026,11,16,25.2,35,22,40
7,22,2026,11,16,27,35,22,40
7,22,2026,11,16,28.4,35,22,40
7,22,2026,11,17,29.6,35,21,40
7,22,2026,11,17,30.4,35,21,40
7,22,2026,11,17,30.8,35,22,40
7,22,2026,11,17,30.7,35,24,40
7,22,2026,11,17,30.5,35,26,40
7,22,2026,11,17,30.6,35,27,40
7,22,2026,11,18,30.7,35,28,40
7,22,2026,11,18,31.1,35,29,40
7,22,2026,11,18,31.7,35,29,40
7,22,2026,11,18,32.4,35,30,40
7,22,2026,11,18,33.2,35,31,40
7,22,2026,11,18,33.9,35,32,40
7,22,2026,11,19,34.6,35,33,40
7,22,2026,11,19,35,35,34,40
7,22,2026,11,19,35.2,35,35,40
7,22,2026,11,19,35.4,35,37,40
7,22,2026,11,19,35.5,35,38,40
7,22,2026,11,19,35.5,35,39,40
7,22,2026,11,20,35.5,35,40,40
7,22,2026,11,20,35.5,35,41,40
7,22,2026,11,20,35.5,35,42,40
7,22,2026,11,20,35.4,35,42,40
7,22,2026,11,20,35.4,35,43,40
7,22,2026,11,20,35.3,35,44,40
7,22,2026,11,21,35.3,35,44,40
7,22,2026,11,21,35.3,35,45,40
7,22,2026,11,21,35.2,35,45,40
7,22,2026,11,21,35.2,35,46,40
7,22,2026,11,21,35.2,35,46,40
7,22,2026,11,21,35.2,35,46,40
7,22,2026,11,22,35.1,35,46,40
7,22,2026,11,22,35.1,35,46,40
7,22,2026,11,22,35.1,35,46,40
7,22,2026,11,22,35.1,35,46,40
7,22,2026,11,22,35.1,35,46,40
7,22,2026,11,22,35.1,35,46,40
7,22,2026,11,23,35.1,35,46,40
7,22,2026,11,23,35.1,35,46,40
7,22,2026,11,23,35.1,35,46,40
7,22,2026,11,23,35.1,35,46,40
7,22,2026,11,23,35.1,35,46,40
7,22,2026,11,23,35,35,46,40
7,22,2026,11,24,35,35,46,40
7,22,2026,11,24,35,35,45,40
7,22,2026,11,24,35,35,45,40
7,22,2026,11,24,35,35,45,40
7,22,2026,11,24,35,35,45,40
7,22,2026,11,24,35,35,45,40
7,22,2026,11,25,35,35,44,40
7,22,2026,11,25,35,35,44,40
7,22,2026,11,25,35,35,44,40
7,22,2026,11,25,35,35,44,40
7,22,2026,11,25,35,35,44,40
7,22,2026,11,25,35,35,43,40
7,22,2026,11,26,35,35,43,40
7,22,2026,11,26,35,35,43,40
7,22,2026,11,26,35,35,43,40
7,22,2026,11,26,35,35,42,40
7,22,2026,11,26,35,35,42,40
7,22,2026,11,26,35,35,42,40
7,22,2026,11,27,35,35,42,40
7,22,2026,11,27,35,35,41,40
7,22,2026,11,27,35,35,41,40
7,22,2026,11,27,35,35,41,40
7,22,2026,11,27,35,35,41,40
7,22,2026,11,27,35,35,41,40
7,22,2026,11,28,35,35,41,40
7,22,2026,11,28,35,35,41,40
7,22,2026,11,28,35,35,40,40
7,22,2026,11,28,35,35,40,40
7,22,2026,11,28,35,35,40,40
7,22,2026,11,28,35,35,40,40
7,22,2026,11,29,35,35,40,40
7,22,2026,11,29,35,35,40,40
7,22,2026,11,29,35,35,40,40
7,22,2026,11,29,35,35,40,40
7,22,2026,11,29,35,35,40,40
7,22,2026,11,29,35,35,40,40
7,22,2026,11,30,35,35,40,40
7,22,2026,11,30,35,35,40,40
7,22,2026,11,30,35,35,39,40
7,22,2026,11,30,35,35,39,40
7,22,2026,11,30,35,35,39,40
7,22,2026,11,30,35,35,39,40
7,22,2026,11,31,35,35,39,40
7,22,2026,11,31,35,35,39,40
7,22,2026,11,31,35,35,39,40
7,22,2026,11,31,35,35,39,40
7,22,2026,11,31,35,35,39,40
7,22,2026,11,31,35,35,39,40
7,22,2026,11,32,35,35,39,40
7,22,2026,11,32,35,35,39,40
7,22,2026,11,32,35,35,39,40
7,22,2026,11,32,35,35,39,40
7,22,2026,11,32,35,35,39,40
7,22,2026,11,32,35,35,39,40
7,22,2026,11,33,35,35,39,40
7,22,2026,11,33,35,35,39,40
7,22,2026,11,33,35,35,39,40
7,22,2026,11,33,35,35,39,40
7,22,2026,11,33,35,35,39,40
7,22,2026,11,33,35,35,39,40
7,22,2026,11,34,35,35,39,40
7,22,2026,11,34,35,35,39,40
7,22,2026,11,34,35,35,39,40
7,22,2026,11,34,35,35,39,40
7,22,2026,11,34,35,35,39,40
7,22,2026,11,34,35,35,39,40
7,22,2026,11,35,35,35,39,40
7,22,2026,11,35,35,35,39,40
7,22,2026,11,35,35,35,39,40
7,22,2026,11,35,35,35,39,40
7,22,2026,11,35,35,35,39,40
7,22,2026,11,35,35,35,39,40
7,22,2026,11,36,35,35,39,40
7,22,2026,11,36,35,35,39,40
7,22,2026,11,36,35,35,39,40
7,22,2026,11,36,35,35,39,40
7,22,2026,11,36,35,35,39,40
7,22,2026,11,36,35,35,39,40
7,22,2026,11,37,35,35,39,40
7,22,2026,11,37,35,35,39,40
7,22,2026,11,37,35,35,39,40
7,22,2026,11,37,35,35,39,40
7,22,2026,11,37,35,35,39,40
7,22,2026,11,37,35,35,39,40
7,22,2026,11,38,35,35,39,40
7,22,2026,11,38,35,35,39,40
7,22,2026,11,38,35,35,39,40
7,22,2026,11,38,35,35,39,40
7,22,2026,11,38,35,35,39,40
7,22,2026,11,38,35,35,39,40
7,22,2026,11,39,35,35,39,40
7,22,2026,11,39,35,35,39,40
7,22,2026,11,39,35,35,39,40
7,22,2026,11,39,35,35,39,40
7,22,2026,11,39,35,35,39,40
7,22,2026,11,39,35,35,39,40
7,22,2026,11,40,35,35,39,40
7,22,2026,11,40,35,35,39,40
7,22,2026,11,40,35,35,39,40
7,22,2026,11,40,35,35,39,40
7,22,2026,11,40,35,35,40,40
7,22,2026,11,40,35,35,40,40
7,22,2026,11,41,35,35,40,40
7,22,2026,11,41,35,35,40,40
7,22,2026,11,41,35,35,40,40
7,22,2026,11,41,35,35,40,40
7,22,2026,11,41,35,35,40,40
7,22,2026,11,41,35,35,40,40
7,22,2026,11,42,35,35,40,40
7,22,2026,11,42,35,35,40,40
7,22,2026,11,42,35,35,40,40
7,22,2026,11,42,35,35,40,40
7,22,2026,11,42,35,35,40,40
7,22,2026,11,42,35,35,40,40
7,22,2026,11,43,35,35,40,40
7,22,2026,11,43,35,35,40,40
7,22,2026,11,43,35,35,40,40
7,22,2026,11,43,35,35,40,40
7,22,2026,11,43,35,35,40,40
7,22,2026,11,43,35,35,40,40
7,22,2026,11,44,35,35,40,40
7,22,2026,11,44,35,35,40,40
7,22,2026,11,44,35,35,40,40
7,22,2026,11,44,35,35,40,40
7,22,2026,11,44,35,35,40,40
7,22,2026,11,44,35,35,40,40
7,22,2026,11,45,35,35,40,40
7,22,2026,11,45,35,35,40,40
7,22,2026,11,45,35,35,40,40
7,22,2026,11,45,35,35,40,40
7,22,2026,11,45,35,35,40,40
7,22,2026,11,45,35,35,40,40
7,22,2026,11,46,35,35,40,40
7,22,2026,11,46,35,35,40,40
7,22,2026,11,46,35,35,40,40
7,22,2026,11,46,35,35,40,40
7,22,2026,11,46,35,35,40,40
7,22,2026,11,46,35,35,40,40
7,22,2026,11,47,35,35,40,40
7,22,2026,11,47,35,35,40,40
7,22,2026,11,47,35,35,40,40
7,22,2026,11,47,35,35,40,40
7,22,2026,11,47,35,35,40,40
7,22,2026,11,47,35,35,40,40
7,22,2026,11,48,35,35,40,40
7,22,2026,11,48,35,35,40,40
7,22,2026,11,48,35,35,40,40
7,22,2026,11,48,35,35,40,40
7,22,2026,11,48,35,35,40,40
7,22,2026,11,48,35,35,40,40
7,22,2026,11,49,35,35,40,40
7,22,2026,11,49,35,35,40,40
7,22,2026,11,49,35,35,40,40
7,22,2026,11,49,35,35,40,40
7,22,2026,11,49,35,35,40,40
7,22,2026,11,49,35,35,40,40
7,22,2026,11,50,35,35,40,40
7,22,2026,11,50,35,35,40,40
7,22,2026,11,50,35,35,40,40
7,22,2026,11,50,35,35,40,40
7,22,2026,11,50,35,35,40,40
7,22,2026,11,50,35,35,40,40
7,22,2026,11,51,35,35,40,40
7,22,2026,11,51,35,35,40,40
7,22,2026,11,51,35,35,40,40
7,22,2026,11,51,35,35,40,40
7,22,2026,11,51,35,35,40,40
7,22,2026,11,51,35,35,40,40
7,22,2026,11,52,35,35,40,40
7,22,2026,11,52,35,35,40,40
7,22,2026,11,52,35,35,40,40
7,22,2026,11,52,35,35,40,40
7,22,2026,11,52,35,35,40,40
7,22,2026,11,52,35,35,40,40
7,22,2026,11,53,35,35,40,40
7,22,2026,11,53,35,35,40,40
7,22,2026,11,53,35,35,40,40
7,22,2026,11,53,35,35,40,40
7,22,2026,11,53,35,35,40,40
7,22,2026,11,53,35,35,40,40
7,22,2026,11,54,35,35,40,40
7,22,2026,11,54,35,35,40,40
7,22,2026,11,54,35,35,40,40
7,22,2026,11,54,35,35,40,40
7,22,2026,11,54,35,35,40,40
7,22,2026,11,54,35,35,40,40
7,22,2026,11,55,35,35,40,40
7,22,2026,11,55,35,35,40,40
7,22,2026,11,55,35,35,40,40
7,22,2026,11,55,35,35,40,40
7,22,2026,11,55,35,35,40,40
7,22,2026,11,55,35,35,40,40
7,22,2026,11,56,35,35,40,40
7,22,2026,11,56,35,35,40,40
7,22,2026,11,56,35,35,40,40
7,22,2026,11,56,35,35,40,40
7,22,2026,11,56,35,35,40,40
7,22,2026,11,56,35,35,40,40
7,22,2026,11,57,35,35,40,40
7,22,2026,11,57,35,35,40,40
7,22,2026,11,57,35,35,40,40
7,22,2026,11,57,35,35,40,40
7,22,2026,11,57,35,35,40,40
7,22,2026,11,57,35,35,40,40
7,22,2026,11,58,35,35,40,40
7,22,2026,11,58,35,35,40,40
7,22,2026,11,58,35,35,40,40
7,22,2026,11,58,35,35,40,40
7,22,2026,11,58,35,35,40,40
7,22,2026,11,58,35,35,40,40
7,22,2026,11,59,35,35,40,40
7,22,2026,11,59,35,35,40,40
7,22,2026,11,59,35,35,40,40
7,22,2026,11,59,35,35,40,40
7,22,2026,11,59,35,35,40,40
7,22,2026,11,59,35,35,40,40
7,22,2026,12,00,35,35,40,40
7,22,2026,12,00,35,35,40,40
7,22,2026,12,00,35,35,40,40
7,22,2026,12,00,35,35,40,40
7,22,2026,12,00,35,35,40,40
7,22,2026,12,00,35,35,40,40
7,22,2026,12,01,35,35,40,40
7,22,2026,12,01,35,35,40,40
7,22,2026,12,01,35,35,40,40
7,22,2026,12,01,35,35,40,40
7,22,2026,12,01,35,35,40,40
7,22,2026,12,01,35,35,40,40
7,22,2026,12,02,35,35,40,40
7,22,2026,12,02,35,35,40,40
7,22,2026,12,02,35,35,40,40
7,22,2026,12,02,35,35,40,40
7,22,2026,12,02,35,35,40,40
7,22,2026,12,02,35,35,40,40
7,22,2026,12,03,35,35,40,40
7,22,2026,12,03,35,35,40,40
7,22,2026,12,03,35,35,40,40
7,22,2026,12,03,35,35,40,40
7,22,2026,12,03,35,35,40,40
7,22,2026,12,03,35,35,40,40
7,22,2026,12,04,35,35,40,40
7,22,2026,12,04,35,35,40,40
7,22,2026,12,04,35,35,40,40
7,22,2026,12,04,35,35,40,40
7,22,2026,12,04,35,35,40,40
7,22,2026,12,04,35,35,40,40
7,22,2026,12,05,35,35,40,40
7,22,2026,12,05,35,35,40,40
7,22,2026,12,05,35,35,40,40
7,22,2026,12,05,35,35,40,40
7,22,2026,12,05,35,35,40,40
7,22,2026,12,05,35,35,40,40
7,22,2026,12,06,35,35,40,40
7,22,2026,12,06,35,35,40,40
7,22,2026,12,06,35,35,40,40
7,22,2026,12,06,35,35,40,40
7,22,2026,12,06,35,35,40,40
7,22,2026,12,06,35,35,40,40
7,22,2026,12,07,35,35,40,40
7,22,2026,12,07,35,35,40,40
7,22,2026,12,07,35,35,40,40
7,22,2026,12,07,35,35,40,40
7,22,2026,12,07,35,35,40,40
7,22,2026,12,07,35,35,40,40
7,22,2026,12,08,35,35,40,40
7,22,2026,12,08,35,35,40,40
7,22,2026,12,08,35,35,40,40
7,22,2026,12,08,35,35,40,40
7,22,2026,12,08,35,35,40,40
7,22,2026,12,08,35,35,40,40
7,22,2026,12,09,35,35,40,40
7,22,2026,12,09,35,35,40,40
7,22,2026,12,09,35,35,40,40
7,22,2026,12,09,35,35,40,40
7,22,2026,12,09,35,35,40,40
7,22,2026,12,09,35,35,40,40
7,22,2026,12,10,35,35,40,40
7,22,2026,12,10,35,35,40,40
7,22,2026,12,10,35,35,40,40
7,22,2026,12,10,35,35,40,40
7,22,2026,12,10,35,35,40,40
7,22,2026,12,10,35,35,40,40
7,22,2026,12,11,35,35,40,40
7,22,2026,12,11,35,35,40,40
7,22,2026,12,11,35,35,40,40
7,22,2026,12,11,35,35,40,40
7,22,2026,12,11,35,35,40,40
7,22,2026,12,11,35,35,40,40
7,22,2026,12,12,35,35,40,40
7,22,2026,12,12,35,35,40,40
7,22,2026,12,12,35,35,40,40
7,22,2026,12,12,35,35,40,40
7,22,2026,12,12,35,35,40,40
7,22,2026,12,12,35,35,40,40
7,22,2026,12,13,35,35,40,40
7,22,2026,12,13,35,35,40,40
7,22,2026,12,13,35,35,40,40
7,22,2026,12,13,35,35,40,40
7,22,2026,12,13,35,35,40,40
7,22,2026,12,13,35,35,40,40
7,22,2026,12,14,35,35,40,40
7,22,2026,12,14,35,35,40,40
7,22,2026,12,14,35,35,40,40
7,22,2026,12,14,35,35,40,40
7,22,2026,12,14,35,35,40,40
7,22,2026,12,14,35,35,40,40
7,22,2026,12,15,35,35,40,40
7,22,2026,12,15,35,35,40,40
7,22,2026,12,15,35,35,40,40
7,22,2026,12,15,35,35,40,40
7,22,2026,12,15,35,35,40,40
7,22,2026,12,15,35,35,40,40
7,22,2026,12,16,35,35,40,40
7,22,2026,12,16,35,35,40,40
7,22,2026,12,16,35,35,40,40
7,22,2026,12,16,35,35,40,40
7,22,2026,12,16,35,35,40,40
7,22,2026,12,16,35,35,40,40
7,22,2026,12,17,35,35,40,40
7,22,2026,12,17,35,35,40,40
7,22,2026,12,17,35,35,40,40
7,22,2026,12,17,35,35,40,40
7,22,2026,12,17,35,35,40,40
7,22,2026,12,17,35,35,40,40
7,22,2026,12,18,35,35,40,40
7,22,2026,12,18,35,35,40,40
7,22,2026,12,18,35,35,40,40
7,22,2026,12,18,35,35,40,40
7,22,2026,12,18,35,35,40,40
7,22,2026,12,18,35,35,40,40
7,22,2026,12,19,35,35,40,40
7,22,2026,12,19,35,35,40,40
7,22,2026,12,19,35,35,40,40
7,22,2026,12,19,35,35,40,40
7,22,2026,12,19,35,35,40,40
7,22,2026,12,19,35,35,40,40
7,22,2026,12,20,35,35,40,40
7,22,2026,12,20,35,35,40,40
7,22,2026,12,20,35,35,40,40
7,22,2026,12,20,35,35,40,40
7,22,2026,12,20,35,35,40,40
7,22,2026,12,20,35,35,40,40
7,22,2026,12,21,35,35,40,40
7,22,2026,12,21,35,35,40,40
7,22,2026,12,21,35,35,40,40
7,22,2026,12,21,35,35,40,40
7,22,2026,12,21,35,35,40,40
7,22,2026,12,21,35,35,40,40
7,22,2026,12,22,35,35,40,40
7,22,2026,12,22,35,35,40,40
7,22,2026,12,22,35,35,40,40
7,22,2026,12,22,35,35,40,40
7,22,2026,12,22,35,35,40,40
7,22,2026,12,22,35,35,40,40
7,22,2026,12,23,35,35,40,40
7,22,2026,12,23,35,35,40,40
7,22,2026,12,23,35,35,40,40
7,22,2026,12,23,35,35,40,40
7,22,2026,12,23,35,35,40,40
7,22,2026,12,23,35,35,40,40
7,22,2026,12,24,35,35,40,40
7,22,2026,12,24,35,35,40,40
7,22,2026,12,24,35,35,40,40
7,22,2026,12,24,35,35,40,40
7,22,2026,12,24,35,35,40,40
7,22,2026,12,24,35,35,40,40
7,22,2026,12,25,35,35,40,40
7,22,2026,12,25,35,35,40,40
7,22,2026,12,25,35,35,40,40
7,22,2026,12,25,35,35,40,40
7,22,2026,12,25,35,35,40,40
7,22,2026,12,25,35,35,40,40
7,22,2026,12,26,35,35,40,40
7,22,2026,12,26,35,35,40,40
7,22,2026,12,26,35,35,40,40
7,22,2026,12,26,35,35,40,40
7,22,2026,12,26,35,35,40,40
7,22,2026,12,26,35,35,40,40
7,22,2026,12,27,35,35,40,40
7,22,2026,12,27,35,35,40,40
7,22,2026,12,27,35,35,40,40
7,22,2026,12,27,35,35,40,40
7,22,2026,12,27,35,35,40,40
7,22,2026,12,27,35,35,40,40
7,22,2026,12,28,35,35,40,40
7,22,2026,12,28,35,35,40,40
7,22,2026,12,28,35,35,40,40
7,22,2026,12,28,35,35,40,40
7,22,2026,12,28,35,35,40,40
7,22,2026,12,28,35,35,40,40
7,22,2026,12,29,35,35,40,40
7,22,2026,12,29,35,35,40,40
7,22,2026,12,29,35,35,40,40
7,22,2026,12,29,35,35,40,40
7,22,2026,12,29,35,35,40,40
7,22,2026,12,29,35,35,40,40
7,22,2026,12,30,35,35,40,40
7,22,2026,12,30,35,35,40,40
7,22,2026,12,30,35,35,40,40
7,22,2026,12,30,35,35,40,40
7,22,2026,12,30,35,35,40,40
7,22,2026,12,30,35,35,40,40
7,22,2026,12,31,35,35,40,40
7,22,2026,12,31,35,35,40,40
7,22,2026,12,31,35,35,40,40
7,22,2026,12,31,35,35,40,40
7,22,2026,12,31,35,35,40,40
7,22,2026,12,31,35,35,40,40
7,22,2026,12,32,35,35,40,40
7,22,2026,12,32,35,35,40,40
7,22,2026,12,32,35,35,40,40
7,22,2026,12,32,35,35,40,40
7,22,2026,12,32,35,35,40,40
7,22,2026,12,32,35,35,40,40
7,22,2026,12,33,35,35,40,40
7,22,2026,12,33,35,35,40,40
7,22,2026,12,33,35,35,40,40
7,22,2026,12,33,35,35,40,40
7,22,2026,12,33,35,35,40,40
7,22,2026,12,33,35,35,40,40
7,22,2026,12,34,35,35,40,40
7,22,2026,12,34,35,35,40,40
7,22,2026,12,34,35,35,40,40
7,22,2026,12,34,35,35,40,40
7,22,2026,12,34,35,35,40,40
7,22,2026,12,34,35,35,40,40
7,22,2026,12,35,35,35,40,40
7,22,2026,12,35,35,35,40,40
7,22,2026,12,35,35,35,40,40
7,22,2026,12,35,35,35,40,40
7,22,2026,12,35,35,35,40,40
7,22,2026,12,35,35,35,40,40
7,22,2026,12,36,35,35,40,40
7,22,2026,12,36,35,35,40,40
7,22,2026,12,36,35,35,40,40
7,22,2026,12,36,35,35,40,40
7,22,2026,12,36,35,35,40,40
7,22,2026,12,36,35,35,40,40
7,22,2026,12,37,35,35,40,40
7,22,2026,12,37,35,35,40,40
7,22,2026,12,37,35,35,40,40
7,22,2026,12,37,35,35,40,40
7,22,2026,12,37,35,35,40,40
7,22,2026,12,37,35,35,40,40
7,22,2026,12,38,35,35,40,40
7,22,2026,12,38,35,35,40,40
7,22,2026,12,38,35,35,40,40
7,22,2026,12,38,35,35,40,40
7,22,2026,12,38,35,35,40,40
7,22,2026,12,38,35,35,40,40
7,22,2026,12,39,35,35,40,40
7,22,2026,12,39,35,35,40,40
7,22,2026,12,39,35,35,40,40
7,22,2026,12,39,35,35,40,40
7,22,2026,12,39,35,35,40,40
7,22,2026,12,39,35,35,40,40
7,22,2026,12,40,35,35,40,40
7,22,2026,12,40,35,35,40,40
7,22,2026,12,40,35,35,40,40
7,22,2026,12,40,35,35,40,40
7,22,2026,12,40,35,35,40,40
7,22,2026,12,40,35,35,40,40
7,22,2026,12,41,35,35,40,40
7,22,2026,12,41,35,35,40,40
7,22,2026,12,41,35,35,40,40
7,22,2026,12,41,35,35,40,40
7,22,2026,12,41,35,35,40,40
7,22,2026,12,41,35,35,40,40
7,22,2026,12,42,35,35,40,40
7,22,2026,12,42,35,35,40,40
7,22,2026,12,42,35,35,40,40
7,22,2026,12,42,35,35,40,40
7,22,2026,12,42,35,35,40,40
7,22,2026,12,42,35,35,40,40
7,22,2026,12,43,35,35,40,40
7,22,2026,12,43,35,35,40,40
7,22,2026,12,43,35,35,40,40
7,22,2026,12,43,35,35,40,40
7,22,2026,12,43,35,35,40,40
7,22,2026,12,43,35,35,40,40
7,22,2026,12,44,35,35,40,40
7,22,2026,12,44,35,35,40,40
7,22,2026,12,44,35,35,40,40
7,22,2026,12,44,35,35,40,40
7,22,2026,12,44,35,35,40,40
7,22,2026,12,44,35,35,40,40
7,22,2026,12,45,35,35,40,40
7,22,2026,12,45,35,35,40,40
7,22,2026,12,45,35,35,40,40
7,22,2026,12,45,35,35,40,40
7,22,2026,12,45,35,35,40,40
7,22,2026,12,45,35,35,40,40
7,22,2026,12,46,35,35,40,40
7,22,2026,12,46,35,35,40,40
7,22,2026,12,46,35,35,40,40
7,22,2026,12,46,35,35,40,40
7,22,2026,12,46,35,35,40,40
7,22,2026,12,46,35,35,40,40
7,22,2026,12,47,35,35,40,40
7,22,2026,12,47,35,35,40,40
7,22,2026,12,47,35,35,40,40
7,22,2026,12,47,35,35,40,40
7,22,2026,12,47,35,35,40,40
7,22,2026,12,47,35,35,40,40
7,22,2026,12,48,35,35,40,40
7,22,2026,12,48,35,35,40,40
7,22,2026,12,48,35,35,40,40
7,22,2026,12,48,35,35,40,40
7,22,2026,12,48,35,35,40,40
7,22,2026,12,48,35,35,40,40
7,22,2026,12,49,35,35,40,40
7,22,2026,12,49,35,35,40,40
7,22,2026,12,49,35,35,40,40
7,22,2026,12,49,35,35,40,40
7,22,2026,12,49,35,35,40,40
7,22,2026,12,49,35,35,40,40
7,22,2026,12,50,35,35,40,40
7,22,2026,12,50,35,35,40,40
7,22,2026,12,50,35,35,40,40
7,22,2026,12,50,35,35,40,40
7,22,2026,12,50,35,35,40,40
7,22,2026,12,50,35,35,40,40
7,22,2026,12,51,35,35,40,40
7,22,2026,12,51,35,35,40,40
7,22,2026,12,51,35,35,40,40
7,22,2026,12,51,35,35,40,40
7,22,2026,12,51,35,35,40,40
7,22,2026,12,51,35,35,40,40
7,22,2026,12,52,35,35,40,40
7,22,2026,12,52,35,35,40,40
7,22,2026,12,52,35,35,40,40
7,22,2026,12,52,35,35,40,40
7,22,2026,12,52,35,35,40,40
7,22,2026,12,52,35,35,40,40
7,22,2026,12,53,35,35,40,40
7,22,2026,12,53,35,35,40,40
7,22,2026,12,53,35,35,40,40
7,22,2026,12,53,35,35,40,40
7,22,2026,12,53,35,35,40,40
7,22,2026,12,53,35,35,40,40
7,22,2026,12,54,35,35,40,40
7,22,2026,12,54,35,35,40,40
7,22,2026,12,54,35,35,40,40
7,22,2026,12,54,35,35,40,40
7,22,2026,12,54,35,35,40,40
7,22,2026,12,54,35,35,40,40
7,22,2026,12,55,35,35,40,40
7,22,2026,12,55,35,35,40,40
7,22,2026,12,55,35,35,40,40
7,22,2026,12,55,35,35,40,40
7,22,2026,12,55,35,35,40,40
7,22,2026,12,55,35,35,40,40
7,22,2026,12,56,35,35,40,40
7,22,2026,12,56,35,35,40,40
7,22,2026,12,56,35,35,40,40
7,22,2026,12,56,35,35,40,40
7,22,2026,12,56,35,35,40,40
7,22,2026,12,56,35,35,40,40
7,22,2026,12,57,35,35,40,40
7,22,2026,12,57,35,35,40,40
7,22,2026,12,57,35,35,40,40
7,22,2026,12,57,35,35,40,40
7,22,2026,12,57,35,35,40,40
7,22,2026,12,57,35,35,40,40
7,22,2026,12,58,35,35,40,40
7,22,2026,12,58,35,35,40,40
7,22,2026,12,58,35,35,40,40
7,22,2026,12,58,35,35,40,40
7,22,2026,12,58,35,35,40,40
7,22,2026,12,58,35,35,40,40
7,22,2026,12,59,35,35,40,40
7,22,2026,12,59,35,35,40,40
7,22,2026,12,59,35,35,40,40
7,22,2026,12,59,35,35,40,40
7,22,2026,12,59,35,35,40,40
7,22,2026,12,59,35,35,40,40
7,22,2026,13,00,35,35,40,40
7,22,2026,13,00,35,35,40,40
7,22,2026,13,00,35,35,40,40
7,22,2026,13,00,35,35,40,40
7,22,2026,13,00,35,35,40,40
7,22,2026,13,00,35,35,40,40
7,22,2026,13,01,35,35,40,40
7,22,2026,13,01,35,35,40,40
7,22,2026,13,01,35,35,40,40
7,22,2026,13,01,35,35,40,40
7,22,2026,13,01,35,35,40,40
7,22,2026,13,01,35,35,40,40
7,22,2026,13,02,35,35,40,40
7,22,2026,13,02,35,35,40,40
7,22,2026,13,02,35,35,40,40
7,22,2026,13,02,35,35,40,40
7,22,2026,13,02,35,35,40,40
7,22,2026,13,02,35,35,40,40
7,22,2026,13,03,35,35,40,40
7,22,2026,13,03,35,35,40,40
7,22,2026,13,03,35,35,40,40
7,22,2026,13,03,35,35,40,40
7,22,2026,13,03,35,35,40,40
7,22,2026,13,03,35,35,40,40
7,22,2026,13,04,35,35,40,40
7,22,2026,13,04,35,35,40,40
7,22,2026,13,04,35,35,40,40
7,22,2026,13,04,35,35,40,40
7,22,2026,13,04,35,35,40,40
7,22,2026,13,04,35,35,40,40
7,22,2026,13,05,35,35,40,40
7,22,2026,13,05,35,35,40,40
7,22,2026,13,05,35,35,40,40
7,22,2026,13,05,35,35,40,40
7,22,2026,13,05,35,35,40,40
7,22,2026,13,05,35,35,40,40
7,22,2026,13,06,35,35,40,40
7,22,2026,13,06,35,35,40,40
7,22,2026,13,06,35,35,40,40
7,22,2026,13,06,35,35,40,40
7,22,2026,13,06,35,35,40,40
7,22,2026,13,06,35,35,40,40
7,22,2026,13,07,35,35,40,40
7,22,2026,13,07,35,35,40,40
7,22,2026,13,07,35,35,40,40
7,22,2026,13,07,35,35,40,40
7,22,2026,13,07,35,35,40,40
7,22,2026,13,07,35,35,40,40
7,22,2026,13,08,35,35,40,40
7,22,2026,13,08,35,35,40,40
7,22,2026,13,08,35,35,40,40
7,22,2026,13,08,35,35,40,40
7,22,2026,13,08,35,35,40,40
7,22,2026,13,08,35,35,40,40
7,22,2026,13,09,35,35,40,40
7,22,2026,13,09,35,35,40,40
7,22,2026,13,09,35,35,40,40
7,22,2026,13,09,35,35,40,40
7,22,2026,13,09,35,35,40,40
7,22,2026,13,09,35,35,40,40
7,22,2026,13,10,35,35,40,40
7,22,2026,13,10,35,35,40,40
7,22,2026,13,10,35,35,40,40
7,22,2026,13,10,35,35,40,40
7,22,2026,13,10,35,35,40,40
7,22,2026,13,10,35,35,40,40
7,22,2026,13,11,35,35,40,40
7,22,2026,13,11,35,35,40,40
7,22,2026,13,11,35,35,40,40
7,22,2026,13,11,35,35,40,40
7,22,2026,13,11,35,35,40,40
7,22,2026,13,11,35,35,40,40
7,22,2026,13,12,35,35,40,40
7,22,2026,13,12,35,35,40,40
7,22,2026,13,12,35,35,40,40
7,22,2026,13,12,35,35,40,40
7,22,2026,13,12,35,35,40,40
7,22,2026,13,12,35,35,40,40
7,22,2026,13,13,35,35,40,40
7,22,2026,13,13,35,35,40,40
7,22,2026,13,13,35,35,40,40
7,22,2026,13,13,35,35,40,40
7,22,2026,13,13,35,35,40,40
7,22,2026,13,13,35,35,40,40
7,22,2026,13,14,35,35,40,40
7,22,2026,13,14,35,35,40,40
7,22,2026,13,14,35,35,40,40
7,22,2026,13,14,35,35,40,40
7,22,2026,13,14,35,35,40,40
7,22,2026,13,14,35,35,40,40
7,22,2026,13,15,35,35,40,40
7,22,2026,13,15,35,35,40,40
7,22,2026,13,15,35,35,40,40
7,22,2026,13,15,34.9,10,40,80
7,22,2026,13,15,34.5,10,41,80
7,22,2026,13,15,33.9,10,43,80
7,22,2026,13,16,33.3,10,44,80
7,22,2026,13,16,32.8,10,45,80
7,22,2026,13,16,32.3,10,46,80
7,22,2026,13,16,31.9,10,47,80
7,22,2026,13,16,31.4,10,47,80
7,22,2026,13,16,31,10,47,80
7,22,2026,13,17,30.5,10,47,80
7,22,2026,13,17,30.1,10,47,80
7,22,2026,13,17,29.6,10,47,80
7,22,2026,13,17,29.1,10,47,80
7,22,2026,13,17,28.5,10,47,80
7,22,2026,13,17,27.8,10,48,80
7,22,2026,13,18,27.1,10,49,80
7,22,2026,13,18,26.3,10,50,80
7,22,2026,13,18,25.6,10,51,80
7,22,2026,13,18,24.8,10,52,80
7,22,2026,13,18,24.1,10,52,80
7,22,2026,13,18,23.4,10,52,80
7,22,2026,13,19,22.8,10,52,80
7,22,2026,13,19,22.2,10,52,80
7,22,2026,13,19,21.7,10,53,80
7,22,2026,13,19,21.1,10,53,80
7,22,2026,13,19,20.6,10,53,80
7,22,2026,13,19,20.2,10,54,80
7,22,2026,13,20,19.7,10,54,80
7,22,2026,13,20,19.3,10,55,80
7,22,2026,13,20,18.8,10,55,80
7,22,2026,13,20,18.4,10,55,80
7,22,2026,13,20,18,10,56,80
7,22,2026,13,20,17.5,10,56,80
7,22,2026,13,21,17.1,10,56,80
7,22,2026,13,21,16.7,10,57,80
7,22,2026,13,21,16.3,10,57,80
7,22,2026,13,21,15.9,10,58,80
7,22,2026,13,21,15.6,10,58,80
7,22,2026,13,21,15.2,10,59,80
7,22,2026,13,22,14.8,10,59,80
7,22,2026,13,22,14.5,10,59,80
7,22,2026,13,22,14.1,10,60,80
7,22,2026,13,22,13.8,10,60,80
7,22,2026,13,22,13.4,10,61,80
7,22,2026,13,22,13.1,10,61,80
7,22,2026,13,23,12.8,10,61,80
7,22,2026,13,23,12.5,10,62,80
7,22,2026,13,23,12.2,10,62,80
7,22,2026,13,23,11.9,10,62,80
7,22,2026,13,23,11.6,10,63,80
7,22,2026,13,23,11.3,10,63,80
7,22,2026,13,24,11,10,64,80
7,22,2026,13,24,10.7,10,64,80
7,22,2026,13,24,10.5,10,64,80
7,22,2026,13,24,10.2,10,64,80
7,22,2026,13,24,10.1,10,64,80
7,22,2026,13,24,10,10,63,80
7,22,2026,13,25,9.9,10,63,80
7,22,2026,13,25,9.9,10,62,80
7,22,2026,13,25,9.9,10,62,80
7,22,2026,13,25,9.9,10,62,80
7,22,2026,13,25,9.9,10,62,80
7,22,2026,13,25,9.9,10,62,80
7,22,2026,13,26,9.9,10,62,80
7,22,2026,13,26,9.9,10,62,80
7,22,2026,13,26,9.9,10,63,80
7,22,2026,13,26,10,10,63,80
7,22,2026,13,26,10,10,63,80
7,22,2026,13,26,10,10,64,80
7,22,2026,13,27,10,10,64,80
7,22,2026,13,27,10,10,65,80
7,22,2026,13,27,10,10,66,80
7,22,2026,13,27,10,10,67,80
7,22,2026,13,27,10,10,67,80
7,22,2026,13,27,10,10,68,80
7,22,2026,13,28,10,10,68,80
7,22,2026,13,28,10,10,69,80
7,22,2026,13,28,10,10,69,80
7,22,2026,13,28,10,10,69,80
7,22,2026,13,28,10,10,69,80
7,22,2026,13,28,10,10,69,80
7,22,2026,13,29,10,10,70,80
7,22,2026,13,29,10,10,70,80
7,22,2026,13,29,10,10,71,80
7,22,2026,13,29,10,10,71,80
7,22,2026,13,29,10,10,72,80
7,22,2026,13,29,10.1,10,72,80
7,22,2026,13,30,10,10,73,80
7,22,2026,13,30,10.1,10,74,80
7,22,2026,13,30,10,10,74,80
7,22,2026,13,30,10,10,75,80
7,22,2026,13,30,10,10,75,80
7,22,2026,13,30,10,10,75,80
7,22,2026,13,31,10,10,76,80
7,22,2026,13,31,10,10,76,80
7,22,2026,13,31,10,10,76,80
7,22,2026,13,31,10,10,77,80
7,22,2026,13,31,10,10,77,80
7,22,2026,13,31,10,10,78,80
7,22,2026,13,32,10,10,78,80
7,22,2026,13,32,10,10,78,80
7,22,2026,13,32,10,10,78,80
7,22,2026,13,32,10,10,79,80
7,22,2026,13,32,10,10,79,80
7,22,2026,13,32,10,10,79,80
7,22,2026,13,33,10,10,80,80
7,22,2026,13,33,10,10,80,80
7,22,2026,13,33,10,10,80,80
7,22,2026,13,33,10,10,80,80
7,22,2026,13,33,10,10,80,80
7,22,2026,13,33,10,10,80,80
7,22,2026,13,34,10,10,81,80
7,22,2026,13,34,10,10,81,80
7,22,2026,13,34,10,10,81,80
7,22,2026,13,34,10,10,81,80
7,22,2026,13,34,10,10,81,80
7,22,2026,13,34,10,10,81,80
7,22,2026,13,35,10,10,82,80
7,22,2026,13,35,10,10,82,80
7,22,2026,13,35,10,10,81,80
7,22,2026,13,35,10,10,82,80
7,22,2026,13,35,10,10,82,80
7,22,2026,13,35,10,10,82,80
7,22,2026,13,36,10,10,82,80
7,22,2026,13,36,10,10,82,80
7,22,2026,13,36,10,10,82,80
7,22,2026,13,36,10,10,82,80
7,22,2026,13,36,10,10,82,80
7,22,2026,13,36,10,10,82,80
7,22,2026,13,37,10,10,82,80
7,22,2026,13,37,10,10,83,80
7,22,2026,13,37,10,10,83,80
7,22,2026,13,37,10,10,83,80
7,22,2026,13,37,10,10,83,80
7,22,2026,13,37,10,10,82,80
7,22,2026,13,38,10,10,82,80
7,22,2026,13,38,10,10,82,80
7,22,2026,13,38,10,10,82,80
7,22,2026,13,38,10,10,82,80
7,22,2026,13,38,10,10,82,80
7,22,2026,13,38,10,10,82,80
7,22,2026,13,39,10,10,82,80
7,22,2026,13,39,10,10,82,80
7,22,2026,13,39,10,10,83,80
7,22,2026,13,39,10,10,83,80
7,22,2026,13,39,10,10,82,80
7,22,2026,13,39,10,10,83,80
7,22,2026,13,40,10,10,83,80
7,22,2026,13,40,10,10,83,80
7,22,2026,13,40,10,10,83,80
7,22,2026,13,40,10,10,83,80
7,22,2026,13,40,10,10,83,80
7,22,2026,13,40,10,10,83,80
7,22,2026,13,41,10,10,83,80
7,22,2026,13,41,10,10,83,80
7,22,2026,13,41,10,10,83,80
7,22,2026,13,41,10,10,83,80
7,22,2026,13,41,10,10,83,80
7,22,2026,13,41,10,10,83,80
7,22,2026,13,42,10,10,83,80
7,22,2026,13,42,10,10,82,80
7,22,2026,13,42,10,10,82,80
7,22,2026,13,42,10,10,82,80
7,22,2026,13,42,10,10,82,80
7,22,2026,13,42,10,10,82,80
7,22,2026,13,43,10,10,82,80
7,22,2026,13,43,10,10,81,80
7,22,2026,13,43,10,10,81,80
7,22,2026,13,43,10,10,81,80
7,22,2026,13,43,10,10,81,80
7,22,2026,13,43,10,10,81,80
7,22,2026,13,44,10,10,81,80
7,22,2026,13,44,10,10,80,80
7,22,2026,13,44,10,10,80,80
7,22,2026,13,44,10,10,80,80
7,22,2026,13,44,10,10,80,80
7,22,2026,13,44,10,10,80,80
7,22,2026,13,45,10,10,80,80
7,22,2026,13,45,10,10,80,80
7,22,2026,13,45,10,10,80,80
7,22,2026,13,45,10,10,80,80
7,22,2026,13,45,10,10,80,80
7,22,2026,13,45,10,10,80,80
7,22,2026,13,46,10,10,80,80
7,22,2026,13,46,10,10,80,80
7,22,2026,13,46,10,10,80,80
7,22,2026,13,46,10,10,79,80
7,22,2026,13,46,10,10,80,80
7,22,2026,13,46,10,10,79,80
7,22,2026,13,47,10,10,79,80
7,22,2026,13,47,10,10,79,80
7,22,2026,13,47,10,10,79,80
7,22,2026,13,47,10,10,80,80
7,22,2026,13,47,10,10,80,80
7,22,2026,13,47,10,10,80,80
7,22,2026,13,48,10,10,80,80
7,22,2026,13,48,10,10,80,80
7,22,2026,13,48,10,10,79,80
7,22,2026,13,48,10,10,79,80
7,22,2026,13,48,10,10,79,80
7,22,2026,13,48,10,10,79,80
7,22,2026,13,49,10,10,79,80
7,22,2026,13,49,10,10,79,80
7,22,2026,13,49,10,10,80,80
7,22,2026,13,49,10,10,80,80
7,22,2026,13,49,10,10,81,80
7,22,2026,13,49,10,10,81,80
7,22,2026,13,50,10,10,81,80
7,22,2026,13,50,10,10,80,80
7,22,2026,13,50,10,10,80,80
7,22,2026,13,50,10,10,80,80
7,22,2026,13,50,10,10,80,80
7,22,2026,13,50,10,10,80,80
7,22,2026,13,51,10,10,80,80
7,22,2026,13,51,10,10,80,80
7,22,2026,13,51,10,10,80,80
7,22,2026,13,51,10,10,80,80
7,22,2026,13,51,10,10,80,80
7,22,2026,13,51,10,10,80,80
7,22,2026,13,52,10,10,80,80
7,22,2026,13,52,10,10,80,80
7,22,2026,13,52,10,10,80,80
7,22,2026,13,52,10,10,80,80
7,22,2026,13,52,10,10,80,80
7,22,2026,13,52,10,10,80,80
7,22,2026,13,53,10,10,80,80
7,22,2026,13,53,10,10,80,80
7,22,2026,13,53,10,10,80,80
7,22,2026,13,53,10,10,80,80
7,22,2026,13,53,10,10,80,80
7,22,2026,13,53,10,10,80,80
7,22,2026,13,54,10,10,80,80
7,22,2026,13,54,10,10,80,80
7,22,2026,13,54,10,10,80,80
7,22,2026,13,54,10,10,80,80
7,22,2026,13,54,10,10,80,80
7,22,2026,13,54,10,10,80,80
7,22,2026,13,55,10,10,80,80
7,22,2026,13,55,10,10,80,80
7,22,2026,13,55,10,10,80,80
7,22,2026,13,55,10,10,80,80
7,22,2026,13,55,10,10,80,80
7,22,2026,13,55,10,10,80,80
7,22,2026,13,56,10,10,80,80
7,22,2026,13,56,10,10,80,80
7,22,2026,13,56,10,10,80,80
7,22,2026,13,56,10,10,80,80
7,22,2026,13,56,10,10,80,80
7,22,2026,13,56,10,10,80,80
7,22,2026,13,57,10,10,80,80
7,22,2026,13,57,10,10,80,80
7,22,2026,13,57,10,10,80,80
7,22,2026,13,57,10,10,80,80
7,22,2026,13,57,10,10,80,80
7,22,2026,13,57,10,10,80,80
7,22,2026,13,58,10,10,80,80
7,22,2026,13,58,10,10,80,80
7,22,2026,13,58,10,10,80,80
7,22,2026,13,58,10,10,80,80
7,22,2026,13,58,10,10,80,80
7,22,2026,13,58,10,10,80,80
7,22,2026,13,59,10,10,80,80
7,22,2026,13,59,10,10,80,80
7,22,2026,13,59,10,10,80,80
7,22,2026,13,59,10,10,80,80
7,22,2026,13,59,10,10,80,80
7,22,2026,13,59,10,10,80,80
7,22,2026,14,00,10,10,80,80
7,22,2026,14,00,10,10,80,80
7,22,2026,14,00,10,10,80,80
7,22,2026,14,00,10,10,80,80
7,22,2026,14,00,10,10,80,80
7,22,2026,14,00,10,10,80,80
7,22,2026,14,01,10,10,80,80
7,22,2026,14,01,10,10,80,80
7,22,2026,14,01,10,10,80,80
7,22,2026,14,01,10,10,80,80
7,22,2026,14,01,10,10,80,80
7,22,2026,14,01,10,10,80,80
7,22,2026,14,02,10,10,80,80
7,22,2026,14,02,10,10,80,80
7,22,2026,14,02,10,10,80,80
7,22,2026,14,02,10,10,80,80
7,22,2026,14,02,10,10,80,80
7,22,2026,14,02,10,10,80,80
7,22,2026,14,03,10,10,80,80
7,22,2026,14,03,10,10,80,80
7,22,2026,14,03,10,10,80,80
7,22,2026,14,03,10,10,80,80
7,22,2026,14,03,10,10,80,80
7,22,2026,14,03,10,10,80,80
7,22,2026,14,04,10,10,80,80
7,22,2026,14,04,10,10,80,80
7,22,2026,14,04,10,10,80,80
7,22,2026,14,04,10,10,80,80
7,22,2026,14,04,10,10,80,80
7,22,2026,14,04,10,10,80,80
7,22,2026,14,05,10,10,80,80
7,22,2026,14,05,10,10,80,80
7,22,2026,14,05,10,10,80,80
7,22,2026,14,05,10,10,80,80
7,22,2026,14,05,10,10,80,80
7,22,2026,14,05,10,10,80,80
7,22,2026,14,06,10,10,80,80
7,22,2026,14,06,10,10,80,80
7,22,2026,14,06,10,10,80,80
7,22,2026,14,06,10,10,80,80
7,22,2026,14,06,10,10,80,80
7,22,2026,14,06,10,10,80,80
7,22,2026,14,07,10,10,80,80
7,22,2026,14,07,10,10,80,80
7,22,2026,14,07,10,10,80,80
7,22,2026,14,07,10,10,80,80
7,22,2026,14,07,10,10,80,80
7,22,2026,14,07,10,10,80,80
7,22,2026,14,08,10,10,80,80
7,22,2026,14,08,10,10,80,80
7,22,2026,14,08,10,10,80,80
7,22,2026,14,08,10,10,80,80
7,22,2026,14,08,10,10,80,80
7,22,2026,14,08,10,10,80,80
7,22,2026,14,09,10,10,80,80
7,22,2026,14,09,10,10,81,80
7,22,2026,14,09,10,10,80,80
7,22,2026,14,09,10,10,81,80
7,22,2026,14,09,10,10,81,80
7,22,2026,14,09,10,10,80,80
7,22,2026,14,10,10,10,80,80
7,22,2026,14,10,10,10,80,80
7,22,2026,14,10,10,10,81,80
7,22,2026,14,10,10,10,80,80
7,22,2026,14,10,10,10,80,80
7,22,2026,14,10,10,10,80,80
7,22,2026,14,11,10,10,80,80
7,22,2026,14,11,10,10,80,80
7,22,2026,14,11,10,10,80,80
7,22,2026,14,11,10,10,80,80
7,22,2026,14,11,10,10,80,80
7,22,2026,14,11,10,10,80,80
7,22,2026,14,12,10,10,80,80
7,22,2026,14,12,10,10,80,80
7,22,2026,14,12,10,10,80,80
7,22,2026,14,12,10,10,81,80
7,22,2026,14,12,10,10,80,80
7,22,2026,14,12,10,10,80,80
7,22,2026,14,13,10,10,80,80
7,22,2026,14,13,10,10,80,80
7,22,2026,14,13,10,10,80,80
7,22,2026,14,13,10,10,80,80
7,22,2026,14,13,10,10,80,80
7,22,2026,14,13,10,10,80,80
7,22,2026,14,14,10,10,80,80
7,22,2026,14,14,10,10,80,80
7,22,2026,14,14,10,10,80,80
7,22,2026,14,14,10,10,80,80
7,22,2026,14,14,10,10,80,80
7,22,2026,14,14,10,10,80,80
7,22,2026,14,15,10,10,80,80
7,22,2026,14,15,10,10,80,80
7,22,2026,14,15,10,10,80,80
7,22,2026,14,15,10,10,80,80
7,22,2026,14,15,10,10,80,80
7,22,2026,14,15,10,10,80,80
7,22,2026,14,16,10,10,80,80
7,22,2026,14,16,10,10,80,80
7,22,2026,14,16,10,10,80,80
7,22,2026,14,16,10,10,80,80
7,22,2026,14,16,10,10,80,80
7,22,2026,14,16,10,10,80,80
7,22,2026,14,17,10,10,80,80
7,22,2026,14,17,10,10,80,80
7,22,2026,14,17,10,10,80,80
7,22,2026,14,17,10,10,80,80
7,22,2026,14,17,10,10,80,80
7,22,2026,14,17,10,10,80,80
7,22,2026,14,18,10,10,80,80
7,22,2026,14,18,10,10,80,80
7,22,2026,14,18,10,10,80,80
7,22,2026,14,18,10,10,80,80
7,22,2026,14,18,10,10,80,80
7,22,2026,14,18,10,10,80,80
7,22,2026,14,19,10,10,80,80
7,22,2026,14,19,10,10,80,80
7,22,2026,14,19,10,10,80,80
7,22,2026,14,19,10,10,80,80
7,22,2026,14,19,10,10,80,80
7,22,2026,14,19,10,10,80,80
7,22,2026,14,20,10,10,80,80
7,22,2026,14,20,10,10,80,80
7,22,2026,14,20,10,10,80,80
7,22,2026,14,20,10,10,80,80
7,22,2026,14,20,10,10,80,80
7,22,2026,14,20,10,10,80,80
7,22,2026,14,21,10,10,80,80
7,22,2026,14,21,10,10,80,80
7,22,2026,14,21,10,10,80,80
7,22,2026,14,21,10,10,80,80
7,22,2026,14,21,10,10,80,80
7,22,2026,14,21,10,10,80,80
7,22,2026,14,22,10,10,80,80
7,22,2026,14,22,10,10,80,80
7,22,2026,14,22,10,10,80,80
7,22,2026,14,22,10,10,80,80
7,22,2026,14,22,10,10,80,80
7,22,2026,14,22,10,10,80,80
7,22,2026,14,23,10,10,80,80
7,22,2026,14,23,10,10,80,80
7,22,2026,14,23,10,10,80,80
7,22,2026,14,23,10,10,80,80
7,22,2026,14,23,10,10,80,80
7,22,2026,14,23,10,10,80,80
7,22,2026,14,24,10,10,80,80
7,22,2026,14,24,10,10,80,80
7,22,2026,14,24,10,10,80,80
7,22,2026,14,24,10,10,80,80
7,22,2026,14,24,10,10,80,80
7,22,2026,14,24,10,10,80,80
7,22,2026,14,25,10,10,80,80
7,22,2026,14,25,10,10,80,80
7,22,2026,14,25,10,10,80,80
7,22,2026,14,25,10,10,80,80
7,22,2026,14,25,10,10,80,80
7,22,2026,14,25,10,10,80,80
7,22,2026,14,26,10,10,80,80
7,22,2026,14,26,10,10,80,80
7,22,2026,14,26,10,10,80,80
7,22,2026,14,26,10,10,80,80
7,22,2026,14,26,10,10,80,80
7,22,2026,14,26,10,10,80,80
7,22,2026,14,27,10,10,80,80
7,22,2026,14,27,10,10,80,80
7,22,2026,14,27,10,10,80,80
7,22,2026,14,27,10,10,80,80
7,22,2026,14,27,10,10,80,80
7,22,2026,14,27,10,10,80,80
7,22,2026,14,28,10,10,80,80
7,22,2026,14,28,10,10,80,80
7,22,2026,14,28,10,10,80,80
7,22,2026,14,28,10,10,80,80
7,22,2026,14,28,10,10,80,80
7,22,2026,14,28,10,10,80,80
7,22,2026,14,29,10,10,80,80
7,22,2026,14,29,10,10,80,80
7,22,2026,14,29,10,10,80,80
7,22,2026,14,29,10,10,80,80
7,22,2026,14,29,10,10,80,80
7,22,2026,14,29,10,10,80,80
7,22,2026,14,30,10,10,80,80
7,22,2026,14,30,10,10,80,80
7,22,2026,14,30,10,10,80,80
7,22,2026,14,30,10,10,80,80
7,22,2026,14,30,10,10,80,80
7,22,2026,14,30,10,10,80,80
7,22,2026,14,31,10,10,80,80
7,22,2026,14,31,10,10,80,80
7,22,2026,14,31,10,10,80,80
7,22,2026,14,31,10,10,80,80
7,22,2026,14,31,10,10,80,80
7,22,2026,14,31,10,10,80,80
7,22,2026,14,32,10,10,80,80
7,22,2026,14,32,10,10,80,80
7,22,2026,14,32,10,10,80,80
7,22,2026,14,32,10,10,80,80
7,22,2026,14,32,10,10,80,80
7,22,2026,14,32,10,10,80,80
7,22,2026,14,33,10,10,80,80
7,22,2026,14,33,10,10,80,80
7,22,2026,14,33,10,10,80,80
7,22,2026,14,33,10,10,80,80
7,22,2026,14,33,10,10,80,80
7,22,2026,14,33,10,10,80,80
7,22,2026,14,34,10,10,80,80
7,22,2026,14,34,10,10,80,80
7,22,2026,14,34,10,10,80,80
7,22,2026,14,34,10,10,80,80
7,22,2026,14,34,10,10,80,80
7,22,2026,14,34,10,10,80,80
7,22,2026,14,35,10,10,80,80
7,22,2026,14,35,10,10,80,80
7,22,2026,14,35,10,10,80,80
7,22,2026,14,35,10,10,80,80
7,22,2026,14,35,10,10,80,80
7,22,2026,14,35,10,10,80,80
7,22,2026,14,36,10,10,80,80
7,22,2026,14,36,10,10,80,80
7,22,2026,14,36,10,10,80,80
7,22,2026,14,36,10,10,80,80
7,22,2026,14,36,10,10,80,80
7,22,2026,14,36,10,10,80,80
7,22,2026,14,37,10,10,80,80
7,22,2026,14,37,10,10,81,80
7,22,2026,14,37,10,10,80,80
7,22,2026,14,37,10,10,80,80
7,22,2026,14,37,10,10,80,80
7,22,2026,14,37,10,10,80,80
7,22,2026,14,38,10,10,80,80
7,22,2026,14,38,10,10,80,80
7,22,2026,14,38,10,10,80,80
7,22,2026,14,38,10,10,80,80
7,22,2026,14,38,10,10,80,80
7,22,2026,14,38,10,10,80,80
7,22,2026,14,39,10,10,80,80
7,22,2026,14,39,10,10,80,80
7,22,2026,14,39,10,10,80,80
7,22,2026,14,39,10,10,80,80
7,22,2026,14,39,10,10,80,80
7,22,2026,14,39,10,10,80,80
7,22,2026,14,40,10,10,80,80
7,22,2026,14,40,10,10,80,80
7,22,2026,14,40,10,10,80,80
7,22,2026,14,40,10,10,80,80
7,22,2026,14,40,10,10,80,80
7,22,2026,14,40,10,10,80,80
7,22,2026,14,41,10,10,80,80
7,22,2026,14,41,10,10,80,80
7,22,2026,14,41,10,10,80,80
7,22,2026,14,41,10,10,80,80
7,22,2026,14,41,10,10,80,80
7,22,2026,14,41,10,10,80,80
7,22,2026,14,42,10,10,80,80
7,22,2026,14,42,10,10,80,80
7,22,2026,14,42,10,10,80,80
7,22,2026,14,42,10,10,80,80
7,22,2026,14,42,10,10,80,80
7,22,2026,14,42,10,10,80,80
7,22,2026,14,43,10,10,80,80
7,22,2026,14,43,10,10,80,80
7,22,2026,14,43,10,10,80,80
7,22,2026,14,43,10,10,80,80
7,22,2026,14,43,10,10,80,80
7,22,2026,14,43,10,10,80,80
7,22,2026,14,44,10,10,80,80
7,22,2026,14,44,10,10,80,80
7,22,2026,14,44,10,10,80,80
7,22,2026,14,44,10,10,80,80
7,22,2026,14,44,10,10,80,80
7,22,2026,14,44,10,10,80,80
7,22,2026,14,45,10,10,80,80
7,22,2026,14,45,10,10,80,80
7,22,2026,14,45,10,10,80,80
7,22,2026,14,45,10,10,80,80
7,22,2026,14,45,10,10,80,80
7,22,2026,14,45,10,10,80,80
7,22,2026,14,46,10,10,80,80
7,22,2026,14,46,10,10,80,80
7,22,2026,14,46,10,10,80,80
7,22,2026,14,46,10,10,80,80
7,22,2026,14,46,10,10,80,80
7,22,2026,14,46,10,10,80,80
7,22,2026,14,47,10,10,80,80
7,22,2026,14,47,10,10,80,80
7,22,2026,14,47,10,10,80,80
7,22,2026,14,47,10,10,80,80
7,22,2026,14,47,10,10,80,80
7,22,2026,14,47,10,10,80,80
7,22,2026,14,48,10,10,80,80
7,22,2026,14,48,10,10,80,80
7,22,2026,14,48,10,10,80,80
7,22,2026,14,48,10,10,80,80
7,22,2026,14,48,10,10,80,80
7,22,2026,14,48,10,10,80,80
7,22,2026,14,49,10,10,80,80
7,22,2026,14,49,10,10,80,80
7,22,2026,14,49,10,10,80,80
7,22,2026,14,49,10,10,80,80
7,22,2026,14,49,10,10,80,80
7,22,2026,14,49,10,10,80,80
7,22,2026,14,50,10,10,80,80
7,22,2026,14,50,10,10,80,80
7,22,2026,14,50,10,10,80,80
7,22,2026,14,50,10,10,80,80
7,22,2026,14,50,10,10,80,80
7,22,2026,14,50,10,10,80,80
7,22,2026,14,51,10,10,80,80
7,22,2026,14,51,10,10,80,80
7,22,2026,14,51,10,10,80,80
7,22,2026,14,51,10,10,80,80
7,22,2026,14,51,10,10,80,80
7,22,2026,14,51,10,10,80,80
7,22,2026,14,52,10,10,80,80
7,22,2026,14,52,10,10,80,80
7,22,2026,14,52,10,10,80,80
7,22,2026,14,52,10,10,80,80
7,22,2026,14,52,10,10,80,80
7,22,2026,14,52,10,10,80,80
7,22,2026,14,53,10,10,80,80
7,22,2026,14,53,10,10,80,80
7,22,2026,14,53,10,10,80,80
7,22,2026,14,53,10,10,80,80
7,22,2026,14,53,10,10,80,80
7,22,2026,14,53,10,10,80,80
7,22,2026,14,54,10,10,80,80
7,22,2026,14,54,10,10,80,80
7,22,2026,14,54,10,10,80,80
7,22,2026,14,54,10,10,80,80
7,22,2026,14,54,10,10,80,80
7,22,2026,14,54,10,10,80,80
7,22,2026,14,55,10,10,80,80
7,22,2026,14,55,10,10,80,80
7,22,2026,14,55,10,10,80,80
7,22,2026,14,55,10,10,80,80
7,22,2026,14,55,10,10,80,80
7,22,2026,14,55,10,10,80,80
7,22,2026,14,56,10,10,80,80
7,22,2026,14,56,10,10,80,80
7,22,2026,14,56,10,10,80,80
7,22,2026,14,56,10,10,80,80
7,22,2026,14,56,10,10,80,80
7,22,2026,14,56,10,10,80,80
7,22,2026,14,57,10,10,80,80
7,22,2026,14,57,10,10,80,80
7,22,2026,14,57,10,10,80,80
7,22,2026,14,57,10,10,80,80
7,22,2026,14,57,10,10,80,80
7,22,2026,14,57,10,10,80,80
7,22,2026,14,58,10,10,80,80
7,22,2026,14,58,10,10,80,80
7,22,2026,14,58,10,10,80,80
7,22,2026,14,58,10,10,80,80
7,22,2026,14,58,10,10,80,80
7,22,2026,14,58,10,10,80,80
7,22,2026,14,59,10,10,80,80
7,22,2026,14,59,10,10,80,80
7,22,2026,14,59,10,10,80,80
7,22,2026,14,59,10,10,80,80
7,22,2026,14,59,10,10,80,80
7,22,2026,14,59,10,10,80,80
7,22,2026,15,00,10,10,80,80
7,22,2026,15,00,10,10,80,80
7,22,2026,15,00,10,10,80,80
7,22,2026,15,00,10,10,80,80
7,22,2026,15,00,10,10,80,80
7,22,2026,15,00,10,10,80,80
7,22,2026,15,01,10,10,80,80
7,22,2026,15,01,10,10,80,80
7,22,2026,15,01,10,10,80,80
7,22,2026,15,01,10,10,80,80
7,22,2026,15,01,10,10,80,80
7,22,2026,15,01,10,10,80,80
7,22,2026,15,02,10,10,80,80
7,22,2026,15,02,10,10,80,80
7,22,2026,15,02,10,10,80,80
7,22,2026,15,02,10,10,80,80
7,22,2026,15,02,10,10,80,80
7,22,2026,15,02,10,10,80,80
7,22,2026,15,03,10,10,80,80
7,22,2026,15,03,10,10,80,80
7,22,2026,15,03,10,10,80,80
7,22,2026,15,03,10,10,80,80
7,22,2026,15,03,10,10,80,80
7,22,2026,15,03,10,10,80,80
7,22,2026,15,04,10,10,80,80
7,22,2026,15,04,10,10,80,80
7,22,2026,15,04,10,10,80,80
7,22,2026,15,04,10,10,80,80
7,22,2026,15,04,10,10,80,80
7,22,2026,15,04,10,10,80,80
7,22,2026,15,05,10,10,80,80
7,22,2026,15,05,10,10,80,80
7,22,2026,15,05,10,10,80,80
7,22,2026,15,05,10,10,80,80
7,22,2026,15,05,10,10,80,80
7,22,2026,15,05,10,10,80,80
7,22,2026,15,06,10,10,80,80
7,22,2026,15,06,10,10,80,80
7,22,2026,15,06,10,10,80,80
7,22,2026,15,06,10,10,80,80
7,22,2026,15,06,10,10,80,80
7,22,2026,15,06,10,10,80,80
7,22,2026,15,07,10,10,80,80
7,22,2026,15,07,10,10,80,80
7,22,2026,15,07,10,10,80,80
7,22,2026,15,07,10,10,80,80
7,22,2026,15,07,10,10,80,80
7,22,2026,15,07,10,10,80,80
7,22,2026,15,08,10,10,80,80
7,22,2026,15,08,10,10,80,80
7,22,2026,15,08,10,10,80,80
7,22,2026,15,08,10,10,80,80
7,22,2026,15,08,10,10,80,80
7,22,2026,15,08,10,10,80,80
7,22,2026,15,09,10,10,80,80
7,22,2026,15,09,10,10,80,80
7,22,2026,15,09,10,10,80,80
7,22,2026,15,09,10,10,80,80
7,22,2026,15,09,10,10,80,80
7,22,2026,15,09,10,10,80,80
7,22,2026,15,10,10,10,80,80
7,22,2026,15,10,10,10,80,80
7,22,2026,15,10,10,10,80,80
7,22,2026,15,10,10,10,80,80
7,22,2026,15,10,10,10,80,80
7,22,2026,15,10,10,10,80,80
7,22,2026,15,11,10,10,80,80
7,22,2026,15,11,10,10,80,80
7,22,2026,15,11,10,10,80,80
7,22,2026,15,11,10,10,80,80
7,22,2026,15,11,10,10,80,80
7,22,2026,15,11,10,10,80,80
7,22,2026,15,12,10,10,80,80
7,22,2026,15,12,10,10,80,80
7,22,2026,15,12,10,10,80,80
7,22,2026,15,12,10,10,80,80
7,22,2026,15,12,10,10,80,80
7,22,2026,15,12,10,10,80,80
7,22,2026,15,13,10,10,80,80
7,22,2026,15,13,10,10,80,80
7,22,2026,15,13,10,10,80,80
7,22,2026,15,13,10,10,80,80
7,22,2026,15,13,10,10,80,80
7,22,2026,15,13,10,10,80,80
7,22,2026,15,14,10,10,80,80
7,22,2026,15,14,10,10,80,80
7,22,2026,15,14,10,10,80,80
7,22,2026,15,14,10,10,80,80
7,22,2026,15,14,10,10,80,80
7,22,2026,15,14,10,10,80,80
7,22,2026,15,15,10,10,80,80
7,22,2026,15,15,10,10,80,80
7,22,2026,15,15,10,10,80,80
7,22,2026,15,15,10.4,35,77,80
7,22,2026,15,15,12.7,35,62,80
7,22,2026,15,15,16,35,48,80
7,22,2026,15,16,19.2,35,42,80
7,22,2026,15,16,22.1,35,40,80
7,22,2026,15,16,24.6,35,40,80
7,22,2026,15,16,26.8,35,40,80
7,22,2026,15,16,28.8,35,40,80
7,22,2026,15,16,30.4,35,39,80
7,22,2026,15,17,31.8,35,39,80
7,22,2026,15,17,33,35,39,80
7,22,2026,15,17,34,35,40,80
7,22,2026,15,17,34.7,35,41,80
7,22,2026,15,17,35.1,35,43,80
7,22,2026,15,17,35.4,35,44,80
7,22,2026,15,18,35.6,35,46,80
7,22,2026,15,18,35.6,35,48,80
7,22,2026,15,18,35.7,35,50,80
7,22,2026,15,18,35.7,35,52,80
7,22,2026,15,18,35.6,35,53,80
7,22,2026,15,18,35.6,35,55,80
7,22,2026,15,19,35.5,35,57,80
7,22,2026,15,19,35.4,35,58,80
7,22,2026,15,19,35.4,35,59,80
7,22,2026,15,19,35.3,35,60,80
7,22,2026,15,19,35.3,35,61,80
7,22,2026,15,19,35.3,35,62,80
7,22,2026,15,20,35.2,35,62,80
7,22,2026,15,20,35.2,35,63,80
7,22,2026,15,20,35.2,35,64,80
7,22,2026,15,20,35.2,35,65,80
7,22,2026,15,20,35.2,35,65,80
7,22,2026,15,20,35.2,35,66,80
7,22,2026,15,21,35.2,35,67,80
7,22,2026,15,21,35.2,35,68,80
7,22,2026,15,21,35.2,35,69,80
7,22,2026,15,21,35.2,35,69,80
7,22,2026,15,21,35.2,35,70,80
7,22,2026,15,21,35.1,35,71,80
7,22,2026,15,22,35.1,35,71,80
7,22,2026,15,22,35.1,35,72,80
7,22,2026,15,22,35.1,35,72,80
7,22,2026,15,22,35.1,35,73,80
7,22,2026,15,22,35.1,35,74,80
7,22,2026,15,22,35.1,35,74,80
7,22,2026,15,23,35.1,35,74,80
7,22,2026,15,23,35.1,35,75,80
7,22,2026,15,23,35.1,35,75,80
7,22,2026,15,23,35.1,35,75,80
7,22,2026,15,23,35.1,35,76,80
7,22,2026,15,23,35.1,35,76,80
7,22,2026,15,24,35.1,35,76,80
7,22,2026,15,24,35.1,35,77,80
7,22,2026,15,24,35,35,77,80
7,22,2026,15,24,35,35,77,80
7,22,2026,15,24,35.1,35,77,80
7,22,2026,15,24,35.1,35,78,80
7,22,2026,15,25,35.1,35,78,80
7,22,2026,15,25,35.1,35,78,80
7,22,2026,15,25,35.1,35,79,80
7,22,2026,15,25,35.1,35,79,80
7,22,2026,15,25,35.1,35,79,80
7,22,2026,15,25,35.1,35,80,80
7,22,2026,15,26,35.1,35,80,80
7,22,2026,15,26,35.1,35,80,80
7,22,2026,15,26,35.1,35,80,80
7,22,2026,15,26,35.1,35,81,80
7,22,2026,15,26,35.1,35,81,80
7,22,2026,15,26,35.1,35,81,80
7,22,2026,15,27,35.1,35,81,80
7,22,2026,15,27,35.1,35,82,80
7,22,2026,15,27,35.1,35,82,80
7,22,2026,15,27,35,35,82,80
7,22,2026,15,27,35,35,82,80
7,22,2026,15,27,35,35,82,80
7,22,2026,15,28,35,35,82,80
7,22,2026,15,28,35,35,83,80
7,22,2026,15,28,35,35,83,80
7,22,2026,15,28,35,35,83,80
7,22,2026,15,28,35,35,83,80
7,22,2026,15,28,35,35,83,80
7,22,2026,15,29,35,35,83,80
7,22,2026,15,29,35,35,83,80
7,22,2026,15,29,35,35,83,80
7,22,2026,15,29,35,35,84,80
7,22,2026,15,29,35,35,84,80
7,22,2026,15,29,35,35,84,80
7,22,2026,15,30,35,35,83,80
7,22,2026,15,30,35,35,83,80
7,22,2026,15,30,35,35,84,80
7,22,2026,15,30,35,35,84,80
7,22,2026,15,30,35,35,84,80
7,22,2026,15,30,35,35,83,80
7,22,2026,15,31,35,35,83,80
7,22,2026,15,31,35,35,83,80
7,22,2026,15,31,35,35,83,80
7,22,2026,15,31,35,35,83,80
7,22,2026,15,31,35,35,83,80
7,22,2026,15,31,35,35,83,80
7,22,2026,15,32,35,35,83,80
7,22,2026,15,32,35,35,83,80
7,22,2026,15,32,35,35,83,80
7,22,2026,15,32,35,35,83,80
7,22,2026,15,32,35,35,83,80
7,22,2026,15,32,35,35,83,80
7,22,2026,15,33,35,35,83,80
7,22,2026,15,33,35,35,83,80
7,22,2026,15,33,35,35,83,80
7,22,2026,15,33,35,35,83,80
7,22,2026,15,33,35,35,83,80
7,22,2026,15,33,35,35,82,80
7,22,2026,15,34,35,35,82,80
7,22,2026,15,34,35,35,82,80
7,22,2026,15,34,35,35,82,80
7,22,2026,15,34,35,35,82,80
7,22,2026,15,34,35,35,82,80
7,22,2026,15,34,35,35,82,80
7,22,2026,15,35,35,35,82,80
7,22,2026,15,35,35,35,82,80
7,22,2026,15,35,35,35,82,80
7,22,2026,15,35,35,35,82,80
7,22,2026,15,35,35,35,82,80
7,22,2026,15,35,35,35,81,80
7,22,2026,15,36,35,35,81,80
7,22,2026,15,36,35,35,81,80
7,22,2026,15,36,35,35,81,80
7,22,2026,15,36,35,35,81,80
7,22,2026,15,36,35,35,81,80
7,22,2026,15,36,35,35,81,80
7,22,2026,15,37,35,35,81,80
7,22,2026,15,37,35,35,81,80
7,22,2026,15,37,35,35,81,80
7,22,2026,15,37,35,35,81,80
7,22,2026,15,37,35,35,81,80
7,22,2026,15,37,35,35,81,80
7,22,2026,15,38,35,35,81,80
7,22,2026,15,38,35,35,81,80
7,22,2026,15,38,35,35,81,80
7,22,2026,15,38,35,35,81,80
7,22,2026,15,38,35,35,81,80
7,22,2026,15,38,35,35,81,80
7,22,2026,15,39,35,35,81,80
7,22,2026,15,39,35,35,80,80
7,22,2026,15,39,35,35,80,80
7,22,2026,15,39,35,35,80,80
7,22,2026,15,39,35,35,80,80
7,22,2026,15,39,35,35,80,80
7,22,2026,15,40,35,35,80,80
7,22,2026,15,40,35,35,80,80
7,22,2026,15,40,35,35,80,80
7,22,2026,15,40,35,35,80,80
7,22,2026,15,40,35,35,80,80
7,22,2026,15,40,35,35,80,80
7,22,2026,15,41,35,35,80,80
7,22,2026,15,41,35,35,80,80
7,22,2026,15,41,35,35,80,80
7,22,2026,15,41,35,35,80,80
7,22,2026,15,41,35,35,80,80
7,22,2026,15,41,35,35,80,80
7,22,2026,15,42,35,35,80,80
7,22,2026,15,42,35,35,80,80
7,22,2026,15,42,35,35,80,80
7,22,2026,15,42,35,35,80,80
7,22,2026,15,42,35,35,80,80
7,22,2026,15,42,35,35,80,80
7,22,2026,15,43,35,35,80,80
7,22,2026,15,43,35,35,80,80
7,22,2026,15,43,35,35,80,80
7,22,2026,15,43,35,35,80,80
7,22,2026,15,43,35,35,80,80
7,22,2026,15,43,35,35,80,80
7,22,2026,15,44,35,35,80,80
7,22,2026,15,44,35,35,80,80
7,22,2026,15,44,35,35,80,80
7,22,2026,15,44,35,35,80,80
7,22,2026,15,44,35,35,80,80
7,22,2026,15,44,35,35,80,80
7,22,2026,15,45,35,35,80,80
7,22,2026,15,45,35,35,80,80
7,22,2026,15,45,35,35,80,80
7,22,2026,15,45,35,35,80,80
7,22,2026,15,45,35,35,80,80
7,22,2026,15,45,35,35,80,80
7,22,2026,15,46,35,35,80,80
7,22,2026,15,46,35,35,80,80
7,22,2026,15,46,35,35,80,80
7,22,2026,15,46,35,35,80,80
7,22,2026,15,46,35,35,80,80
7,22,2026,15,46,35,35,80,80
7,22,2026,15,47,35,35,80,80
7,22,2026,15,47,35,35,80,80
7,22,2026,15,47,35,35,80,80
7,22,2026,15,47,35,35,80,80
7,22,2026,15,47,35,35,80,80
7,22,2026,15,47,35,35,80,80
7,22,2026,15,48,35,35,80,80
7,22,2026,15,48,35,35,80,80
7,22,2026,15,48,35,35,80,80
7,22,2026,15,48,35,35,80,80
7,22,2026,15,48,35,35,80,80
7,22,2026,15,48,35,35,80,80
7,22,2026,15,49,35,35,80,80
7,22,2026,15,49,35,35,80,80
7,22,2026,15,49,35,35,80,80
7,22,2026,15,49,35,35,80,80
7,22,2026,15,49,35,35,80,80
7,22,2026,15,49,35,35,80,80
7,22,2026,15,50,35,35,80,80
7,22,2026,15,50,35,35,80,80
7,22,2026,15,50,35,35,80,80
7,22,2026,15,50,35,35,80,80
7,22,2026,15,50,35,35,80,80
7,22,2026,15,50,35,35,80,80
7,22,2026,15,51,35,35,80,80
7,22,2026,15,51,35,35,80,80
7,22,2026,15,51,35,35,80,80
7,22,2026,15,51,35,35,80,80
7,22,2026,15,51,35,35,80,80
7,22,2026,15,51,35,35,80,80
7,22,2026,15,52,35,35,80,80
7,22,2026,15,52,35,35,80,80
7,22,2026,15,52,35,35,80,80
7,22,2026,15,52,35,35,80,80
7,22,2026,15,52,35,35,80,80
7,22,2026,15,52,35,35,80,80
7,22,2026,15,53,35,35,80,80
7,22,2026,15,53,35,35,80,80
7,22,2026,15,53,35,35,80,80
7,22,2026,15,53,35,35,80,80
7,22,2026,15,53,35,35,80,80
7,22,2026,15,53,35,35,80,80
7,22,2026,15,54,35,35,80,80
7,22,2026,15,54,35,35,80,80
7,22,2026,15,54,35,35,80,80
7,22,2026,15,54,35,35,80,80
7,22,2026,15,54,35,35,80,80
7,22,2026,15,54,35,35,80,80
7,22,2026,15,55,35,35,80,80
7,22,2026,15,55,35,35,80,80
7,22,2026,15,55,35,35,80,80
7,22,2026,15,55,35,35,80,80
7,22,2026,15,55,35,35,80,80
7,22,2026,15,55,35,35,80,80
7,22,2026,15,56,35,35,80,80
7,22,2026,15,56,35,35,80,80
7,22,2026,15,56,35,35,80,80
7,22,2026,15,56,35,35,80,80
7,22,2026,15,56,35,35,80,80
7,22,2026,15,56,35,35,80,80
7,22,2026,15,57,35,35,80,80
7,22,2026,15,57,35,35,80,80
7,22,2026,15,57,35,35,80,80
7,22,2026,15,57,35,35,80,80
7,22,2026,15,57,35,35,80,80
7,22,2026,15,57,35,35,80,80
7,22,2026,15,58,35,35,80,80
7,22,2026,15,58,35,35,80,80
7,22,2026,15,58,35,35,80,80
7,22,2026,15,58,35,35,80,80
7,22,2026,15,58,35,35,80,80
7,22,2026,15,58,35,35,80,80
7,22,2026,15,59,35,35,80,80
7,22,2026,15,59,35,35,80,80
7,22,2026,15,59,35,35,80,80
7,22,2026,15,59,35,35,80,80
7,22,2026,15,59,35,35,80,80
7,22,2026,15,59,35,35,80,80
7,22,2026,16,00,35,35,80,80
7,22,2026,16,00,35,35,80,80
7,22,2026,16,00,35,35,80,80
7,22,2026,16,00,35,35,80,80
7,22,2026,16,00,35,35,80,80
7,22,2026,16,00,35,35,80,80
7,22,2026,16,01,35,35,80,80
7,22,2026,16,01,35,35,80,80
7,22,2026,16,01,35,35,80,80
7,22,2026,16,01,35,35,80,80
7,22,2026,16,01,35,35,80,80
7,22,2026,16,01,35,35,80,80
7,22,2026,16,02,35,35,80,80
7,22,2026,16,02,35,35,80,80
7,22,2026,16,02,35,35,80,80
7,22,2026,16,02,35,35,80,80
7,22,2026,16,02,35,35,80,80
7,22,2026,16,02,35,35,80,80
7,22,2026,16,03,35,35,80,80
7,22,2026,16,03,35,35,80,80
7,22,2026,16,03,35,35,80,80
7,22,2026,16,03,35,35,80,80
7,22,2026,16,03,35,35,80,80
7,22,2026,16,03,35,35,80,80
7,22,2026,16,04,35,35,80,80
7,22,2026,16,04,35,35,80,80
7,22,2026,16,04,35,35,80,80
7,22,2026,16,04,35,35,80,80
7,22,2026,16,04,35,35,80,80
7,22,2026,16,04,35,35,80,80
7,22,2026,16,05,35,35,80,80
7,22,2026,16,05,35,35,80,80
7,22,2026,16,05,35,35,80,80
7,22,2026,16,05,35,35,80,80
7,22,2026,16,05,35,35,80,80
7,22,2026,16,05,35,35,80,80
7,22,2026,16,06,35,35,80,80
7,22,2026,16,06,35,35,80,80
7,22,2026,16,06,35,35,80,80
7,22,2026,16,06,35,35,80,80
7,22,2026,16,06,35,35,80,80
7,22,2026,16,06,35,35,80,80
7,22,2026,16,07,35,35,80,80
7,22,2026,16,07,35,35,80,80
7,22,2026,16,07,35,35,80,80
7,22,2026,16,07,35,35,80,80
7,22,2026,16,07,35,35,80,80
7,22,2026,16,07,35,35,80,80
7,22,2026,16,08,35,35,80,80
7,22,2026,16,08,35,35,80,80
7,22,2026,16,08,35,35,80,80
7,22,2026,16,08,35,35,80,80
7,22,2026,16,08,35,35,80,80
7,22,2026,16,08,35,35,80,80
7,22,2026,16,09,35,35,80,80
7,22,2026,16,09,35,35,80,80
7,22,2026,16,09,35,35,80,80
7,22,2026,16,09,35,35,80,80
7,22,2026,16,09,35,35,80,80
7,22,2026,16,09,35,35,80,80
7,22,2026,16,10,35,35,80,80
7,22,2026,16,10,35,35,80,80
7,22,2026,16,10,35,35,80,80
7,22,2026,16,10,35,35,80,80
7,22,2026,16,10,35,35,80,80
7,22,2026,16,10,35,35,80,80
7,22,2026,16,11,35,35,80,80
7,22,2026,16,11,35,35,80,80
7,22,2026,16,11,35,35,80,80
7,22,2026,16,11,35,35,80,80
7,22,2026,16,11,35,35,80,80
7,22,2026,16,11,35,35,80,80
7,22,2026,16,12,35,35,80,80
7,22,2026,16,12,35,35,80,80
7,22,2026,16,12,35,35,80,80
7,22,2026,16,12,35,35,80,80
7,22,2026,16,12,35,35,80,80
7,22,2026,16,12,35,35,80,80
7,22,2026,16,13,35,35,80,80
7,22,2026,16,13,35,35,80,80
7,22,2026,16,13,35,35,80,80
7,22,2026,16,13,35,35,80,80
7,22,2026,16,13,35,35,80,80
7,22,2026,16,13,35,35,80,80
7,22,2026,16,14,35,35,80,80
7,22,2026,16,14,35,35,80,80
7,22,2026,16,14,35,35,80,80
7,22,2026,16,14,35,35,80,80
7,22,2026,16,14,35,35,80,80
7,22,2026,16,14,35,35,80,80
7,22,2026,16,15,35,35,80,80
7,22,2026,16,15,35,35,80,80
7,22,2026,16,15,35,35,80,80
7,22,2026,16,15,35,35,80,80
7,22,2026,16,15,35,35,80,80
7,22,2026,16,15,35,35,80,80
7,22,2026,16,16,35,35,80,80
7,22,2026,16,16,35,35,80,80
7,22,2026,16,16,35,35,80,80
7,22,2026,16,16,35,35,80,80
7,22,2026,16,16,35,35,80,80
7,22,2026,16,16,35,35,80,80
7,22,2026,16,17,35,35,80,80
7,22,2026,16,17,35,35,80,80
7,22,2026,16,17,35,35,80,80
7,22,2026,16,17,35,35,80,80
7,22,2026,16,17,35,35,80,80
7,22,2026,16,17,35,35,80,80
7,22,2026,16,18,35,35,80,80
7,22,2026,16,18,35,35,80,80
7,22,2026,16,18,35,35,80,80
7,22,2026,16,18,35,35,80,80
7,22,2026,16,18,35,35,80,80
7,22,2026,16,18,35,35,80,80
7,22,2026,16,19,35,35,80,80
7,22,2026,16,19,35,35,80,80
7,22,2026,16,19,35,35,80,80
7,22,2026,16,19,35,35,80,80
7,22,2026,16,19,35,35,80,80
7,22,2026,16,19,35,35,80,80
7,22,2026,16,20,35,35,80,80
7,22,2026,16,20,35,35,80,80
7,22,2026,16,20,35,35,80,80
7,22,2026,16,20,35,35,80,80
7,22,2026,16,20,35,35,80,80
7,22,2026,16,20,35,35,80,80
7,22,2026,16,21,35,35,80,80
7,22,2026,16,21,35,35,80,80
7,22,2026,16,21,35,35,80,80
7,22,2026,16,21,35,35,80,80
7,22,2026,16,21,35,35,80,80
7,22,2026,16,21,35,35,80,80
7,22,2026,16,22,35,35,80,80
7,22,2026,16,22,35,35,80,80
7,22,2026,16,22,35,35,80,80
7,22,2026,16,22,35,35,80,80
7,22,2026,16,22,35,35,80,80
7,22,2026,16,22,35,35,80,80
7,22,2026,16,23,35,35,80,80
7,22,2026,16,23,35,35,80,80
7,22,2026,16,23,35,35,80,80
7,22,2026,16,23,35,35,80,80
7,22,2026,16,23,35,35,80,80
7,22,2026,16,23,35,35,80,80
7,22,2026,16,24,35,35,80,80
7,22,2026,16,24,35,35,80,80
7,22,2026,16,24,35,35,80,80
7,22,2026,16,24,35,35,80,80
7,22,2026,16,24,35,35,80,80
7,22,2026,16,24,35,35,80,80
7,22,2026,16,25,35,35,80,80
7,22,2026,16,25,35,35,80,80
7,22,2026,16,25,35,35,80,80
7,22,2026,16,25,35,35,80,80
7,22,2026,16,25,35,35,80,80
7,22,2026,16,25,35,35,80,80
7,22,2026,16,26,35,35,80,80
7,22,2026,16,26,35,35,80,80
7,22,2026,16,26,35,35,80,80
7,22,2026,16,26,35,35,80,80
7,22,2026,16,26,35,35,80,80
7,22,2026,16,26,35,35,80,80
7,22,2026,16,27,35,35,80,80
7,22,2026,16,27,35,35,80,80
7,22,2026,16,27,35,35,80,80
7,22,2026,16,27,35,35,80,80
7,22,2026,16,27,35,35,80,80
7,22,2026,16,27,35,35,80,80
7,22,2026,16,28,35,35,80,80
7,22,2026,16,28,35,35,80,80
7,22,2026,16,28,35,35,80,80
7,22,2026,16,28,35,35,80,80
7,22,2026,16,28,35,35,80,80
7,22,2026,16,28,35,35,80,80
7,22,2026,16,29,35,35,80,80
7,22,2026,16,29,35,35,80,80
7,22,2026,16,29,35,35,80,80
7,22,2026,16,29,35,35,80,80
7,22,2026,16,29,35,35,80,80
7,22,2026,16,29,35,35,80,80
7,22,2026,16,30,35,35,80,80
7,22,2026,16,30,35,35,80,80
7,22,2026,16,30,35,35,80,80
7,22,2026,16,30,35,35,80,80
7,22,2026,16,30,35,35,80,80
7,22,2026,16,30,35,35,80,80
7,22,2026,16,31,35,35,80,80
7,22,2026,16,31,35,35,80,80
7,22,2026,16,31,35,35,80,80
7,22,2026,16,31,35,35,80,80
7,22,2026,16,31,35,35,80,80
7,22,2026,16,31,35,35,80,80
7,22,2026,16,32,35,35,80,80
7,22,2026,16,32,35,35,80,80
7,22,2026,16,32,35,35,80,80
7,22,2026,16,32,35,35,80,80
7,22,2026,16,32,35,35,80,80
7,22,2026,16,32,35,35,80,80
7,22,2026,16,33,35,35,80,80
7,22,2026,16,33,35,35,80,80
7,22,2026,16,33,35,35,80,80
7,22,2026,16,33,35,35,80,80
7,22,2026,16,33,35,35,80,80
7,22,2026,16,33,35,35,80,80
7,22,2026,16,34,35,35,80,80
7,22,2026,16,34,35,35,80,80
7,22,2026,16,34,35,35,80,80
7,22,2026,16,34,35,35,80,80
7,22,2026,16,34,35,35,80,80
7,22,2026,16,34,35,35,80,80
7,22,2026,16,35,35,35,80,80
7,22,2026,16,35,35,35,80,80
7,22,2026,16,35,35,35,80,80
7,22,2026,16,35,35,35,80,80
7,22,2026,16,35,35,35,80,80
7,22,2026,16,35,35,35,80,80
7,22,2026,16,36,35,35,80,80
7,22,2026,16,36,35,35,80,80
7,22,2026,16,36,35,35,80,80
7,22,2026,16,36,35,35,80,80
7,22,2026,16,36,35,35,80,80
7,22,2026,16,36,35,35,80,80
7,22,2026,16,37,35,35,80,80
7,22,2026,16,37,35,35,80,80
7,22,2026,16,37,35,35,80,80
7,22,2026,16,37,35,35,80,80
7,22,2026,16,37,35,35,80,80
7,22,2026,16,37,35,35,80,80
7,22,2026,16,38,35,35,80,80
7,22,2026,16,38,35,35,80,80
7,22,2026,16,38,35,35,80,80
7,22,2026,16,38,35,35,80,80
7,22,2026,16,38,35,35,80,80
7,22,2026,16,38,35,35,80,80
7,22,2026,16,39,35,35,80,80
7,22,2026,16,39,35,35,80,80
7,22,2026,16,39,35,35,80,80
7,22,2026,16,39,35,35,80,80
7,22,2026,16,39,35,35,80,80
7,22,2026,16,39,35,35,80,80
7,22,2026,16,40,35,35,80,80
7,22,2026,16,40,35,35,80,80
7,22,2026,16,40,35,35,80,80
7,22,2026,16,40,35,35,80,80
7,22,2026,16,40,35,35,80,80
7,22,2026,16,40,35,35,80,80
7,22,2026,16,41,35,35,80,80
7,22,2026,16,41,35,35,80,80
7,22,2026,16,41,35,35,80,80
7,22,2026,16,41,35,35,80,80
7,22,2026,16,41,35,35,80,80
7,22,2026,16,41,35,35,80,80
7,22,2026,16,42,35,35,80,80
7,22,2026,16,42,35,35,80,80
7,22,2026,16,42,35,35,80,80
7,22,2026,16,42,35,35,80,80
7,22,2026,16,42,35,35,80,80
7,22,2026,16,42,35,35,80,80
7,22,2026,16,43,35,35,80,80
7,22,2026,16,43,35,35,80,80
7,22,2026,16,43,35,35,80,80
7,22,2026,16,43,35,35,80,80
7,22,2026,16,43,35,35,80,80
7,22,2026,16,43,35,35,80,80
7,22,2026,16,44,35,35,80,80
7,22,2026,16,44,35,35,80,80
7,22,2026,16,44,35,35,80,80
7,22,2026,16,44,35,35,80,80
7,22,2026,16,44,35,35,80,80
7,22,2026,16,44,35,35,80,80
7,22,2026,16,45,35,35,80,80
7,22,2026,16,45,35,35,80,80
7,22,2026,16,45,35,35,80,80
7,22,2026,16,45,35,35,80,80
7,22,2026,16,45,35,35,80,80
7,22,2026,16,45,35,35,80,80
7,22,2026,16,46,35,35,80,80
7,22,2026,16,46,35,35,80,80
7,22,2026,16,46,35,35,80,80
7,22,2026,16,46,35,35,80,80
7,22,2026,16,46,35,35,80,80
7,22,2026,16,46,35,35,80,80
7,22,2026,16,47,35,35,80,80
7,22,2026,16,47,35,35,80,80
7,22,2026,16,47,35,35,80,80
7,22,2026,16,47,35,35,80,80
7,22,2026,16,47,35,35,80,80
7,22,2026,16,47,35,35,80,80
7,22,2026,16,48,35,35,80,80
7,22,2026,16,48,35,35,80,80
7,22,2026,16,48,35,35,80,80
7,22,2026,16,48,35,35,80,80
7,22,2026,16,48,35,35,80,80
7,22,2026,16,48,35,35,80,80
7,22,2026,16,49,35,35,80,80
7,22,2026,16,49,35,35,80,80
7,22,2026,16,49,35,35,80,80
7,22,2026,16,49,35,35,80,80
7,22,2026,16,49,35,35,80,80
7,22,2026,16,49,35,35,80,80
7,22,2026,16,50,35,35,80,80
7,22,2026,16,50,35,35,80,80
7,22,2026,16,50,35,35,80,80
7,22,2026,16,50,35,35,80,80
7,22,2026,16,50,35,35,80,80
7,22,2026,16,50,35,35,80,80
7,22,2026,16,51,35,35,80,80
7,22,2026,16,51,35,35,80,80
7,22,2026,16,51,35,35,80,80
7,22,2026,16,51,35,35,80,80
7,22,2026,16,51,35,35,80,80
7,22,2026,16,51,35,35,80,80
7,22,2026,16,52,35,35,80,80
7,22,2026,16,52,35,35,80,80
7,22,2026,16,52,35,35,80,80
7,22,2026,16,52,35,35,80,80
7,22,2026,16,52,35,35,80,80
7,22,2026,16,52,35,35,80,80
7,22,2026,16,53,35,35,80,80
7,22,2026,16,53,35,35,80,80
7,22,2026,16,53,35,35,80,80
7,22,2026,16,53,35,35,80,80
7,22,2026,16,53,35,35,80,80
7,22,2026,16,53,35,35,80,80
7,22,2026,16,54,35,35,80,80
7,22,2026,16,54,35,35,80,80
7,22,2026,16,54,35,35,80,80
7,22,2026,16,54,35,35,80,80
7,22,2026,16,54,35,35,80,80
7,22,2026,16,54,35,35,80,80
7,22,2026,16,55,35,35,80,80
7,22,2026,16,55,35,35,80,80
7,22,2026,16,55,35,35,80,80
7,22,2026,16,55,35,35,80,80
7,22,2026,16,55,35,35,80,80
7,22,2026,16,55,35,35,80,80
7,22,2026,16,56,35,35,80,80
7,22,2026,16,56,35,35,80,80
7,22,2026,16,56,35,35,80,80
7,22,2026,16,56,35,35,80,80
7,22,2026,16,56,35,35,80,80
7,22,2026,16,56,35,35,80,80
7,22,2026,16,57,35,35,80,80
7,22,2026,16,57,35,35,80,80
7,22,2026,16,57,35,35,80,80
7,22,2026,16,57,35,35,80,80
7,22,2026,16,57,35,35,80,80
7,22,2026,16,57,35,35,80,80
7,22,2026,16,58,35,35,80,80
7,22,2026,16,58,35,35,80,80
7,22,2026,16,58,35,35,80,80
7,22,2026,16,58,35,35,80,80
7,22,2026,16,58,35,35,80,80
7,22,2026,16,58,35,35,80,80
7,22,2026,16,59,35,35,80,80
7,22,2026,16,59,35,35,80,80
7,22,2026,16,59,35,35,80,80
7,22,2026,16,59,35,35,80,80
7,22,2026,16,59,35,35,80,80
7,22,2026,16,59,35,35,80,80
7,22,2026,17,00,35,35,80,80
7,22,2026,17,00,35,35,80,80
7,22,2026,17,00,35,35,80,80
7,22,2026,17,00,35,35,80,80
7,22,2026,17,00,35,35,80,80
7,22,2026,17,00,35,35,80,80
7,22,2026,17,01,35,35,80,80
7,22,2026,17,01,35,35,80,80
7,22,2026,17,01,35,35,80,80
7,22,2026,17,01,35,35,80,80
7,22,2026,17,01,35,35,80,80
7,22,2026,17,01,35,35,80,80
7,22,2026,17,02,35,35,80,80
7,22,2026,17,02,35,35,80,80
7,22,2026,17,02,35,35,80,80
7,22,2026,17,02,35,35,80,80
7,22,2026,17,02,35,35,80,80
7,22,2026,17,02,35,35,80,80
7,22,2026,17,03,35,35,80,80
7,22,2026,17,03,35,35,80,80
7,22,2026,17,03,35,35,80,80
7,22,2026,17,03,35,35,80,80
7,22,2026,17,03,35,35,80,80
7,22,2026,17,03,35,35,80,80
7,22,2026,17,04,35,35,80,80
7,22,2026,17,04,35,35,80,80
7,22,2026,17,04,35,35,80,80
7,22,2026,17,04,35,35,80,80
7,22,2026,17,04,35,35,80,80
7,22,2026,17,04,35,35,80,80
7,22,2026,17,05,35,35,80,80
7,22,2026,17,05,35,35,80,80
7,22,2026,17,05,35,35,80,80
7,22,2026,17,05,35,35,80,80
7,22,2026,17,05,35,35,80,80
7,22,2026,17,05,35,35,80,80
7,22,2026,17,06,35,35,80,80
7,22,2026,17,06,35,35,80,80
7,22,2026,17,06,35,35,80,80
7,22,2026,17,06,35,35,80,80
7,22,2026,17,06,35,35,80,80
7,22,2026,17,06,35,35,80,80
7,22,2026,17,07,35,35,80,80
7,22,2026,17,07,35,35,80,80
7,22,2026,17,07,35,35,80,80
7,22,2026,17,07,35,35,80,80
7,22,2026,17,07,35,35,80,80
7,22,2026,17,07,35,35,80,80
7,22,2026,17,08,35,35,80,80
7,22,2026,17,08,35,35,80,80
7,22,2026,17,08,35,35,80,80
7,22,2026,17,08,35,35,80,80
7,22,2026,17,08,35,35,80,80
7,22,2026,17,08,35,35,80,80
7,22,2026,17,09,35,35,80,80
7,22,2026,17,09,35,35,80,80
7,22,2026,17,09,35,35,80,80
7,22,2026,17,09,35,35,80,80
7,22,2026,17,09,35,35,80,80
7,22,2026,17,09,35,35,80,80
7,22,2026,17,10,35,35,80,80
7,22,2026,17,10,35,35,80,80
7,22,2026,17,10,35,35,80,80
7,22,2026,17,10,35,35,80,80
7,22,2026,17,10,35,35,80,80
7,22,2026,17,10,35,35,80,80
7,22,2026,17,11,35,35,80,80
7,22,2026,17,11,35,35,80,80
7,22,2026,17,11,35,35,80,80
7,22,2026,17,11,35,35,80,80
7,22,2026,17,11,35,35,80,80
7,22,2026,17,11,35,35,80,80
7,22,2026,17,12,35,35,80,80
7,22,2026,17,12,35,35,80,80
7,22,2026,17,12,35,35,80,80
7,22,2026,17,12,35,35,80,80
7,22,2026,17,12,35,35,80,80
7,22,2026,17,12,35,35,80,80
7,22,2026,17,13,35,35,80,80
7,22,2026,17,13,35,35,80,80
7,22,2026,17,13,35,35,80,80
7,22,2026,17,13,35,35,80,80
7,22,2026,17,13,35,35,80,80
7,22,2026,17,13,35,35,80,80
7,22,2026,17,14,35,35,80,80
7,22,2026,17,14,35,35,80,80
7,22,2026,17,14,35,35,80,80
7,22,2026,17,14,35,35,80,80
7,22,2026,17,14,35,35,80,80
7,22,2026,17,14,35,35,80,80
7,22,2026,17,15,35,35,80,80
7,22,2026,17,15,35,35,80,80
7,22,2026,17,15,35,35,80,80
7,22,2026,17,15,35,25,80,60
7,22,2026,17,15,34.8,25,81,60
7,22,2026,17,15,34.6,25,81,60
7,22,2026,17,16,34.4,25,82,60
7,22,2026,17,16,34.2,25,83,60
7,22,2026,17,16,34.1,25,83,60
7,22,2026,17,16,33.9,25,83,60
7,22,2026,17,16,33.8,25,83,60
7,22,2026,17,16,33.7,25,83,60
7,22,2026,17,17,33.6,25,83,60
7,22,2026,17,17,33.5,25,83,60
7,22,2026,17,17,33.4,25,83,60
7,22,2026,17,17,33.3,25,82,60
7,22,2026,17,17,33.2,25,82,60
7,22,2026,17,17,33.1,25,82,60
7,22,2026,17,18,33,25,82,60
7,22,2026,17,18,32.8,25,81,60
7,22,2026,17,18,32.7,25,80,60
7,22,2026,17,18,32.5,25,80,60
7,22,2026,17,18,32.4,25,79,60
7,22,2026,17,18,32.2,25,78,60
7,22,2026,17,19,32.1,25,77,60
7,22,2026,17,19,31.9,25,76,60
7,22,2026,17,19,31.7,25,75,60
7,22,2026,17,19,31.5,25,74,60
7,22,2026,17,19,31.3,25,74,60
7,22,2026,17,19,31,25,73,60
7,22,2026,17,20,30.8,25,72,60
7,22,2026,17,20,30.6,25,72,60
7,22,2026,17,20,30.3,25,71,60
7,22,2026,17,20,30.1,25,70,60
7,22,2026,17,20,29.8,25,70,60
7,22,2026,17,20,29.5,25,69,60
7,22,2026,17,21,29.3,25,69,60
7,22,2026,17,21,29,25,69,60
7,22,2026,17,21,28.7,25,68,60
7,22,2026,17,21,28.5,25,68,60
7,22,2026,17,21,28.2,25,67,60
7,22,2026,17,21,27.9,25,67,60
7,22,2026,17,22,27.7,25,67,60
7,22,2026,17,22,27.4,25,67,60
7,22,2026,17,22,27.1,25,67,60
7,22,2026,17,22,26.8,25,67,60
7,22,2026,17,22,26.5,25,66,60
7,22,2026,17,22,26.3,25,66,60
7,22,2026,17,23,26,25,66,60
7,22,2026,17,23,25.7,25,66,60
7,22,2026,17,23,25.4,25,66,60
7,22,2026,17,23,25.1,25,66,60
7,22,2026,17,23,24.9,25,65,60
7,22,2026,17,23,24.8,25,64,60
7,22,2026,17,24,24.8,25,63,60
7,22,2026,17,24,24.8,25,63,60
7,22,2026,17,24,24.8,25,62,60
7,22,2026,17,24,24.8,25,61,60
7,22,2026,17,24,24.8,25,60,60
7,22,2026,17,24,24.8,25,60,60
7,22,2026,17,25,24.9,25,59,60
7,22,2026,17,25,24.9,25,59,60
7,22,2026,17,25,24.9,25,59,60
7,22,2026,17,25,24.9,25,59,60
7,22,2026,17,25,24.9,25,59,60
7,22,2026,17,25,25,25,59,60
7,22,2026,17,26,25,25,58,60
7,22,2026,17,26,25,25,58,60
7,22,2026,17,26,25,25,58,60
7,22,2026,17,26,25,25,58,60
7,22,2026,17,26,25,25,58,60
7,22,2026,17,26,25,25,58,60
7,22,2026,17,27,25,25,58,60
7,22,2026,17,27,25,25,58,60
7,22,2026,17,27,25,25,58,60
7,22,2026,17,27,25,25,58,60
7,22,2026,17,27,25,25,58,60
7,22,2026,17,27,25,25,58,60
7,22,2026,17,28,25,25,58,60
7,22,2026,17,28,25,25,58,60
7,22,2026,17,28,25,25,58,60
7,22,2026,17,28,25,25,58,60
7,22,2026,17,28,25,25,59,60
7,22,2026,17,28,25,25,59,60
7,22,2026,17,29,25,25,59,60
7,22,2026,17,29,25,25,59,60
7,22,2026,17,29,25,25,59,60
7,22,2026,17,29,25,25,59,60
7,22,2026,17,29,25,25,60,60
7,22,2026,17,29,25,25,60,60
7,22,2026,17,30,25,25,60,60
7,22,2026,17,30,25,25,60,60
7,22,2026,17,30,25,25,60,60
7,22,2026,17,30,25,25,60,60
7,22,2026,17,30,25,25,60,60
7,22,2026,17,30,25,25,60,60
7,22,2026,17,31,25,25,60,60
7,22,2026,17,31,25,25,60,60
7,22,2026,17,31,25,25,60,60
7,22,2026,17,31,25,25,60,60
7,22,2026,17,31,25,25,60,60
7,22,2026,17,31,25,25,60,60
7,22,2026,17,32,25,25,60,60
7,22,2026,17,32,25,25,60,60
7,22,2026,17,32,25,25,60,60
7,22,2026,17,32,25,25,60,60
7,22,2026,17,32,25,25,60,60
7,22,2026,17,32,25,25,60,60
7,22,2026,17,33,25,25,60,60
7,22,2026,17,33,25,25,60,60
7,22,2026,17,33,25,25,60,60
7,22,2026,17,33,25,25,60,60
7,22,2026,17,33,25,25,60,60
7,22,2026,17,33,25,25,60,60
7,22,2026,17,34,25,25,60,60
7,22,2026,17,34,25,25,60,60
7,22,2026,17,34,25,25,60,60
7,22,2026,17,34,25,25,60,60
7,22,2026,17,34,25,25,60,60
7,22,2026,17,34,25,25,60,60
7,22,2026,17,35,25,25,60,60
7,22,2026,17,35,25,25,60,60
7,22,2026,17,35,25,25,60,60
7,22,2026,17,35,25,25,60,60
7,22,2026,17,35,25,25,60,60
7,22,2026,17,35,25,25,60,60
7,22,2026,17,36,25,25,60,60
7,22,2026,17,36,25,25,60,60
7,22,2026,17,36,25,25,60,60
7,22,2026,17,36,25,25,60,60
7,22,2026,17,36,25,25,60,60
7,22,2026,17,36,25,25,60,60
7,22,2026,17,37,25,25,60,60
7,22,2026,17,37,25,25,60,60
7,22,2026,17,37,25,25,60,60
7,22,2026,17,37,25,25,60,60
7,22,2026,17,37,25,25,60,60
7,22,2026,17,37,25,25,60,60
7,22,2026,17,38,25,25,60,60
7,22,2026,17,38,25,25,60,60
7,22,2026,17,38,25,25,60,60
7,22,2026,17,38,25,25,60,60
7,22,2026,17,38,25,25,60,60
7,22,2026,17,38,25,25,60,60
7,22,2026,17,39,25,25,60,60
7,22,2026,17,39,25,25,60,60
7,22,2026,17,39,25,25,60,60
7,22,2026,17,39,25,25,60,60
7,22,2026,17,39,25,25,60,60
7,22,2026,17,39,25,25,60,60
7,22,2026,17,40,25,25,60,60
7,22,2026,17,40,25,25,60,60
7,22,2026,17,40,25,25,60,60
7,22,2026,17,40,25,25,60,60
7,22,2026,17,40,25,25,60,60
7,22,2026,17,40,25,25,60,60
7,22,2026,17,41,25,25,60,60
7,22,2026,17,41,25,25,60,60
7,22,2026,17,41,25,25,60,60
7,22,2026,17,41,25,25,60,60
7,22,2026,17,41,25,25,60,60
7,22,2026,17,41,25,25,60,60
7,22,2026,17,42,25,25,60,60
7,22,2026,17,42,25,25,60,60
7,22,2026,17,42,25,25,60,60
7,22,2026,17,42,25,25,60,60
7,22,2026,17,42,25,25,60,60
7,22,2026,17,42,25,25,60,60
7,22,2026,17,43,25,25,60,60
7,22,2026,17,43,25,25,60,60
7,22,2026,17,43,25,25,60,60
7,22,2026,17,43,25,25,60,60
7,22,2026,17,43,25,25,60,60
7,22,2026,17,43,25,25,60,60
7,22,2026,17,44,25,25,60,60
7,22,2026,17,44,25,25,60,60
7,22,2026,17,44,25,25,60,60
7,22,2026,17,44,25,25,60,60
7,22,2026,17,44,25,25,60,60
7,22,2026,17,44,25,25,60,60
7,22,2026,17,45,25,25,60,60
7,22,2026,17,45,25,25,60,60
7,22,2026,17,45,25,25,60,60
7,22,2026,17,45,25,25,60,60
7,22,2026,17,45,25,25,60,60
7,22,2026,17,45,25,25,60,60
7,22,2026,17,46,25,25,60,60
7,22,2026,17,46,25,25,60,60
7,22,2026,17,46,25,25,60,60
7,22,2026,17,46,25,25,60,60
7,22,2026,17,46,25,25,60,60
7,22,2026,17,46,25,25,60,60
7,22,2026,17,47,25,25,60,60
7,22,2026,17,47,25,25,60,60
7,22,2026,17,47,25,25,60,60
7,22,2026,17,47,25,25,60,60
7,22,2026,17,47,25,25,60,60
7,22,2026,17,47,25,25,60,60
7,22,2026,17,48,25,25,60,60
7,22,2026,17,48,25,25,60,60
7,22,2026,17,48,25,25,60,60
7,22,2026,17,48,25,25,60,60
7,22,2026,17,48,25,25,60,60
7,22,2026,17,48,25,25,60,60
7,22,2026,17,49,25,25,60,60
7,22,2026,17,49,25,25,60,60
7,22,2026,17,49,25,25,60,60
7,22,2026,17,49,25,25,60,60
7,22,2026,17,49,25,25,60,60
7,22,2026,17,49,25,25,60,60
7,22,2026,17,50,25,25,60,60
7,22,2026,17,50,25,25,60,60
7,22,2026,17,50,25,25,60,60
7,22,2026,17,50,25,25,60,60
7,22,2026,17,50,25,25,60,60
7,22,2026,17,50,25,25,60,60
7,22,2026,17,51,25,25,60,60
7,22,2026,17,51,25,25,60,60
7,22,2026,17,51,25,25,60,60
7,22,2026,17,51,25,25,60,60
7,22,2026,17,51,25,25,60,60
7,22,2026,17,51,25,25,60,60
7,22,2026,17,52,25,25,60,60
7,22,2026,17,52,25,25,60,60
7,22,2026,17,52,25,25,60,60
7,22,2026,17,52,25,25,60,60
7,22,2026,17,52,25,25,60,60
7,22,2026,17,52,25,25,60,60
7,22,2026,17,53,25,25,60,60
7,22,2026,17,53,25,25,60,60
7,22,2026,17,53,25,25,60,60
7,22,2026,17,53,25,25,60,60
7,22,2026,17,53,25,25,60,60
7,22,2026,17,53,25,25,60,60
7,22,2026,17,54,25,25,60,60
7,22,2026,17,54,25,25,60,60
7,22,2026,17,54,25,25,60,60
7,22,2026,17,54,25,25,60,60
7,22,2026,17,54,25,25,60,60
7,22,2026,17,54,25,25,60,60
7,22,2026,17,55,25,25,60,60
7,22,2026,17,55,25,25,60,60
7,22,2026,17,55,25,25,60,60
7,22,2026,17,55,25,25,60,60
7,22,2026,17,55,25,25,60,60
7,22,2026,17,55,25,25,60,60
7,22,2026,17,56,25,25,60,60
7,22,2026,17,56,25,25,60,60
7,22,2026,17,56,25,25,60,60
7,22,2026,17,56,25,25,60,60
7,22,2026,17,56,25,25,60,60
7,22,2026,17,56,25,25,60,60
7,22,2026,17,57,25,25,60,60
7,22,2026,17,57,25,25,60,60
7,22,2026,17,57,25,25,60,60
7,22,2026,17,57,25,25,60,60
7,22,2026,17,57,25,25,60,60
7,22,2026,17,57,25,25,60,60
7,22,2026,17,58,25,25,60,60
7,22,2026,17,58,25,25,60,60
7,22,2026,17,58,25,25,60,60
7,22,2026,17,58,25,25,60,60
7,22,2026,17,58,25,25,60,60
7,22,2026,17,58,25,25,60,60
7,22,2026,17,59,25,25,60,60
7,22,2026,17,59,25,25,60,60
7,22,2026,17,59,25,25,60,60
7,22,2026,17,59,25,25,60,60
7,22,2026,17,59,25,25,60,60
7,22,2026,17,59,25,25,60,60
7,22,2026,18,00,25,25,60,60
7,22,2026,18,00,25,25,60,60
7,22,2026,18,00,25,25,60,60
7,22,2026,18,00,25,25,60,60
7,22,2026,18,00,25,25,60,60
7,22,2026,18,00,25,25,60,60
7,22,2026,18,01,25,25,60,60
7,22,2026,18,01,25,25,60,60
7,22,2026,18,01,25,25,60,60
7,22,2026,18,01,25,25,60,60
7,22,2026,18,01,25,25,60,60
7,22,2026,18,01,25,25,60,60
7,22,2026,18,02,25,25,60,60
7,22,2026,18,02,25,25,60,60
7,22,2026,18,02,25,25,60,60
7,22,2026,18,02,25,25,60,60
7,22,2026,18,02,25,25,60,60
7,22,2026,18,02,25,25,60,60
7,22,2026,18,03,25,25,60,60
7,22,2026,18,03,25,25,60,60
7,22,2026,18,03,25,25,60,60
7,22,2026,18,03,25,25,60,60
7,22,2026,18,03,25,25,60,60
7,22,2026,18,03,25,25,60,60
7,22,2026,18,04,25,25,60,60
7,22,2026,18,04,25,25,60,60
7,22,2026,18,04,25,25,60,60
7,22,2026,18,04,25,25,60,60
7,22,2026,18,04,25,25,60,60
7,22,2026,18,04,25,25,60,60
7,22,2026,18,05,25,25,60,60
7,22,2026,18,05,25,25,60,60
7,22,2026,18,05,25,25,60,60
7,22,2026,18,05,25,25,60,60
7,22,2026,18,05,25,25,60,60
7,22,2026,18,05,25,25,60,60
7,22,2026,18,06,25,25,60,60
7,22,2026,18,06,25,25,60,60
7,22,2026,18,06,25,25,60,60
7,22,2026,18,06,25,25,60,60
7,22,2026,18,06,25,25,60,60
7,22,2026,18,06,25,25,60,60
7,22,2026,18,07,25,25,60,60
7,22,2026,18,07,25,25,60,60
7,22,2026,18,07,25,25,60,60
7,22,2026,18,07,25,25,60,60
7,22,2026,18,07,25,25,60,60
7,22,2026,18,07,25,25,60,60
7,22,2026,18,08,25,25,60,60
7,22,2026,18,08,25,25,60,60
7,22,2026,18,08,25,25,60,60
7,22,2026,18,08,25,25,60,60
7,22,2026,18,08,25,25,60,60
7,22,2026,18,08,25,25,60,60
7,22,2026,18,09,25,25,60,60
7,22,2026,18,09,25,25,60,60
7,22,2026,18,09,25,25,60,60
7,22,2026,18,09,25,25,60,60
7,22,2026,18,09,25,25,60,60
7,22,2026,18,09,25,25,60,60
7,22,2026,18,10,25,25,60,60
7,22,2026,18,10,25,25,60,60
7,22,2026,18,10,25,25,60,60
7,22,2026,18,10,25,25,60,60
7,22,2026,18,10,25,25,60,60
7,22,2026,18,10,25,25,60,60
7,22,2026,18,11,25,25,60,60
7,22,2026,18,11,25,25,60,60
7,22,2026,18,11,25,25,60,60
7,22,2026,18,11,25,25,60,60
7,22,2026,18,11,25,25,60,60
7,22,2026,18,11,25,25,60,60
7,22,2026,18,12,25,25,60,60
7,22,2026,18,12,25,25,60,60
7,22,2026,18,12,25,25,60,60
7,22,2026,18,12,25,25,60,60
7,22,2026,18,12,25,25,60,60
7,22,2026,18,12,25,25,60,60
7,22,2026,18,13,25,25,60,60
7,22,2026,18,13,25,25,60,60
7,22,2026,18,13,25,25,60,60
7,22,2026,18,13,25,25,60,60
7,22,2026,18,13,25,25,60,60
7,22,2026,18,13,25,25,60,60
7,22,2026,18,14,25,25,60,60
7,22,2026,18,14,25,25,60,60
7,22,2026,18,14,25,25,60,60
7,22,2026,18,14,25,25,60,60
7,22,2026,18,14,25,25,60,60
7,22,2026,18,14,25,25,60,60
7,22,2026,18,15,25,25,60,60
7,22,2026,18,15,25,25,60,60
7,22,2026,18,15,25,25,60,60
7,22,2026,18,15,25,25,60,60
7,22,2026,18,15,25,25,60,60
7,22,2026,18,15,25,25,60,60
7,22,2026,18,16,25,25,60,60
7,22,2026,18,16,25,25,60,60
7,22,2026,18,16,25,25,60,60
7,22,2026,18,16,25,25,60,60
7,22,2026,18,16,25,25,60,60
7,22,2026,18,16,25,25,60,60
7,22,2026,18,17,25,25,60,60
7,22,2026,18,17,25,25,60,60
7,22,2026,18,17,25,25,60,60
7,22,2026,18,17,25,25,60,60
7,22,2026,18,17,25,25,60,60
7,22,2026,18,17,25,25,60,60
7,22,2026,18,18,25,25,60,60
7,22,2026,18,18,25,25,60,60
7,22,2026,18,18,25,25,60,60
7,22,2026,18,18,25,25,60,60
7,22,2026,18,18,25,25,60,60
7,22,2026,18,18,25,25,60,60
7,22,2026,18,19,25,25,60,60
7,22,2026,18,19,25,25,60,60
7,22,2026,18,19,25,25,60,60
7,22,2026,18,19,25,25,60,60
7,22,2026,18,19,25,25,60,60
7,22,2026,18,19,25,25,60,60
7,22,2026,18,20,25,25,60,60
7,22,2026,18,20,25,25,60,60
7,22,2026,18,20,25,25,60,60
7,22,2026,18,20,25,25,60,60
7,22,2026,18,20,25,25,60,60
7,22,2026,18,20,25,25,60,60
7,22,2026,18,21,25,25,60,60
7,22,2026,18,21,25,25,60,60
7,22,2026,18,21,25,25,60,60
7,22,2026,18,21,25,25,60,60
7,22,2026,18,21,25,25,60,60
7,22,2026,18,21,25,25,60,60
7,22,2026,18,22,25,25,60,60
7,22,2026,18,22,25,25,60,60
7,22,2026,18,22,25,25,60,60
7,22,2026,18,22,25,25,60,60
7,22,2026,18,22,25,25,60,60
7,22,2026,18,22,25,25,60,60
7,22,2026,18,23,25,25,60,60
7,22,2026,18,23,25,25,60,60
7,22,2026,18,23,25,25,60,60
7,22,2026,18,23,25,25,60,60
7,22,2026,18,23,25,25,60,60
7,22,2026,18,23,25,25,60,60
7,22,2026,18,24,25,25,60,60
7,22,2026,18,24,25,25,60,60
7,22,2026,18,24,25,25,60,60
7,22,2026,18,24,25,25,60,60
7,22,2026,18,24,25,25,60,60
7,22,2026,18,24,25,25,60,60
7,22,2026,18,25,25,25,60,60
7,22,2026,18,25,25,25,60,60
7,22,2026,18,25,25,25,60,60
7,22,2026,18,25,25,25,60,60
7,22,2026,18,25,25,25,60,60
7,22,2026,18,25,25,25,60,60
7,22,2026,18,26,25,25,60,60
7,22,2026,18,26,25,25,60,60
7,22,2026,18,26,25,25,60,60
7,22,2026,18,26,25,25,60,60
7,22,2026,18,26,25,25,60,60
7,22,2026,18,26,25,25,60,60
7,22,2026,18,27,25,25,60,60
7,22,2026,18,27,25,25,60,60
7,22,2026,18,27,25,25,60,60
7,22,2026,18,27,25,25,60,60
7,22,2026,18,27,25,25,60,60
7,22,2026,18,27,25,25,60,60
7,22,2026,18,28,25,25,60,60
7,22,2026,18,28,25,25,60,60
7,22,2026,18,28,25,25,60,60
7,22,2026,18,28,25,25,60,60
7,22,2026,18,28,25,25,60,60
7,22,2026,18,28,25,25,60,60
7,22,2026,18,29,25,25,60,60
7,22,2026,18,29,25,25,60,60
7,22,2026,18,29,25,25,60,60
7,22,2026,18,29,25,25,60,60
7,22,2026,18,29,25,25,60,60
7,22,2026,18,29,25,25,60,60
7,22,2026,18,30,25,25,60,60
7,22,2026,18,30,25,25,60,60
7,22,2026,18,30,25,25,60,60
7,22,2026,18,30,25,25,60,60
7,22,2026,18,30,25,25,60,60
7,22,2026,18,30,25,25,60,60
7,22,2026,18,31,25,25,60,60
7,22,2026,18,31,25,25,60,60
7,22,2026,18,31,25,25,60,60
7,22,2026,18,31,25,25,60,60
7,22,2026,18,31,25,25,60,60
7,22,2026,18,31,25,25,60,60
7,22,2026,18,32,25,25,61,60
7,22,2026,18,32,25,25,60,60
7,22,2026,18,32,25,25,61,60
7,22,2026,18,32,25,25,61,60
7,22,2026,18,32,25,25,60,60
7,22,2026,18,32,25,25,60,60
7,22,2026,18,33,25,25,60,60
7,22,2026,18,33,25,25,60,60
7,22,2026,18,33,25,25,60,60
7,22,2026,18,33,25,25,60,60
7,22,2026,18,33,25,25,60,60
7,22,2026,18,33,25,25,60,60
7,22,2026,18,34,25,25,60,60
7,22,2026,18,34,25,25,60,60
7,22,2026,18,34,25,25,60,60
7,22,2026,18,34,25,25,60,60
7,22,2026,18,34,25,25,60,60
7,22,2026,18,34,25,25,60,60
7,22,2026,18,35,25,25,60,60
7,22,2026,18,35,25,25,60,60
7,22,2026,18,35,25,25,60,60
7,22,2026,18,35,25,25,60,60
7,22,2026,18,35,25,25,60,60
7,22,2026,18,35,25,25,60,60
7,22,2026,18,36,25,25,60,60
7,22,2026,18,36,25,25,60,60
7,22,2026,18,36,25,25,60,60
7,22,2026,18,36,25,25,60,60
7,22,2026,18,36,25,25,60,60
7,22,2026,18,36,25,25,60,60
7,22,2026,18,37,25,25,60,60
7,22,2026,18,37,25,25,60,60
7,22,2026,18,37,25,25,60,60
7,22,2026,18,37,25,25,60,60
7,22,2026,18,37,25,25,60,60
7,22,2026,18,37,25,25,60,60
7,22,2026,18,38,25,25,60,60
7,22,2026,18,38,25,25,60,60
7,22,2026,18,38,25,25,60,60
7,22,2026,18,38,25,25,60,60
7,22,2026,18,38,25,25,60,60
7,22,2026,18,38,25,25,60,60
7,22,2026,18,39,25,25,60,60
7,22,2026,18,39,25,25,60,60
7,22,2026,18,39,25,25,60,60
7,22,2026,18,39,25,25,60,60
7,22,2026,18,39,25,25,60,60
7,22,2026,18,39,25,25,60,60
7,22,2026,18,40,25,25,60,60
7,22,2026,18,40,25,25,60,60
7,22,2026,18,40,25,25,60,60
7,22,2026,18,40,25,25,60,60
7,22,2026,18,40,25,25,60,60
7,22,2026,18,40,25,25,60,60
7,22,2026,18,41,25,25,60,60
7,22,2026,18,41,25,25,60,60
7,22,2026,18,41,25,25,60,60
7,22,2026,18,41,25,25,60,60
7,22,2026,18,41,25,25,60,60
7,22,2026,18,41,25,25,60,60
7,22,2026,18,42,25,25,60,60
7,22,2026,18,42,25,25,60,60
7,22,2026,18,42,25,25,60,60
7,22,2026,18,42,25,25,60,60
7,22,2026,18,42,25,25,60,60
7,22,2026,18,42,25,25,60,60
7,22,2026,18,43,25,25,60,60
7,22,2026,18,43,25,25,60,60
7,22,2026,18,43,25,25,60,60
7,22,2026,18,43,25,25,60,60
7,22,2026,18,43,25,25,60,60
7,22,2026,18,43,25,25,60,60
7,22,2026,18,44,25,25,60,60
7,22,2026,18,44,25,25,60,60
7,22,2026,18,44,25,25,60,60
7,22,2026,18,44,25,25,60,60
7,22,2026,18,44,25,25,60,60
7,22,2026,18,44,25,25,60,60
7,22,2026,18,45,25,25,60,60
7,22,2026,18,45,25,25,60,60
7,22,2026,18,45,25,25,60,60
7,22,2026,18,45,25,25,60,60
7,22,2026,18,45,25,25,60,60
7,22,2026,18,45,25,25,60,60
7,22,2026,18,46,25,25,60,60
7,22,2026,18,46,25,25,60,60
7,22,2026,18,46,25,25,60,60
7,22,2026,18,46,25,25,60,60
7,22,2026,18,46,25,25,60,60
7,22,2026,18,46,25,25,60,60
7,22,2026,18,47,25,25,60,60
7,22,2026,18,47,25,25,60,60
7,22,2026,18,47,25,25,60,60
7,22,2026,18,47,25,25,60,60
7,22,2026,18,47,25,25,60,60
7,22,2026,18,47,25,25,60,60
7,22,2026,18,48,25,25,60,60
7,22,2026,18,48,25,25,60,60
7,22,2026,18,48,25,25,60,60
7,22,2026,18,48,25,25,60,60
7,22,2026,18,48,25,25,60,60
7,22,2026,18,48,25,25,60,60
7,22,2026,18,49,25,25,60,60
7,22,2026,18,49,25,25,60,60
7,22,2026,18,49,25,25,60,60
7,22,2026,18,49,25,25,60,60
7,22,2026,18,49,25,25,60,60
7,22,2026,18,49,25,25,60,60
7,22,2026,18,50,25,25,60,60
7,22,2026,18,50,25,25,60,60
7,22,2026,18,50,25,25,60,60
7,22,2026,18,50,25,25,60,60
7,22,2026,18,50,25,25,60,60
7,22,2026,18,50,25,25,60,60
7,22,2026,18,51,25,25,60,60
7,22,2026,18,51,25,25,60,60
7,22,2026,18,51,25,25,60,60
7,22,2026,18,51,25,25,60,60
7,22,2026,18,51,25,25,60,60
7,22,2026,18,51,25,25,60,60
7,22,2026,18,52,25,25,60,60
7,22,2026,18,52,25,25,60,60
7,22,2026,18,52,25,25,60,60
7,22,2026,18,52,25,25,60,60
7,22,2026,18,52,25,25,60,60
7,22,2026,18,52,25,25,60,60
7,22,2026,18,53,25,25,60,60
7,22,2026,18,53,25,25,60,60
7,22,2026,18,53,25,25,60,60
7,22,2026,18,53,25,25,60,60
7,22,2026,18,53,25,25,60,60
7,22,2026,18,53,25,25,60,60
7,22,2026,18,54,25,25,60,60
7,22,2026,18,54,25,25,60,60
7,22,2026,18,54,25,25,60,60
7,22,2026,18,54,25,25,60,60
7,22,2026,18,54,25,25,60,60
7,22,2026,18,54,25,25,60,60
7,22,2026,18,55,25,25,60,60
7,22,2026,18,55,25,25,60,60
7,22,2026,18,55,25,25,60,60
7,22,2026,18,55,25,25,60,60
7,22,2026,18,55,25,25,60,60
7,22,2026,18,55,25,25,60,60
7,22,2026,18,56,25,25,60,60
7,22,2026,18,56,25,25,60,60
7,22,2026,18,56,25,25,60,60
7,22,2026,18,56,25,25,60,60
7,22,2026,18,56,25,25,60,60
7,22,2026,18,56,25,25,60,60
7,22,2026,18,57,25,25,60,60
7,22,2026,18,57,25,25,60,60
7,22,2026,18,57,25,25,60,60
7,22,2026,18,57,25,25,60,60
7,22,2026,18,57,25,25,60,60
7,22,2026,18,57,25,25,60,60
7,22,2026,18,58,25,25,60,60
7,22,2026,18,58,25,25,60,60
7,22,2026,18,58,25,25,60,60
7,22,2026,18,58,25,25,60,60
7,22,2026,18,58,25,25,60,60
7,22,2026,18,58,25,25,60,60
7,22,2026,18,59,25,25,60,60
7,22,2026,18,59,25,25,60,60
7,22,2026,18,59,25,25,60,60
7,22,2026,18,59,25,25,60,60
7,22,2026,18,59,25,25,60,60
7,22,2026,18,59,25,25,60,60
7,22,2026,19,00,25,25,60,60
7,22,2026,19,00,25,25,60,60
7,22,2026,19,00,25,25,60,60
7,22,2026,19,00,25,25,60,60
7,22,2026,19,00,25,25,60,60
7,22,2026,19,00,25,25,60,60
7,22,2026,19,01,25,25,60,60
7,22,2026,19,01,25,25,60,60
7,22,2026,19,01,25,25,60,60
7,22,2026,19,01,25,25,60,60
7,22,2026,19,01,25,25,60,60
7,22,2026,19,01,25,25,60,60
7,22,2026,19,02,25,25,60,60
7,22,2026,19,02,25,25,60,60
7,22,2026,19,02,25,25,60,60
7,22,2026,19,02,25,25,60,60
7,22,2026,19,02,25,25,60,60
7,22,2026,19,02,25,25,60,60
7,22,2026,19,03,25,25,60,60
7,22,2026,19,03,25,25,60,60
7,22,2026,19,03,25,25,60,60
7,22,2026,19,03,25,25,60,60
7,22,2026,19,03,25,25,60,60
7,22,2026,19,03,25,25,60,60
7,22,2026,19,04,25,25,60,60
7,22,2026,19,04,25,25,60,60
7,22,2026,19,04,25,25,60,60
7,22,2026,19,04,25,25,60,60
7,22,2026,19,04,25,25,60,60
7,22,2026,19,04,25,25,60,60
7,22,2026,19,05,25,25,60,60
7,22,2026,19,05,25,25,60,60
7,22,2026,19,05,25,25,60,60
7,22,2026,19,05,25,25,60,60
7,22,2026,19,05,25,25,60,60
7,22,2026,19,05,25,25,60,60
7,22,2026,19,06,25,25,60,60
7,22,2026,19,06,25,25,60,60
7,22,2026,19,06,25,25,60,60
7,22,2026,19,06,25,25,60,60
7,22,2026,19,06,25,25,60,60
7,22,2026,19,06,25,25,60,60
7,22,2026,19,07,25,25,60,60
7,22,2026,19,07,25,25,60,60
7,22,2026,19,07,25,25,60,60
7,22,2026,19,07,25,25,60,60
7,22,2026,19,07,25,25,60,60
7,22,2026,19,07,25,25,60,60
7,22,2026,19,08,25,25,60,60
7,22,2026,19,08,25,25,60,60
7,22,2026,19,08,25,25,60,60
7,22,2026,19,08,25,25,60,60
7,22,2026,19,08,25,25,60,60
7,22,2026,19,08,25,25,60,60
7,22,2026,19,09,25,25,60,60
7,22,2026,19,09,25,25,60,60
7,22,2026,19,09,25,25,60,60
7,22,2026,19,09,25,25,60,60
7,22,2026,19,09,25,25,60,60
7,22,2026,19,09,25,25,60,60
7,22,2026,19,10,25,25,60,60
7,22,2026,19,10,25,25,60,60
7,22,2026,19,10,25,25,60,60
7,22,2026,19,10,25,25,60,60
7,22,2026,19,10,25,25,60,60
7,22,2026,19,10,25,25,60,60
7,22,2026,19,11,25,25,60,60
7,22,2026,19,11,25,25,60,60
7,22,2026,19,11,25,25,60,60
7,22,2026,19,11,25,25,60,60
7,22,2026,19,11,25,25,60,60
7,22,2026,19,11,25,25,60,60
7,22,2026,19,12,25,25,60,60
7,22,2026,19,12,25,25,60,60
7,22,2026,19,12,25,25,60,60
7,22,2026,19,12,25,25,60,60
7,22,2026,19,12,25,25,60,60
7,22,2026,19,12,25,25,60,60
7,22,2026,19,13,25,25,60,60
7,22,2026,19,13,25,25,60,60
7,22,2026,19,13,25,25,60,60
7,22,2026,19,13,25,25,60,60
7,22,2026,19,13,25,25,60,60
7,22,2026,19,13,25,25,60,60
7,22,2026,19,14,25,25,60,60
7,22,2026,19,14,25,25,60,60
7,22,2026,19,14,25,25,60,60
7,22,2026,19,14,25,25,60,60
7,22,2026,19,14,25,25,60,60
7,22,2026,19,14,25,25,60,60
7,22,2026,19,15,25,25,60,60
7,22,2026,19,15,25,25,60,60
7,22,2026,19,15,25,25,60,60
7,22,2026,19,15,25,5,60,20
7,22,2026,19,15,24.8,5,61,20
7,22,2026,19,15,24.6,5,62,20
7,22,2026,19,16,24.3,5,63,20
7,22,2026,19,16,24.1,5,63,20
7,22,2026,19,16,23.9,5,64,20
7,22,2026,19,16,23.7,5,64,20
7,22,2026,19,16,23.5,5,64,20
7,22,2026,19,16,23.3,5,64,20
7,22,2026,19,17,23,5,63,20
7,22,2026,19,17,22.7,5,63,20
7,22,2026,19,17,22.4,5,62,20
7,22,2026,19,17,22.1,5,60,20
7,22,2026,19,17,21.7,5,59,20
7,22,2026,19,17,21.3,5,58,20
7,22,2026,19,18,20.9,5,57,20
7,22,2026,19,18,20.4,5,55,20
7,22,2026,19,18,19.9,5,55,20
7,22,2026,19,18,19.4,5,54,20
7,22,2026,19,18,18.7,5,54,20
7,22,2026,19,18,18,5,54,20
7,22,2026,19,19,17.3,5,54,20
7,22,2026,19,19,16.5,5,55,20
7,22,2026,19,19,15.8,5,55,20
7,22,2026,19,19,15.1,5,55,20
7,22,2026,19,19,14.4,5,55,20
7,22,2026,19,19,13.7,5,55,20
7,22,2026,19,20,13.1,5,55,20
7,22,2026,19,20,12.5,5,56,20
7,22,2026,19,20,11.9,5,56,20
7,22,2026,19,20,11.3,5,56,20
7,22,2026,19,20,10.8,5,57,20
7,22,2026,19,20,10.3,5,57,20
7,22,2026,19,21,9.8,5,57,20
7,22,2026,19,21,9.3,5,58,20
7,22,2026,19,21,8.9,5,58,20
7,22,2026,19,21,8.5,5,58,20
7,22,2026,19,21,8.1,5,59,20
7,22,2026,19,21,7.7,5,59,20
7,22,2026,19,22,7.3,5,60,20
7,22,2026,19,22,6.9,5,60,20
7,22,2026,19,22,6.5,5,60,20
7,22,2026,19,22,6.2,5,61,20
7,22,2026,19,22,5.8,5,61,20
7,22,2026,19,22,5.4,5,61,20
7,22,2026,19,23,5.1,5,62,20
7,22,2026,19,23,4.9,5,61,20
7,22,2026,19,23,4.8,5,60,20
7,22,2026,19,23,4.7,5,58,20
7,22,2026,19,23,4.7,5,57,20
7,22,2026,19,23,4.7,5,56,20
7,22,2026,19,24,4.8,5,54,20
7,22,2026,19,24,4.8,5,53,20
7,22,2026,19,24,4.8,5,52,20
7,22,2026,19,24,4.8,5,51,20
7,22,2026,19,24,4.8,5,50,20
7,22,2026,19,24,4.9,5,50,20
7,22,2026,19,25,4.9,5,49,20
7,22,2026,19,25,4.9,5,48,20
7,22,2026,19,25,4.9,5,48,20
7,22,2026,19,25,4.9,5,47,20
7,22,2026,19,25,4.9,5,47,20
7,22,2026,19,25,4.9,5,47,20
7,22,2026,19,26,4.9,5,46,20
7,22,2026,19,26,4.9,5,46,20
7,22,2026,19,26,4.9,5,45,20
7,22,2026,19,26,4.9,5,45,20
7,22,2026,19,26,4.9,5,45,20
7,22,2026,19,26,4.9,5,44,20
7,22,2026,19,27,4.9,5,44,20
7,22,2026,19,27,4.9,5,44,20
7,22,2026,19,27,4.9,5,43,20
7,22,2026,19,27,4.9,5,43,20
7,22,2026,19,27,4.9,5,43,20
7,22,2026,19,27,4.9,5,42,20
7,22,2026,19,28,4.9,5,42,20
7,22,2026,19,28,4.9,5,42,20
7,22,2026,19,28,5,5,42,20
7,22,2026,19,28,5,5,41,20
7,22,2026,19,28,5,5,41,20
7,22,2026,19,28,5,5,41,20
7,22,2026,19,29,5,5,41,20
7,22,2026,19,29,5,5,41,20
7,22,2026,19,29,5,5,41,20
7,22,2026,19,29,5,5,40,20
7,22,2026,19,29,5,5,40,20
7,22,2026,19,29,5,5,40,20
7,22,2026,19,30,5,5,40,20
7,22,2026,19,30,5,5,40,20
7,22,2026,19,30,5,5,39,20
7,22,2026,19,30,5,5,39,20
7,22,2026,19,30,5,5,39,20
7,22,2026,19,30,5,5,39,20
7,22,2026,19,31,5,5,39,20
7,22,2026,19,31,5,5,39,20
7,22,2026,19,31,5,5,39,20
7,22,2026,19,31,5,5,39,20
7,22,2026,19,31,5,5,38,20
7,22,2026,19,31,5,5,38,20
7,22,2026,19,32,5,5,38,20
7,22,2026,19,32,5,5,38,20
7,22,2026,19,32,5,5,38,20
7,22,2026,19,32,5,5,38,20
7,22,2026,19,32,5,5,38,20
7,22,2026,19,32,5,5,38,20
7,22,2026,19,33,5,5,38,20
7,22,2026,19,33,5,5,37,20
7,22,2026,19,33,5,5,37,20
7,22,2026,19,33,5,5,37,20
7,22,2026,19,33,5,5,37,20
7,22,2026,19,33,5,5,37,20
7,22,2026,19,34,5,5,37,20
7,22,2026,19,34,5,5,37,20
7,22,2026,19,34,5,5,37,20
7,22,2026,19,34,5,5,37,20
7,22,2026,19,34,5,5,37,20
7,22,2026,19,34,5,5,37,20
7,22,2026,19,35,5,5,37,20
7,22,2026,19,35,5,5,36,20
7,22,2026,19,35,5,5,36,20
7,22,2026,19,35,5,5,36,20
7,22,2026,19,35,5,5,36,20
7,22,2026,19,35,5,5,36,20
7,22,2026,19,36,5,5,36,20
7,22,2026,19,36,5,5,36,20
7,22,2026,19,36,5,5,36,20
7,22,2026,19,36,5,5,36,20
7,22,2026,19,36,5,5,36,20
7,22,2026,19,36,5,5,36,20
7,22,2026,19,37,5,5,36,20
7,22,2026,19,37,5,5,36,20
7,22,2026,19,37,5,5,36,20
7,22,2026,19,37,5,5,35,20
7,22,2026,19,37,5,5,36,20
7,22,2026,19,37,5,5,36,20
7,22,2026,19,38,5,5,36,20
7,22,2026,19,38,5,5,36,20
7,22,2026,19,38,5,5,35,20
7,22,2026,19,38,5,5,35,20
7,22,2026,19,38,5,5,36,20
7,22,2026,19,38,5,5,36,20
7,22,2026,19,39,5,5,36,20
7,22,2026,19,39,5,5,35,20
7,22,2026,19,39,5,5,36,20
7,22,2026,19,39,5,5,35,20
7,22,2026,19,39,5,5,35,20
7,22,2026,19,39,5,5,35,20
7,22,2026,19,40,5,5,35,20
7,22,2026,19,40,5,5,35,20
7,22,2026,19,40,5,5,36,20
7,22,2026,19,40,5,5,35,20
7,22,2026,19,40,5,5,35,20
7,22,2026,19,40,5,5,35,20
7,22,2026,19,41,5,5,35,20
7,22,2026,19,41,5,5,35,20
7,22,2026,19,41,5,5,36,20
7,22,2026,19,41,5,5,36,20
7,22,2026,19,41,5,5,36,20
7,22,2026,19,41,5,5,36,20
7,22,2026,19,42,5,5,36,20
7,22,2026,19,42,5,5,36,20
7,22,2026,19,42,5,5,36,20
7,22,2026,19,42,5,5,35,20
7,22,2026,19,42,5,5,36,20
7,22,2026,19,42,5,5,36,20
7,22,2026,19,43,5,5,36,20
7,22,2026,19,43,5,5,36,20
7,22,2026,19,43,5,5,35,20
7,22,2026,19,43,5,5,36,20
7,22,2026,19,43,5,5,36,20
7,22,2026,19,43,5,5,35,20
7,22,2026,19,44,5,5,36,20
7,22,2026,19,44,5,5,36,20
7,22,2026,19,44,5,5,35,20
7,22,2026,19,44,5,5,36,20
7,22,2026,19,44,5,5,35,20
7,22,2026,19,44,5,5,35,20
7,22,2026,19,45,5,5,35,20
7,22,2026,19,45,5,5,36,20
7,22,2026,19,45,5,5,35,20
7,22,2026,19,45,5,5,36,20
7,22,2026,19,45,5,5,36,20
7,22,2026,19,45,5,5,36,20
7,22,2026,19,46,5,5,36,20
7,22,2026,19,46,5,5,36,20
7,22,2026,19,46,5,5,36,20
7,22,2026,19,46,5,5,36,20
7,22,2026,19,46,5,5,36,20
7,22,2026,19,46,5,5,36,20
7,22,2026,19,47,5,5,36,20
7,22,2026,19,47,5,5,35,20
7,22,2026,19,47,5,5,35,20
7,22,2026,19,47,5,5,35,20
7,22,2026,19,47,5,5,35,20
7,22,2026,19,47,5,5,36,20
7,22,2026,19,48,5,5,35,20
7,22,2026,19,48,5,5,35,20
7,22,2026,19,48,5,5,35,20
7,22,2026,19,48,5,5,36,20
7,22,2026,19,48,5,5,35,20
7,22,2026,19,48,5,5,35,20
7,22,2026,19,49,5,5,36,20
7,22,2026,19,49,5,5,36,20
7,22,2026,19,49,5,5,35,20
7,22,2026,19,49,5,5,35,20
7,22,2026,19,49,5,5,36,20
7,22,2026,19,49,5,5,36,20
7,22,2026,19,50,5,5,36,20
7,22,2026,19,50,5,5,36,20
7,22,2026,19,50,5,5,36,20
7,22,2026,19,50,5,5,35,20
7,22,2026,19,50,5,5,35,20
7,22,2026,19,50,5,5,36,20
7,22,2026,19,51,5,5,36,20
7,22,2026,19,51,5,5,35,20
7,22,2026,19,51,5,5,35,20
7,22,2026,19,51,5,5,36,20
7,22,2026,19,51,5,5,35,20
7,22,2026,19,51,5,5,35,20
7,22,2026,19,52,5,5,35,20
7,22,2026,19,52,5,5,35,20
7,22,2026,19,52,5,5,35,20
7,22,2026,19,52,5,5,35,20
7,22,2026,19,52,5,5,35,20
7,22,2026,19,52,5,5,35,20
7,22,2026,19,53,5,5,36,20
7,22,2026,19,53,5,5,36,20
7,22,2026,19,53,5,5,36,20
7,22,2026,19,53,5,5,35,20
7,22,2026,19,53,5,5,36,20
7,22,2026,19,53,5,5,35,20
7,22,2026,19,54,5,5,35,20
7,22,2026,19,54,5,5,36,20
7,22,2026,19,54,5,5,36,20
7,22,2026,19,54,5,5,35,20
7,22,2026,19,54,5,5,36,20
7,22,2026,19,54,5,5,36,20
7,22,2026,19,55,5,5,36,20
7,22,2026,19,55,5,5,36,20
7,22,2026,19,55,5,5,35,20
7,22,2026,19,55,5,5,35,20
7,22,2026,19,55,5,5,35,20
7,22,2026,19,55,5,5,35,20
7,22,2026,19,56,5,5,36,20
7,22,2026,19,56,5,5,36,20
7,22,2026,19,56,5,5,35,20
7,22,2026,19,56,5,5,35,20
7,22,2026,19,56,5,5,35,20
7,22,2026,19,56,5,5,35,20
7,22,2026,19,57,5,5,36,20
7,22,2026,19,57,5,5,36,20
7,22,2026,19,57,5,5,36,20
7,22,2026,19,57,5,5,36,20
7,22,2026,19,57,5,5,36,20
7,22,2026,19,57,5,5,36,20
7,22,2026,19,58,5,5,35,20
7,22,2026,19,58,5,5,36,20
7,22,2026,19,58,5,5,36,20
7,22,2026,19,58,5,5,36,20
7,22,2026,19,58,5,5,35,20
7,22,2026,19,58,5,5,35,20
7,22,2026,19,59,5,5,35,20
7,22,2026,19,59,5,5,35,20
7,22,2026,19,59,5,5,35,20
7,22,2026,19,59,5,5,35,20
7,22,2026,19,59,5,5,36,20
7,22,2026,19,59,5,5,35,20
7,22,2026,20,00,5,5,35,20
7,22,2026,20,00,5,5,36,20
7,22,2026,20,00,5,5,36,20
7,22,2026,20,00,5,5,35,20
7,22,2026,20,00,5,5,36,20
7,22,2026,20,00,5,5,35,20
7,22,2026,20,01,5,5,35,20
7,22,2026,20,01,5,5,35,20
7,22,2026,20,01,5,5,35,20
7,22,2026,20,01,5,5,35,20
7,22,2026,20,01,5,5,35,20
7,22,2026,20,01,5,5,35,20
7,22,2026,20,02,5,5,35,20
7,22,2026,20,02,5,5,35,20
7,22,2026,20,02,5,5,35,20
7,22,2026,20,02,5,5,35,20
7,22,2026,20,02,5,5,35,20
7,22,2026,20,02,5,5,35,20
7,22,2026,20,03,5,5,35,20
7,22,2026,20,03,5,5,35,20
7,22,2026,20,03,5,5,35,20
7,22,2026,20,03,5,5,35,20
7,22,2026,20,03,5,5,35,20
7,22,2026,20,03,5,5,36,20
7,22,2026,20,04,5,5,36,20
7,22,2026,20,04,5,5,35,20
7,22,2026,20,04,5,5,35,20
7,22,2026,20,04,5,5,35,20
7,22,2026,20,04,5,5,35,20
7,22,2026,20,04,5,5,35,20
7,22,2026,20,05,5,5,35,20
7,22,2026,20,05,5,5,35,20
7,22,2026,20,05,5,5,35,20
7,22,2026,20,05,5,5,35,20
7,22,2026,20,05,5,5,35,20
7,22,2026,20,05,5,5,35,20
7,22,2026,20,06,5,5,35,20
7,22,2026,20,06,5,5,35,20
7,22,2026,20,06,5,5,35,20
7,22,2026,20,06,5,5,35,20
7,22,2026,20,06,5,5,35,20
7,22,2026,20,06,5,5,35,20
7,22,2026,20,07,5,5,35,20
7,22,2026,20,07,5,5,35,20
7,22,2026,20,07,5,5,35,20
7,22,2026,20,07,5,5,35,20
7,22,2026,20,07,5,5,36,20
7,22,2026,20,07,5,5,35,20
7,22,2026,20,08,5,5,35,20
7,22,2026,20,08,5,5,35,20
7,22,2026,20,08,5,5,35,20
7,22,2026,20,08,5,5,36,20
7,22,2026,20,08,5,5,35,20
7,22,2026,20,08,5,5,35,20
7,22,2026,20,09,5,5,36,20
7,22,2026,20,09,5,5,36,20
7,22,2026,20,09,5,5,36,20
7,22,2026,20,09,5,5,35,20
7,22,2026,20,09,5,5,36,20
7,22,2026,20,09,5,5,36,20
7,22,2026,20,10,5,5,35,20
7,22,2026,20,10,5,5,36,20
7,22,2026,20,10,5,5,35,20
7,22,2026,20,10,5,5,36,20
7,22,2026,20,10,5,5,36,20
7,22,2026,20,10,5,5,36,20
7,22,2026,20,11,5,5,36,20
7,22,2026,20,11,5,5,36,20
7,22,2026,20,11,5,5,36,20
7,22,2026,20,11,5,5,36,20
7,22,2026,20,11,5,5,36,20
7,22,2026,20,11,5,5,36,20
7,22,2026,20,12,5,5,36,20
7,22,2026,20,12,5,5,36,20
7,22,2026,20,12,5,5,36,20
7,22,2026,20,12,5,5,36,20
7,22,2026,20,12,5,5,36,20
7,22,2026,20,12,5,5,36,20
7,22,2026,20,13,5,5,36,20
7,22,2026,20,13,5,5,36,20
7,22,2026,20,13,5,5,36,20
7,22,2026,20,13,5,5,36,20
7,22,2026,20,13,5,5,36,20
7,22,2026,20,13,5,5,36,20
7,22,2026,20,14,5,5,36,20
7,22,2026,20,14,5,5,36,20
7,22,2026,20,14,5,5,36,20
7,22,2026,20,14,5,5,36,20
7,22,2026,20,14,5,5,36,20
7,22,2026,20,14,5,5,36,20
7,22,2026,20,15,5,5,36,20
7,22,2026,20,15,5,5,36,20
7,22,2026,20,15,5,5,36,20
7,22,2026,20,15,5,5,36,20
7,22,2026,20,15,5,5,36,20
7,22,2026,20,15,5,5,36,20
7,22,2026,20,16,5,5,36,20
7,22,2026,20,16,5,5,36,20
7,22,2026,20,16,5,5,36,20
7,22,2026,20,16,5,5,36,20
7,22,2026,20,16,5,5,36,20
7,22,2026,20,16,5,5,36,20
7,22,2026,20,17,5,5,36,20
7,22,2026,20,17,5,5,36,20
7,22,2026,20,17,5,5,36,20
7,22,2026,20,17,5,5,36,20
7,22,2026,20,17,5,5,36,20
7,22,2026,20,17,5,5,36,20
7,22,2026,20,18,5,5,36,20
7,22,2026,20,18,5,5,36,20
7,22,2026,20,18,5,5,36,20
7,22,2026,20,18,5,5,36,20
7,22,2026,20,18,5,5,36,20
7,22,2026,20,18,5,5,36,20
7,22,2026,20,19,5,5,36,20
7,22,2026,20,19,5,5,36,20
7,22,2026,20,19,5,5,36,20
7,22,2026,20,19,5,5,36,20
7,22,2026,20,19,5,5,36,20
7,22,2026,20,19,5,5,36,20
7,22,2026,20,20,5,5,36,20
7,22,2026,20,20,5,5,36,20
7,22,2026,20,20,5,5,36,20
7,22,2026,20,20,5,5,36,20
7,22,2026,20,20,5,5,36,20
7,22,2026,20,20,5,5,36,20
7,22,2026,20,21,5,5,36,20
7,22,2026,20,21,5,5,36,20
7,22,2026,20,21,5,5,37,20
7,22,2026,20,21,5,5,36,20
7,22,2026,20,21,5,5,37,20
7,22,2026,20,21,5,5,37,20
7,22,2026,20,22,5,5,37,20
7,22,2026,20,22,5,5,36,20
7,22,2026,20,22,5,5,36,20
7,22,2026,20,22,5,5,37,20
7,22,2026,20,22,5,5,37,20
7,22,2026,20,22,5,5,37,20
7,22,2026,20,23,5,5,37,20
7,22,2026,20,23,5,5,37,20
7,22,2026,20,23,5,5,37,20
7,22,2026,20,23,5,5,37,20
7,22,2026,20,23,5,5,37,20
7,22,2026,20,23,5,5,37,20
7,22,2026,20,24,5,5,37,20
7,22,2026,20,24,5,5,37,20
7,22,2026,20,24,5,5,37,20
7,22,2026,20,24,5,5,37,20
7,22,2026,20,24,5,5,37,20
7,22,2026,20,24,5,5,37,20
7,22,2026,20,25,5,5,37,20
7,22,2026,20,25,5,5,37,20
7,22,2026,20,25,5,5,37,20
7,22,2026,20,25,5,5,37,20
7,22,2026,20,25,5,5,37,20
7,22,2026,20,25,5,5,37,20
7,22,2026,20,26,5,5,37,20
7,22,2026,20,26,5,5,37,20
7,22,2026,20,26,5,5,37,20
7,22,2026,20,26,5,5,38,20
7,22,2026,20,26,5,5,38,20
7,22,2026,20,26,5,5,38,20
7,22,2026,20,27,5,5,38,20
7,22,2026,20,27,5,5,38,20
7,22,2026,20,27,5,5,38,20
7,22,2026,20,27,5,5,38,20
7,22,2026,20,27,5,5,38,20
7,22,2026,20,27,5,5,38,20
7,22,2026,20,28,5,5,38,20
7,22,2026,20,28,5,5,38,20
7,22,2026,20,28,5,5,38,20
7,22,2026,20,28,5,5,38,20
7,22,2026,20,28,5,5,38,20
7,22,2026,20,28,5,5,38,20
7,22,2026,20,29,5,5,38,20
7,22,2026,20,29,5,5,38,20
7,22,2026,20,29,5,5,38,20
7,22,2026,20,29,5,5,38,20
7,22,2026,20,29,5,5,38,20
7,22,2026,20,29,5,5,38,20
7,22,2026,20,30,5,5,39,20
7,22,2026,20,30,5,5,39,20
7,22,2026,20,30,5,5,39,20
7,22,2026,20,30,5,5,39,20
7,22,2026,20,30,5,5,39,20
7,22,2026,20,30,5,5,39,20
7,22,2026,20,31,5,5,39,20
7,22,2026,20,31,5,5,39,20
7,22,2026,20,31,5,5,39,20
7,22,2026,20,31,5,5,39,20
7,22,2026,20,31,5,5,39,20
7,22,2026,20,31,5,5,38,20
7,22,2026,20,32,5,5,38,20
7,22,2026,20,32,5,5,38,20
7,22,2026,20,32,5,5,38,20
7,22,2026,20,32,5,5,37,20
7,22,2026,20,32,5,5,37,20
7,22,2026,20,32,5,5,37,20
7,22,2026,20,33,5,5,37,20
7,22,2026,20,33,5,5,36,20
7,22,2026,20,33,5,5,36,20
7,22,2026,20,33,5,5,36,20
7,22,2026,20,33,5,5,36,20
7,22,2026,20,33,5,5,36,20
7,22,2026,20,34,5,5,36,20
7,22,2026,20,34,5,5,36,20
7,22,2026,20,34,5,5,36,20
7,22,2026,20,34,5,5,36,20
7,22,2026,20,34,5,5,36,20
7,22,2026,20,34,5,5,36,20
7,22,2026,20,35,5,5,36,20
7,22,2026,20,35,5,5,36,20
7,22,2026,20,35,5,5,36,20
7,22,2026,20,35,5,5,36,20
7,22,2026,20,35,5,5,36,20
7,22,2026,20,35,5,5,36,20
7,22,2026,20,36,5,5,36,20
7,22,2026,20,36,5,5,36,20
7,22,2026,20,36,5,5,36,20
7,22,2026,20,36,5,5,36,20
7,22,2026,20,36,5,5,36,20
7,22,2026,20,36,5,5,36,20
7,22,2026,20,37,5,5,36,20
7,22,2026,20,37,5,5,36,20
7,22,2026,20,37,5,5,36,20
7,22,2026,20,37,5,5,36,20
7,22,2026,20,37,5,5,36,20
7,22,2026,20,37,5,5,36,20
7,22,2026,20,38,5,5,36,20
7,22,2026,20,38,5,5,36,20
7,22,2026,20,38,5,5,36,20
7,22,2026,20,38,5,5,36,20
7,22,2026,20,38,5,5,36,20
7,22,2026,20,38,5,5,36,20
7,22,2026,20,39,5,5,36,20
7,22,2026,20,39,5,5,36,20
7,22,2026,20,39,5,5,36,20
7,22,2026,20,39,5,5,36,20
7,22,2026,20,39,5,5,37,20
7,22,2026,20,39,5,5,36,20
7,22,2026,20,40,5,5,37,20
7,22,2026,20,40,5,5,37,20
7,22,2026,20,40,5,5,37,20
7,22,2026,20,40,5,5,37,20
7,22,2026,20,40,5,5,37,20
7,22,2026,20,40,5,5,37,20
7,22,2026,20,41,5,5,37,20
7,22,2026,20,41,5,5,37,20
7,22,2026,20,41,5,5,37,20
7,22,2026,20,41,5,5,37,20
7,22,2026,20,41,5,5,37,20
7,22,2026,20,41,5,5,37,20
7,22,2026,20,42,5,5,37,20
7,22,2026,20,42,5,5,37,20
7,22,2026,20,42,5,5,37,20
7,22,2026,20,42,5,5,37,20
7,22,2026,20,42,5,5,37,20
7,22,2026,20,42,5,5,37,20
7,22,2026,20,43,5,5,37,20
7,22,2026,20,43,5,5,37,20
7,22,2026,20,43,5,5,37,20
7,22,2026,20,43,5,5,37,20
7,22,2026,20,43,5,5,37,20
7,22,2026,20,43,5,5,37,20
7,22,2026,20,44,5,5,38,20
7,22,2026,20,44,5,5,38,20
7,22,2026,20,44,5,5,38,20
7,22,2026,20,44,5,5,38,20
7,22,2026,20,44,5,5,38,20
7,22,2026,20,44,5,5,38,20
7,22,2026,20,45,5,5,38,20
7,22,2026,20,45,5,5,38,20
7,22,2026,20,45,5,5,38,20
7,22,2026,20,45,5,5,38,20
7,22,2026,20,45,5,5,38,20
7,22,2026,20,45,5,5,38,20
7,22,2026,20,46,5,5,38,20
7,22,2026,20,46,5,5,39,20
7,22,2026,20,46,5,5,39,20
7,22,2026,20,46,5,5,39,20
7,22,2026,20,46,5,5,39,20
7,22,2026,20,46,5,5,39,20
7,22,2026,20,47,5,5,39,20
7,22,2026,20,47,5,5,39,20
7,22,2026,20,47,5,5,40,20
7,22,2026,20,47,5,5,40,20
7,22,2026,20,47,5,5,40,20
7,22,2026,20,47,5,5,40,20
7,22,2026,20,48,5,5,40,20
7,22,2026,20,48,5,5,40,20
7,22,2026,20,48,5,5,40,20
7,22,2026,20,48,5,5,40,20
7,22,2026,20,48,5,5,40,20
7,22,2026,20,48,5,5,40,20
7,22,2026,20,49,5,5,40,20
7,22,2026,20,49,5,5,40,20
7,22,2026,20,49,5,5,40,20
7,22,2026,20,49,5,5,41,20
7,22,2026,20,49,5,5,41,20
7,22,2026,20,49,5,5,41,20
7,22,2026,20,50,5,5,41,20
7,22,2026,20,50,5,5,41,20
7,22,2026,20,50,5,5,41,20
7,22,2026,20,50,5,5,41,20
7,22,2026,20,50,5,5,41,20
7,22,2026,20,50,5,5,41,20
7,22,2026,20,51,5,5,41,20
7,22,2026,20,51,5,5,41,20
7,22,2026,20,51,5,5,41,20
7,22,2026,20,51,5,5,41,20
7,22,2026,20,51,5,5,41,20
7,22,2026,20,51,5,5,41,20
7,22,2026,20,52,5,5,41,20
7,22,2026,20,52,5,5,41,20
7,22,2026,20,52,5,5,41,20
7,22,2026,20,52,5,5,41,20
7,22,2026,20,52,5,5,41,20
7,22,2026,20,52,5,5,41,20
7,22,2026,20,53,5,5,41,20
7,22,2026,20,53,5,5,41,20
7,22,2026,20,53,5,5,41,20
7,22,2026,20,53,5,5,41,20
7,22,2026,20,53,5,5,41,20
7,22,2026,20,53,5,5,41,20
7,22,2026,20,54,5,5,41,20
7,22,2026,20,54,5,5,41,20
7,22,2026,20,54,5,5,42,20
7,22,2026,20,54,5,5,42,20
7,22,2026,20,54,5,5,42,20
7,22,2026,20,54,5,5,42,20
7,22,2026,20,55,5,5,42,20
7,22,2026,20,55,5,5,42,20
7,22,2026,20,55,5,5,42,20
7,22,2026,20,55,5,5,42,20
7,22,2026,20,55,5,5,42,20
7,22,2026,20,55,5,5,42,20
7,22,2026,20,56,5,5,42,20
7,22,2026,20,56,5,5,42,20
7,22,2026,20,56,5,5,42,20
7,22,2026,20,56,5,5,42,20
7,22,2026,20,56,5,5,42,20
7,22,2026,20,56,5,5,42,20
7,22,2026,20,57,5,5,42,20
7,22,2026,20,57,5,5,42,20
7,22,2026,20,57,5,5,42,20
7,22,2026,20,57,5,5,42,20
7,22,2026,20,57,5,5,42,20
7,22,2026,20,57,5,5,42,20
7,22,2026,20,58,5,5,42,20
7,22,2026,20,58,5,5,42,20
7,22,2026,20,58,5,5,43,20
7,22,2026,20,58,5,5,43,20
7,22,2026,20,58,5,5,43,20
7,22,2026,20,58,5,5,43,20
7,22,2026,20,59,5,5,43,20
7,22,2026,20,59,5,5,43,20
7,22,2026,20,59,5,5,43,20
7,22,2026,20,59,5,5,43,20
7,22,2026,20,59,5,5,43,20
7,22,2026,20,59,5,5,43,20
7,22,2026,21,00,5,5,43,20
7,22,2026,21,00,5,5,43,20
7,22,2026,21,00,5,5,43,20
7,22,2026,21,00,5,5,43,20
7,22,2026,21,00,5,5,43,20
7,22,2026,21,00,5,5,43,20
7,22,2026,21,01,5,5,43,20
7,22,2026,21,01,5,5,43,20
7,22,2026,21,01,5,5,44,20
7,22,2026,21,01,5,5,44,20
7,22,2026,21,01,5,5,44,20
7,22,2026,21,01,5,5,44,20
7,22,2026,21,02,5,5,44,20
7,22,2026,21,02,5,5,44,20
7,22,2026,21,02,5,5,44,20
7,22,2026,21,02,5,5,44,20
7,22,2026,21,02,5,5,44,20
7,22,2026,21,02,5,5,44,20
7,22,2026,21,03,5,5,44,20
7,22,2026,21,03,5,5,44,20
7,22,2026,21,03,5,5,44,20
7,22,2026,21,03,5,5,44,20
7,22,2026,21,03,5,5,44,20
7,22,2026,21,03,5,5,44,20
7,22,2026,21,04,5,5,44,20
7,22,2026,21,04,5,5,45,20
7,22,2026,21,04,5,5,45,20
7,22,2026,21,04,5,5,45,20
7,22,2026,21,04,5,5,45,20
7,22,2026,21,04,5,5,45,20
7,22,2026,21,05,5,5,45,20
7,22,2026,21,05,5,5,45,20
7,22,2026,21,05,5,5,45,20
7,22,2026,21,05,5,5,45,20
7,22,2026,21,05,5,5,45,20
7,22,2026,21,05,5,5,46,20
7,22,2026,21,06,5,5,46,20
7,22,2026,21,06,5,5,46,20
7,22,2026,21,06,5,5,46,20
7,22,2026,21,06,5,5,46,20
7,22,2026,21,06,5,5,47,20
7,22,2026,21,06,5,5,47,20
7,22,2026,21,07,5,5,48,20
7,22,2026,21,07,5,5,48,20
7,22,2026,21,07,5,5,49,20
7,22,2026,21,07,5,5,49,20
7,22,2026,21,07,5,5,49,20
7,22,2026,21,07,5,5,50,20
7,22,2026,21,08,5,5,50,20
7,22,2026,21,08,5,5,50,20
7,22,2026,21,08,5,5,51,20
7,22,2026,21,08,5,5,51,20
7,22,2026,21,08,5,5,51,20
7,22,2026,21,08,5,5,52,20
7,22,2026,21,09,5,5,52,20
7,22,2026,21,09,5,5,53,20
7,22,2026,21,09,5,5,53,20
7,22,2026,21,09,5,5,53,20
7,22,2026,21,09,5,5,53,20
7,22,2026,21,09,5,5,54,20
7,22,2026,21,10,5,5,55,20
7,22,2026,21,10,5,5,56,20
7,22,2026,21,10,5,5,57,20
7,22,2026,21,10,5,5,58,20
7,22,2026,21,10,5,5,59,20
7,22,2026,21,10,5,5,60,20
7,22,2026,21,11,5,5,61,20
7,22,2026,21,11,5,5,62,20
7,22,2026,21,11,5,5,63,20
7,22,2026,21,11,5,5,64,20
7,22,2026,21,11,5,5,65,20
7,22,2026,21,11,5,5,66,20
7,22,2026,21,12,5,5,66,20
7,22,2026,21,12,5,5,67,20
7,22,2026,21,12,5,5,68,20
7,22,2026,21,12,5,5,68,20
7,22,2026,21,12,5,5,69,20
7,22,2026,21,12,5,5,69,20
7,22,2026,21,13,5,5,70,20
7,22,2026,21,13,5,5,70,20
7,22,2026,21,13,5,5,70,20
7,22,2026,21,13,5,5,71,20
7,22,2026,21,13,5,5,71,20
7,22,2026,21,13,5,5,71,20
7,22,2026,21,14,5,5,72,20
7,22,2026,21,14,5,5,72,20
7,22,2026,21,14,5,5,72,20
7,22,2026,21,14,5,5,72,20
7,22,2026,21,14,5,5,72,20
7,22,2026,21,14,5,5,72,20
7,22,2026,21,15,5,5,73,20
7,22,2026,21,15,5,5,73,20
7,22,2026,21,15,5,5,73,20
7,22,2026,21,15,5,5,73,90
7,22,2026,21,15,5,5,73,90
7,22,2026,21,15,5,5,74,90
7,22,2026,21,16,5,5,74,90
7,22,2026,21,16,5,5,74,90
7,22,2026,21,16,5,5,74,90
7,22,2026,21,16,5,5,74,90
7,22,2026,21,16,5,5,75,90
7,22,2026,21,16,5,5,75,90
7,22,2026,21,17,5,5,75,90
7,22,2026,21,17,5,5,75,90
7,22,2026,21,17,5,5,75,90
7,22,2026,21,17,5,5,76,90
7,22,2026,21,17,5,5,76,90
7,22,2026,21,17,5,5,76,90
7,22,2026,21,18,5.1,5,76,90
7,22,2026,21,18,5,5,76,90
7,22,2026,21,18,5,5,77,90
7,22,2026,21,18,5,5,77,90
7,22,2026,21,18,5,5,78,90
7,22,2026,21,18,5,5,78,90
7,22,2026,21,19,5,5,78,90
7,22,2026,21,19,5,5,78,90
7,22,2026,21,19,5,5,78,90
7,22,2026,21,19,5.1,5,79,90
7,22,2026,21,19,5.1,5,79,90
7,22,2026,21,19,5.1,5,79,90
7,22,2026,21,20,5.1,5,78,90
7,22,2026,21,20,5.1,5,77,90
7,22,2026,21,20,5.1,5,76,90
7,22,2026,21,20,5.1,5,74,90
7,22,2026,21,20,5.1,5,73,90
7,22,2026,21,20,5.1,5,71,90
7,22,2026,21,21,5.1,5,70,90
7,22,2026,21,21,5.1,5,68,90
7,22,2026,21,21,5.2,5,66,90
7,22,2026,21,21,5.2,5,64,90
7,22,2026,21,21,5.2,5,63,90
7,22,2026,21,21,5.2,5,61,90
7,22,2026,21,22,5.2,5,60,90
7,22,2026,21,22,5.2,5,60,90
7,22,2026,21,22,5.2,5,61,90
7,22,2026,21,22,5.2,5,62,90
7,22,2026,21,22,5.1,5,63,90
7,22,2026,21,22,5.1,5,65,90
7,22,2026,21,23,5.1,5,66,90
7,22,2026,21,23,5.1,5,67,90
7,22,2026,21,23,5.1,5,68,90
7,22,2026,21,23,5.1,5,70,90
7,22,2026,21,23,5.1,5,71,90
7,22,2026,21,23,5.1,5,72,90
7,22,2026,21,24,5.1,5,73,90
7,22,2026,21,24,5.1,5,74,90
7,22,2026,21,24,5.1,5,75,90
7,22,2026,21,24,5.1,5,75,90
7,22,2026,21,24,5.1,5,76,90
7,22,2026,21,24,5.1,5,77,90
7,22,2026,21,25,5.1,5,78,90
7,22,2026,21,25,5.1,5,79,90
7,22,2026,21,25,5.1,5,80,90
7,22,2026,21,25,5.1,5,81,90
7,22,2026,21,25,5.1,5,81,90
7,22,2026,21,25,5.1,5,82,90
7,22,2026,21,26,5,5,82,90
7,22,2026,21,26,5,5,82,90
7,22,2026,21,26,5,5,82,90
7,22,2026,21,26,5,5,82,90
7,22,2026,21,26,5,5,82,90
7,22,2026,21,26,5,5,82,90
7,22,2026,21,27,5.1,5,83,90
7,22,2026,21,27,5.1,5,84,90
7,22,2026,21,27,5.1,5,85,90
7,22,2026,21,27,5.1,5,86,90
7,22,2026,21,27,5.1,5,87,90
7,22,2026,21,27,5.1,5,88,90
7,22,2026,21,28,5.1,5,89,90
7,22,2026,21,28,5,5,89,90
7,22,2026,21,28,5,5,89,90
7,22,2026,21,28,5,5,88,90
7,22,2026,21,28,5,5,88,90
7,22,2026,21,28,5,5,88,90
7,22,2026,21,29,5,5,88,90
7,22,2026,21,29,5,5,88,90
7,22,2026,21,29,5,5,88,90
7,22,2026,21,29,5,5,88,90
7,22,2026,21,29,5,5,88,90
7,22,2026,21,29,5,5,88,90
7,22,2026,21,30,5,5,89,90
7,22,2026,21,30,5.1,5,89,90
7,22,2026,21,30,5.1,5,90,90
7,22,2026,21,30,5.1,5,91,90
7,22,2026,21,30,5,5,91,90
7,22,2026,21,30,5,5,91,90
7,22,2026,21,31,5,5,91,90
7,22,2026,21,31,5,5,92,90
7,22,2026,21,31,5,5,92,90
7,22,2026,21,31,5,5,92,90
7,22,2026,21,31,5,5,92,90
7,22,2026,21,31,5,5,92,90
7,22,2026,21,32,5,5,92,90
7,22,2026,21,32,5,5,92,90
7,22,2026,21,32,5,5,92,90
7,22,2026,21,32,5,5,92,90
7,22,2026,21,32,5,5,92,90
7,22,2026,21,32,5,5,93,90
7,22,2026,21,33,5,5,93,90
7,22,2026,21,33,5,5,93,90
7,22,2026,21,33,5,5,93,90
7,22,2026,21,33,5,5,93,90
7,22,2026,21,33,5,5,93,90
7,22,2026,21,33,5,5,92,90
7,22,2026,21,34,5,5,92,90
7,22,2026,21,34,5,5,92,90
7,22,2026,21,34,5,5,92,90
7,22,2026,21,34,5,5,92,90
7,22,2026,21,34,5,5,92,90
7,22,2026,21,34,5,5,93,90
7,22,2026,21,35,5,5,93,90
7,22,2026,21,35,5,5,93,90
7,22,2026,21,35,5,5,93,90
7,22,2026,21,35,5,5,93,90
7,22,2026,21,35,5,5,93,90
7,22,2026,21,35,5,5,93,90
7,22,2026,21,36,5,5,93,90
7,22,2026,21,36,5,5,93,90
7,22,2026,21,36,5,5,93,90
7,22,2026,21,36,5,5,93,90
7,22,2026,21,36,5,5,93,90
7,22,2026,21,36,5,5,94,90
7,22,2026,21,37,5,5,93,90
7,22,2026,21,37,5,5,93,90
7,22,2026,21,37,5,5,93,90
7,22,2026,21,37,5,5,92,90
7,22,2026,21,37,5,5,92,90
7,22,2026,21,37,5,5,92,90
7,22,2026,21,38,5,5,92,90
7,22,2026,21,38,5,5,92,90
7,22,2026,21,38,5,5,93,90
7,22,2026,21,38,5,5,93,90
7,22,2026,21,38,5,5,93,90
7,22,2026,21,38,5,5,93,90
7,22,2026,21,39,5,5,92,90
7,22,2026,21,39,5,5,92,90
7,22,2026,21,39,4.9,5,91,90
7,22,2026,21,39,4.9,5,90,90
7,22,2026,21,39,5,5,89,90
7,22,2026,21,39,5,5,89,90
7,22,2026,21,40,5,5,89,90
7,22,2026,21,40,5.1,5,90,90
7,22,2026,21,40,5.1,5,91,90
7,22,2026,21,40,5.1,5,92,90
7,22,2026,21,40,5,5,92,90
7,22,2026,21,40,5,5,93,90
7,22,2026,21,41,5,5,92,90
7,22,2026,21,41,5,5,92,90
7,22,2026,21,41,5,5,91,90
7,22,2026,21,41,5,5,90,90
7,22,2026,21,41,5,5,90,90
7,22,2026,21,41,5,5,89,90
7,22,2026,21,42,5,5,89,90
7,22,2026,21,42,5,5,90,90
7,22,2026,21,42,5,5,90,90
7,22,2026,21,42,5,5,91,90
7,22,2026,21,42,5,5,92,90
7,22,2026,21,42,5,5,92,90
7,22,2026,21,43,5,5,91,90
7,22,2026,21,43,5,5,91,90
7,22,2026,21,43,5,5,91,90
7,22,2026,21,43,5,5,90,90
7,22,2026,21,43,5,5,90,90
7,22,2026,21,43,5,5,90,90
7,22,2026,21,44,5,5,90,90
7,22,2026,21,44,5,5,90,90
7,22,2026,21,44,5,5,90,90
7,22,2026,21,44,5,5,91,90
7,22,2026,21,44,5,5,91,90
7,22,2026,21,44,5.1,5,92,90
7,22,2026,21,45,5,5,92,90
7,22,2026,21,45,5,5,93,90
7,22,2026,21,45,5,5,93,90
7,22,2026,21,45,5,5,93,90
7,22,2026,21,45,5,5,92,90
7,22,2026,21,45,5,5,92,90
7,22,2026,21,46,5,5,91,90
7,22,2026,21,46,5,5,91,90
7,22,2026,21,46,5,5,90,90
7,22,2026,21,46,5,5,90,90
7,22,2026,21,46,5,5,89,90
7,22,2026,21,46,5,5,89,90
7,22,2026,21,47,5,5,89,90
7,22,2026,21,47,5,5,90,90
7,22,2026,21,47,5,5,90,90
7,22,2026,21,47,5,5,90,90
7,22,2026,21,47,5,5,91,90
7,22,2026,21,47,5,5,91,90
7,22,2026,21,48,5,5,91,90
7,22,2026,21,48,5,5,91,90
7,22,2026,21,48,5,5,92,90
7,22,2026,21,48,5,5,92,90
7,22,2026,21,48,5,5,92,90
7,22,2026,21,48,5,5,91,90
7,22,2026,21,49,5,5,91,90
7,22,2026,21,49,5,5,91,90
7,22,2026,21,49,5,5,91,90
7,22,2026,21,49,5,5,91,90
7,22,2026,21,49,5,5,92,90
7,22,2026,21,49,5,5,92,90
7,22,2026,21,50,5,5,92,90
7,22,2026,21,50,5,5,92,90
7,22,2026,21,50,5,5,92,90
7,22,2026,21,50,5,5,92,90
7,22,2026,21,50,5,5,92,90
7,22,2026,21,50,5,5,91,90
7,22,2026,21,51,5,5,91,90
7,22,2026,21,51,5,5,90,90
7,22,2026,21,51,5,5,90,90
7,22,2026,21,51,5,5,89,90
7,22,2026,21,51,5,5,89,90
7,22,2026,21,51,5,5,89,90
7,22,2026,21,52,5,5,89,90
7,22,2026,21,52,5,5,90,90
7,22,2026,21,52,5,5,90,90
7,22,2026,21,52,5,5,90,90
7,22,2026,21,52,5,5,90,90
7,22,2026,21,52,5,5,90,90
7,22,2026,21,53,5,5,90,90
7,22,2026,21,53,5,5,89,90
7,22,2026,21,53,5,5,89,90
7,22,2026,21,53,5,5,89,90
7,22,2026,21,53,5,5,89,90
7,22,2026,21,53,5,5,89,90
7,22,2026,21,54,5,5,90,90
7,22,2026,21,54,5,5,90,90
7,22,2026,21,54,5,5,91,90
7,22,2026,21,54,5,5,91,90
7,22,2026,21,54,5,5,91,90
7,22,2026,21,54,5,5,91,90
7,22,2026,21,55,5,5,91,90
7,22,2026,21,55,5,5,91,90
7,22,2026,21,55,5,5,90,90
7,22,2026,21,55,5,5,89,90
7,22,2026,21,55,5,5,89,90
7,22,2026,21,55,5,5,89,90
7,22,2026,21,56,5,5,90,90
7,22,2026,21,56,5,5,90,90
7,22,2026,21,56,5,5,90,90
7,22,2026,21,56,5,5,91,90
7,22,2026,21,56,5.1,5,91,90
7,22,2026,21,56,5,5,92,90
7,22,2026,21,57,5,5,92,90
7,22,2026,21,57,5,5,92,90
7,22,2026,21,57,5,5,92,90
7,22,2026,21,57,5,5,92,90
7,22,2026,21,57,5,5,92,90
7,22,2026,21,57,5,5,92,90
7,22,2026,21,58,5,5,92,90
7,22,2026,21,58,5,5,91,90
7,22,2026,21,58,5,5,91,90
7,22,2026,21,58,5,5,90,90
7,22,2026,21,58,5,5,90,90
7,22,2026,21,58,5,5,90,90
7,22,2026,21,59,5,5,90,90
7,22,2026,21,59,5,5,90,90
7,22,2026,21,59,5,5,90,90
7,22,2026,21,59,5,5,91,90
7,22,2026,21,59,5,5,91,90
7,22,2026,21,59,5,5,91,90
7,22,2026,22,00,5,5,91,90
7,22,2026,22,00,5,5,91,90
7,22,2026,22,00,5,5,91,90
7,22,2026,22,00,5,5,91,90
7,22,2026,22,00,5,5,91,90
7,22,2026,22,00,5,5,91,90
7,22,2026,22,01,5,5,91,90
7,22,2026,22,01,5,5,91,90
7,22,2026,22,01,5,5,91,90
7,22,2026,22,01,5,5,91,90
7,22,2026,22,01,5,5,91,90
7,22,2026,22,01,5,5,90,90
7,22,2026,22,02,5,5,90,90
7,22,2026,22,02,5,5,91,90
7,22,2026,22,02,5,5,91,90
7,22,2026,22,02,5,5,91,90
7,22,2026,22,02,5,5,90,90
7,22,2026,22,02,5,5,90,90
7,22,2026,22,03,5,5,90,90
7,22,2026,22,03,5,5,90,90
7,22,2026,22,03,5,5,90,90
7,22,2026,22,03,5,5,90,90
7,22,2026,22,03,5,5,90,90
7,22,2026,22,03,5,5,90,90
7,22,2026,22,04,5,5,90,90
7,22,2026,22,04,5,5,90,90
7,22,2026,22,04,5,5,90,90
7,22,2026,22,04,5,5,90,90
7,22,2026,22,04,5,5,90,90
7,22,2026,22,04,5,5,89,90
7,22,2026,22,05,5,5,89,90
7,22,2026,22,05,5,5,89,90
7,22,2026,22,05,5,5,89,90
7,22,2026,22,05,5,5,89,90
7,22,2026,22,05,5,5,89,90
7,22,2026,22,05,5,5,89,90
7,22,2026,22,06,5,5,90,90
7,22,2026,22,06,5,5,90,90
7,22,2026,22,06,5,5,90,90
7,22,2026,22,06,5,5,89,90
7,22,2026,22,06,5,5,90,90
7,22,2026,22,06,5,5,90,90
7,22,2026,22,07,5,5,89,90
7,22,2026,22,07,5,5,89,90
7,22,2026,22,07,5,5,89,90
7,22,2026,22,07,5,5,90,90
7,22,2026,22,07,5,5,90,90
7,22,2026,22,07,5,5,90,90
7,22,2026,22,08,5,5,90,90
7,22,2026,22,08,5,5,90,90
7,22,2026,22,08,5,5,89,90
7,22,2026,22,08,5,5,89,90
7,22,2026,22,08,5,5,89,90
7,22,2026,22,08,5,5,89,90
7,22,2026,22,09,5,5,89,90
7,22,2026,22,09,5,5,88,90
7,22,2026,22,09,5,5,88,90
7,22,2026,22,09,5,5,88,90
7,22,2026,22,09,5,5,88,90
7,22,2026,22,09,5,5,89,90
7,22,2026,22,10,5,5,89,90
7,22,2026,22,10,5,5,89,90
7,22,2026,22,10,5,5,90,90
7,22,2026,22,10,5,5,90,90
7,22,2026,22,10,5,5,90,90
7,22,2026,22,10,5,5,90,90
7,22,2026,22,11,5,5,90,90
7,22,2026,22,11,5,5,90,90
7,22,2026,22,11,5,5,90,90
7,22,2026,22,11,5,5,90,90
7,22,2026,22,11,5,5,90,90
7,22,2026,22,11,5,5,90,90
7,22,2026,22,12,5,5,90,90
7,22,2026,22,12,5,5,90,90
7,22,2026,22,12,5,5,90,90
7,22,2026,22,12,5,5,90,90
7,22,2026,22,12,5,5,90,90
7,22,2026,22,12,5,5,90,90
7,22,2026,22,13,5,5,90,90
7,22,2026,22,13,5,5,90,90
7,22,2026,22,13,5,5,90,90
7,22,2026,22,13,5,5,90,90
7,22,2026,22,13,5,5,90,90
7,22,2026,22,13,5,5,90,90
7,22,2026,22,14,5,5,90,90
7,22,2026,22,14,5,5,90,90
7,22,2026,22,14,5,5,90,90
7,22,2026,22,14,5,5,90,90
7,22,2026,22,14,5,5,90,90
7,22,2026,22,14,5,5,90,90
7,22,2026,22,15,5,5,90,90
7,22,2026,22,15,5,5,90,90
7,22,2026,22,15,5,5,90,90
7,22,2026,22,15,5,5,90,90
7,22,2026,22,15,5,5,90,90
7,22,2026,22,15,5,5,90,90
7,22,2026,22,16,5,5,90,90
7,22,2026,22,16,5,5,90,90
7,22,2026,22,16,5,5,90,90
7,22,2026,22,16,5,5,90,90
7,22,2026,22,16,5,5,90,90
7,22,2026,22,16,5,5,90,90
7,22,2026,22,17,5,5,90,90
7,22,2026,22,17,5,5,90,90
7,22,2026,22,17,5,5,90,90
7,22,2026,22,17,5,5,90,90
7,22,2026,22,17,5,5,90,90
7,22,2026,22,17,5,5,90,90
7,22,2026,22,18,5,5,90,90
7,22,2026,22,18,5,5,90,90
7,22,2026,22,18,5,5,90,90
7,22,2026,22,18,5,5,90,90
7,22,2026,22,18,5,5,90,90
7,22,2026,22,18,5,5,90,90
7,22,2026,22,19,5,5,90,90
7,22,2026,22,19,5,5,90,90
7,22,2026,22,19,5,5,90,90
7,22,2026,22,19,5,5,90,90
7,22,2026,22,19,5,5,90,90
7,22,2026,22,19,5,5,90,90
7,22,2026,22,20,5,5,90,90
7,22,2026,22,20,5,5,90,90
7,22,2026,22,20,5,5,90,90
7,22,2026,22,20,5,5,90,90
7,22,2026,22,20,5,5,90,90
7,22,2026,22,20,5,5,90,90
7,22,2026,22,21,5,5,90,90
7,22,2026,22,21,5,5,90,90
7,22,2026,22,21,5,5,90,90
7,22,2026,22,21,5,5,90,90
7,22,2026,22,21,5,5,90,90
7,22,2026,22,21,5,5,90,90
7,22,2026,22,22,5,5,90,90
7,22,2026,22,22,5,5,90,90
7,22,2026,22,22,5,5,90,90
7,22,2026,22,22,5,5,90,90
7,22,2026,22,22,5,5,90,90
7,22,2026,22,22,5,5,90,90
7,22,2026,22,23,5,5,90,90
7,22,2026,22,23,5,5,90,90
7,22,2026,22,23,5,5,90,90
7,22,2026,22,23,5,5,90,90
7,22,2026,22,23,5,5,90,90
7,22,2026,22,23,5,5,90,90
7,22,2026,22,24,5,5,90,90
7,22,2026,22,24,5,5,90,90
7,22,2026,22,24,5,5,90,90
7,22,2026,22,24,5,5,90,90
7,22,2026,22,24,5,5,90,90
7,22,2026,22,24,5,5,90,90
7,22,2026,22,25,5,5,90,90
7,22,2026,22,25,5,5,90,90
7,22,2026,22,25,5,5,90,90
7,22,2026,22,25,5,5,90,90
7,22,2026,22,25,5,5,90,90
7,22,2026,22,25,5,5,90,90
7,22,2026,22,26,5,5,90,90
7,22,2026,22,26,5,5,90,90
7,22,2026,22,26,5,5,90,90
7,22,2026,22,26,5,5,90,90
7,22,2026,22,26,5,5,90,90
7,22,2026,22,26,5,5,90,90
7,22,2026,22,27,5,5,90,90
7,22,2026,22,27,5,5,90,90
7,22,2026,22,27,5,5,90,90
7,22,2026,22,27,5,5,90,90
7,22,2026,22,27,5,5,90,90
7,22,2026,22,27,5,5,90,90
7,22,2026,22,28,5,5,90,90
7,22,2026,22,28,5,5,90,90
7,22,2026,22,28,5,5,90,90
7,22,2026,22,28,5,5,90,90
7,22,2026,22,28,5,5,90,90
7,22,2026,22,28,5,5,90,90
7,22,2026,22,29,5,5,90,90
7,22,2026,22,29,5,5,90,90
7,22,2026,22,29,5,5,90,90
7,22,2026,22,29,5,5,90,90
7,22,2026,22,29,5,5,90,90
7,22,2026,22,29,5,5,90,90
7,22,2026,22,30,5,5,90,90
7,22,2026,22,30,5,5,90,90
7,22,2026,22,30,5,5,90,90
7,22,2026,22,30,5,5,90,90
7,22,2026,22,30,5,5,90,90
7,22,2026,22,30,5,5,90,90
7,22,2026,22,31,5,5,90,90
7,22,2026,22,31,5,5,90,90
7,22,2026,22,31,5,5,90,90
7,22,2026,22,31,5,5,90,90
7,22,2026,22,31,5,5,90,90
7,22,2026,22,31,5,5,90,90
7,22,2026,22,32,5,5,90,90
7,22,2026,22,32,5,5,90,90
7,22,2026,22,32,5,5,90,90
7,22,2026,22,32,5,5,90,90
7,22,2026,22,32,5,5,90,90
7,22,2026,22,32,5,5,90,90
7,22,2026,22,33,5,5,90,90
7,22,2026,22,33,5,5,90,90
7,22,2026,22,33,5,5,90,90
7,22,2026,22,33,5,5,90,90
7,22,2026,22,33,5,5,90,90
7,22,2026,22,33,5,5,90,90
7,22,2026,22,34,5,5,90,90
7,22,2026,22,34,5,5,90,90
7,22,2026,22,34,5,5,90,90
7,22,2026,22,34,5,5,90,90
7,22,2026,22,34,5,5,90,90
7,22,2026,22,34,5,5,90,90
7,22,2026,22,35,5,5,90,90
7,22,2026,22,35,5,5,90,90
7,22,2026,22,35,5,5,90,90
7,22,2026,22,35,5,5,90,90
7,22,2026,22,35,5,5,90,90
7,22,2026,22,35,5,5,90,90
7,22,2026,22,36,5,5,90,90
7,22,2026,22,36,5,5,90,90
7,22,2026,22,36,5,5,90,90
7,22,2026,22,36,5,5,90,90
7,22,2026,22,36,5,5,90,90
7,22,2026,22,36,5,5,90,90
7,22,2026,22,37,5,5,90,90
7,22,2026,22,37,5,5,90,90
7,22,2026,22,37,5,5,90,90
7,22,2026,22,37,5,5,90,90
7,22,2026,22,37,5,5,90,90
7,22,2026,22,37,5,5,90,90
7,22,2026,22,38,5,5,90,90
7,22,2026,22,38,5,5,90,90
7,22,2026,22,38,5,5,90,90
7,22,2026,22,38,5,5,90,90
7,22,2026,22,38,5,5,90,90
7,22,2026,22,38,5,5,90,90
7,22,2026,22,39,5,5,90,90
7,22,2026,22,39,5,5,90,90
7,22,2026,22,39,5,5,90,90
7,22,2026,22,39,5,5,90,90
7,22,2026,22,39,5,5,90,90
7,22,2026,22,39,5,5,90,90
7,22,2026,22,40,5,5,90,90
7,22,2026,22,40,5,5,90,90
7,22,2026,22,40,5,5,90,90
7,22,2026,22,40,5,5,90,90
7,22,2026,22,40,5,5,90,90
7,22,2026,22,40,5,5,90,90
7,22,2026,22,41,5,5,90,90
7,22,2026,22,41,5,5,90,90
7,22,2026,22,41,5,5,90,90
7,22,2026,22,41,5,5,90,90
7,22,2026,22,41,5,5,90,90
7,22,2026,22,41,5,5,90,90
7,22,2026,22,42,5,5,90,90
7,22,2026,22,42,5,5,90,90
7,22,2026,22,42,5,5,90,90
7,22,2026,22,42,5,5,90,90
7,22,2026,22,42,5,5,90,90
7,22,2026,22,42,5,5,90,90
7,22,2026,22,43,5,5,90,90
7,22,2026,22,43,5,5,90,90
7,22,2026,22,43,5,5,90,90
7,22,2026,22,43,5,5,90,90
7,22,2026,22,43,5,5,90,90
7,22,2026,22,43,5,5,90,90
7,22,2026,22,44,5,5,90,90
7,22,2026,22,44,5,5,90,90
7,22,2026,22,44,5,5,90,90
7,22,2026,22,44,5,5,90,90
7,22,2026,22,44,5,5,90,90
7,22,2026,22,44,5,5,90,90
7,22,2026,22,45,5,5,90,90
7,22,2026,22,45,5,5,90,90
7,22,2026,22,45,5,5,90,90
7,22,2026,22,45,5,5,90,90
7,22,2026,22,45,5,5,90,90
7,22,2026,22,45,5,5,90,90
7,22,2026,22,46,5,5,90,90
7,22,2026,22,46,5,5,90,90
7,22,2026,22,46,5,5,90,90
7,22,2026,22,46,5,5,90,90
7,22,2026,22,46,5,5,90,90
7,22,2026,22,46,5,5,90,90
7,22,2026,22,47,5,5,90,90
7,22,2026,22,47,5,5,90,90
7,22,2026,22,47,5,5,90,90
7,22,2026,22,47,5,5,90,90
7,22,2026,22,47,5,5,90,90
7,22,2026,22,47,5,5,90,90
7,22,2026,22,48,5,5,90,90
7,22,2026,22,48,5,5,90,90
7,22,2026,22,48,5,5,89,90
7,22,2026,22,48,5,5,90,90
7,22,2026,22,48,5,5,90,90
7,22,2026,22,48,5,5,90,90
7,22,2026,22,49,5,5,90,90
7,22,2026,22,49,5,5,90,90
7,22,2026,22,49,5,5,90,90
7,22,2026,22,49,5,5,90,90
7,22,2026,22,49,5,5,90,90
7,22,2026,22,49,5,5,90,90
7,22,2026,22,50,5,5,90,90
7,22,2026,22,50,5,5,90,90
7,22,2026,22,50,5,5,90,90
7,22,2026,22,50,5,5,90,90
7,22,2026,22,50,5,5,90,90
7,22,2026,22,50,5,5,90,90
7,22,2026,22,51,5,5,90,90
7,22,2026,22,51,5,5,90,90
7,22,2026,22,51,5,5,90,90
7,22,2026,22,51,5,5,90,90
7,22,2026,22,51,5,5,90,90
7,22,2026,22,51,5,5,90,90
7,22,2026,22,52,5,5,90,90
7,22,2026,22,52,5,5,90,90
7,22,2026,22,52,5,5,90,90
7,22,2026,22,52,5,5,90,90
7,22,2026,22,52,5,5,90,90
7,22,2026,22,52,5,5,90,90
7,22,2026,22,53,5,5,90,90
7,22,2026,22,53,5,5,90,90
7,22,2026,22,53,5,5,90,90
7,22,2026,22,53,5,5,90,90
7,22,2026,22,53,5,5,90,90
7,22,2026,22,53,5,5,90,90
7,22,2026,22,54,5,5,89,90
7,22,2026,22,54,5,5,89,90
7,22,2026,22,54,5,5,89,90
7,22,2026,22,54,5,5,89,90
7,22,2026,22,54,5,5,90,90
7,22,2026,22,54,5,5,90,90
7,22,2026,22,55,5,5,90,90
7,22,2026,22,55,5,5,90,90
7,22,2026,22,55,5,5,90,90
7,22,2026,22,55,5,5,90,90
7,22,2026,22,55,5,5,90,90
7,22,2026,22,55,5,5,90,90
7,22,2026,22,56,5,5,90,90
7,22,2026,22,56,5,5,90,90
7,22,2026,22,56,5,5,90,90
7,22,2026,22,56,5,5,90,90
7,22,2026,22,56,5,5,90,90
7,22,2026,22,56,5,5,90,90
7,22,2026,22,57,5,5,90,90
7,22,2026,22,57,5,5,90,90
7,22,2026,22,57,5,5,90,90
7,22,2026,22,57,5,5,90,90
7,22,2026,22,57,5,5,90,90
7,22,2026,22,57,5,5,90,90
7,22,2026,22,58,5,5,90,90
7,22,2026,22,58,5,5,90,90
7,22,2026,22,58,5,5,90,90
7,22,2026,22,58,5,5,90,90
7,22,2026,22,58,5,5,90,90
7,22,2026,22,58,5,5,90,90
7,22,2026,22,59,5,5,90,90
7,22,2026,22,59,5,5,90,90
7,22,2026,22,59,5,5,90,90
7,22,2026,22,59,5,5,90,90
7,22,2026,22,59,5,5,90,90
7,22,2026,22,59,5,5,90,90
7,22,2026,23,00,5,5,90,90
7,22,2026,23,00,5,5,90,90
7,22,2026,23,00,5,5,90,90
7,22,2026,23,00,5,5,90,90
7,22,2026,23,00,5,5,90,90
7,22,2026,23,00,5,5,90,90
7,22,2026,23,01,5,5,90,90
7,22,2026,23,01,5,5,90,90
7,22,2026,23,01,5,5,90,90
7,22,2026,23,01,5,5,90,90
7,22,2026,23,01,5,5,90,90
7,22,2026,23,01,5,5,90,90
7,22,2026,23,02,5,5,90,90
7,22,2026,23,02,5,5,90,90
7,22,2026,23,02,5,5,90,90
7,22,2026,23,02,5,5,90,90
7,22,2026,23,02,5,5,90,90
7,22,2026,23,02,5,5,90,90
7,22,2026,23,03,5,5,90,90
7,22,2026,23,03,5,5,90,90
7,22,2026,23,03,5,5,90,90
7,22,2026,23,03,5,5,90,90
7,22,2026,23,03,5,5,90,90
7,22,2026,23,03,5,5,90,90
7,22,2026,23,04,5,5,90,90
7,22,2026,23,04,5,5,90,90
7,22,2026,23,04,5,5,90,90
7,22,2026,23,04,5,5,90,90
7,22,2026,23,04,5,5,90,90
7,22,2026,23,04,5,5,90,90
7,22,2026,23,05,5,5,90,90
7,22,2026,23,05,5,5,90,90
7,22,2026,23,05,5,5,90,90
7,22,2026,23,05,5,5,90,90
7,22,2026,23,05,5,5,90,90
7,22,2026,23,05,5,5,90,90
7,22,2026,23,06,5,5,90,90
7,22,2026,23,06,5,5,90,90
7,22,2026,23,06,5,5,90,90
7,22,2026,23,06,5,5,90,90
7,22,2026,23,06,5,5,90,90
7,22,2026,23,06,5,5,90,90
7,22,2026,23,07,5,5,90,90
7,22,2026,23,07,5,5,90,90
7,22,2026,23,07,5,5,90,90
7,22,2026,23,07,5,5,90,90
7,22,2026,23,07,5,5,90,90
7,22,2026,23,07,5,5,90,90
7,22,2026,23,08,5,5,90,90
7,22,2026,23,08,5,5,90,90
7,22,2026,23,08,5,5,90,90
7,22,2026,23,08,5,5,90,90
7,22,2026,23,08,5,5,90,90
7,22,2026,23,08,5,5,90,90
7,22,2026,23,09,5,5,90,90
7,22,2026,23,09,5,5,90,90
7,22,2026,23,09,5,5,90,90
7,22,2026,23,09,5,5,90,90
7,22,2026,23,09,5,5,90,90
7,22,2026,23,09,5,5,90,90
7,22,2026,23,10,5,5,90,90
7,22,2026,23,10,5,5,90,90
7,22,2026,23,10,5,5,90,90
7,22,2026,23,10,5,5,90,90
7,22,2026,23,10,5,5,90,90
7,22,2026,23,10,5,5,90,90
7,22,2026,23,11,5,5,90,90
7,22,2026,23,11,5,5,90,90
7,22,2026,23,11,5,5,90,90
7,22,2026,23,11,5,5,90,90
7,22,2026,23,11,5,5,90,90
7,22,2026,23,11,5,5,90,90
7,22,2026,23,12,5,5,90,90
7,22,2026,23,12,5,5,90,90
7,22,2026,23,12,5,5,90,90
7,22,2026,23,12,5,5,90,90
7,22,2026,23,12,5,5,90,90
7,22,2026,23,12,5,5,90,90
7,22,2026,23,13,5,5,90,90
7,22,2026,23,13,5,5,90,90
7,22,2026,23,13,5,5,90,90
7,22,2026,23,13,5,5,90,90
7,22,2026,23,13,5,5,90,90
7,22,2026,23,13,5,5,90,90
7,22,2026,23,14,5,5,90,90
7,22,2026,23,14,5,5,90,90
7,22,2026,23,14,5,5,90,90
7,22,2026,23,14,5,5,90,90
7,22,2026,23,14,5,5,90,90
7,22,2026,23,14,5,5,90,90
7,22,2026,23,15,5,5,90,90
7,22,2026,23,15,5,5,90,90
7,22,2026,23,15,5,5,90,90
7,22,2026,23,15,5.3,45,87,20
7,22,2026,23,15,8,45,64,20
7,22,2026,23,15,11.9,45,45,20
7,22,2026,23,16,15.7,45,35,20
7,22,2026,23,16,19,45,31,20
7,22,2026,23,16,21.6,45,30,20
7,22,2026,23,16,23.9,45,29,20
7,22,2026,23,16,25.6,45,29,20
7,22,2026,23,16,26.9,45,29,20
7,22,2026,23,17,28.1,45,29,20
7,22,2026,23,17,29.1,45,29,20
7,22,2026,23,17,30.1,45,29,20
7,22,2026,23,17,31,45,28,20
7,22,2026,23,17,31.8,45,28,20
7,22,2026,23,17,32.7,45,27,20
7,22,2026,23,18,33.5,45,27,20
7,22,2026,23,18,34.4,45,27,20
7,22,2026,23,18,35.1,45,26,20
7,22,2026,23,18,35.8,45,26,20
7,22,2026,23,18,36.5,45,26,20
7,22,2026,23,18,37.2,45,26,20
7,22,2026,23,19,37.9,45,26,20
7,22,2026,23,19,38.6,45,26,20
7,22,2026,23,19,39.3,45,26,20
7,22,2026,23,19,40,45,26,20
7,22,2026,23,19,40.6,45,26,20
7,22,2026,23,19,41.2,45,26,20
7,22,2026,23,20,41.8,45,26,20
7,22,2026,23,20,42.4,45,26,20
7,22,2026,23,20,43,45,27,20
7,22,2026,23,20,43.5,45,27,20
7,22,2026,23,20,44,45,27,20
7,22,2026,23,20,44.4,45,27,20
7,22,2026,23,21,44.7,45,27,20
7,22,2026,23,21,45,45,28,20
7,22,2026,23,21,45.1,45,28,20
7,22,2026,23,21,45.3,45,29,20
7,22,2026,23,21,45.3,45,29,20
7,22,2026,23,21,45.4,45,30,20
7,22,2026,23,22,45.3,45,30,20
7,22,2026,23,22,45.3,45,31,20
7,22,2026,23,22,45.3,45,32,20
7,22,2026,23,22,45.3,45,32,20
7,22,2026,23,22,45.3,45,33,20
7,22,2026,23,22,45.3,45,33,20
7,22,2026,23,23,45.3,45,34,20
7,22,2026,23,23,45.3,45,34,20
7,22,2026,23,23,45.3,45,35,20
7,22,2026,23,23,45.3,45,35,20
7,22,2026,23,23,45.2,45,36,20
7,22,2026,23,23,45.2,45,36,20
7,22,2026,23,24,45.2,45,37,20
7,22,2026,23,24,45.2,45,37,20
7,22,2026,23,24,45.1,45,37,20
7,22,2026,23,24,45.2,45,37,20
7,22,2026,23,24,45.2,45,38,20
7,22,2026,23,24,45.1,45,38,20
7,22,2026,23,25,45.1,45,38,20
7,22,2026,23,25,45.1,45,38,20
7,22,2026,23,25,45.1,45,38,20
7,22,2026,23,25,45.1,45,39,20
7,22,2026,23,25,45.1,45,39,20
7,22,2026,23,25,45.1,45,39,20
7,22,2026,23,26,45.1,45,39,20
7,22,2026,23,26,45.1,45,39,20
7,22,2026,23,26,45.1,45,39,20
7,22,2026,23,26,45.1,45,39,20
7,22,2026,23,26,45.1,45,39,20
7,22,2026,23,26,45.1,45,39,20
7,22,2026,23,27,45.1,45,39,20
7,22,2026,23,27,45.1,45,39,20
7,22,2026,23,27,45.1,45,39,20
7,22,2026,23,27,45.1,45,39,20
7,22,2026,23,27,45.1,45,39,20
7,22,2026,23,27,45,45,39,20
7,22,2026,23,28,45,45,39,20
7,22,2026,23,28,45,45,39,20
7,22,2026,23,28,45,45,38,20
7,22,2026,23,28,45,45,38,20
7,22,2026,23,28,45,45,38,20
7,22,2026,23,28,45,45,38,20
7,22,2026,23,29,45,45,38,20
7,22,2026,23,29,45,45,37,20
7,22,2026,23,29,45,45,37,20
7,22,2026,23,29,45,45,37,20
7,22,2026,23,29,45,45,37,20
7,22,2026,23,29,45,45,36,20
7,22,2026,23,30,45,45,36,20
7,22,2026,23,30,45,45,36,20
7,22,2026,23,30,45,45,36,20
7,22,2026,23,30,45,45,36,20
7,22,2026,23,30,45,45,35,20
7,22,2026,23,30,45,45,35,20
7,22,2026,23,31,45,45,35,20
7,22,2026,23,31,45,45,35,20
7,22,2026,23,31,45,45,34,20
7,22,2026,23,31,45,45,34,20
7,22,2026,23,31,45,45,34,20
7,22,2026,23,31,45,45,34,20
7,22,2026,23,32,45,45,33,20
7,22,2026,23,32,45,45,33,20
7,22,2026,23,32,45,45,33,20
7,22,2026,23,32,45,45,33,20
7,22,2026,23,32,45,45,32,20
7,22,2026,23,32,45,45,32,20
7,22,2026,23,33,45,45,32,20
7,22,2026,23,33,45,45,31,20
7,22,2026,23,33,45,45,31,20
7,22,2026,23,33,45,45,31,20
7,22,2026,23,33,45,45,31,20
7,22,2026,23,33,45,45,30,20
7,22,2026,23,34,45,45,30,20
7,22,2026,23,34,45,45,30,20
7,22,2026,23,34,45,45,29,20
7,22,2026,23,34,45,45,29,20
7,22,2026,23,34,45,45,29,20
7,22,2026,23,34,45,45,29,20
7,22,2026,23,35,45,45,28,20
7,22,2026,23,35,45,45,28,20
7,22,2026,23,35,45,45,28,20
7,22,2026,23,35,45,45,27,20
7,22,2026,23,35,44.9,45,27,20
7,22,2026,23,35,44.9,45,27,20
7,22,2026,23,36,44.9,45,26,20
7,22,2026,23,36,44.9,45,26,20
7,22,2026,23,36,44.9,45,25,20
7,22,2026,23,36,45,45,25,20
7,22,2026,23,36,45,45,25,20
7,22,2026,23,36,45,45,25,20
7,22,2026,23,37,45,45,25,20
7,22,2026,23,37,45,45,24,20
7,22,2026,23,37,45,45,24,20
7,22,2026,23,37,45,45,24,20
7,22,2026,23,37,45,45,24,20
7,22,2026,23,37,45,45,24,20
7,22,2026,23,38,45,45,24,20
7,22,2026,23,38,44.9,45,23,20
7,22,2026,23,38,44.9,45,23,20
7,22,2026,23,38,45,45,23,20
7,22,2026,23,38,45,45,23,20
7,22,2026,23,38,45,45,23,20
7,22,2026,23,39,45,45,23,20
7,22,2026,23,39,45,45,23,20
7,22,2026,23,39,45,45,22,20
7,22,2026,23,39,45,45,22,20
7,22,2026,23,39,45,45,22,20
7,22,2026,23,39,45,45,22,20
7,22,2026,23,40,45,45,22,20
7,22,2026,23,40,44.9,45,22,20
7,22,2026,23,40,44.9,45,21,20
7,22,2026,23,40,44.9,45,21,20
7,22,2026,23,40,44.9,45,21,20
7,22,2026,23,40,45,45,21,20
7,22,2026,23,41,45,45,21,20
7,22,2026,23,41,45,45,21,20
7,22,2026,23,41,45.1,45,21,20
7,22,2026,23,41,45.1,45,21,20
7,22,2026,23,41,45.1,45,21,20
7,22,2026,23,41,45.1,45,21,20
7,22,2026,23,42,45.1,45,21,20
7,22,2026,23,42,45.1,45,21,20
7,22,2026,23,42,45,45,21,20
7,22,2026,23,42,45,45,21,20
7,22,2026,23,42,45,45,21,20
7,22,2026,23,42,45,45,20,20
7,22,2026,23,43,44.9,45,20,20
7,22,2026,23,43,44.9,45,20,20
7,22,2026,23,43,44.9,45,20,20
7,22,2026,23,43,44.9,45,20,20
7,22,2026,23,43,44.9,45,20,20
7,22,2026,23,43,44.9,45,20,20
7,22,2026,23,44,45,45,19,20
7,22,2026,23,44,45,45,19,20
7,22,2026,23,44,45.1,45,19,20
7,22,2026,23,44,45.1,45,19,20
7,22,2026,23,44,45.1,45,19,20
7,22,2026,23,44,45.1,45,19,20
7,22,2026,23,45,45,45,19,20
7,22,2026,23,45,45,45,19,20
7,22,2026,23,45,45,45,19,20
7,22,2026,23,45,45,45,19,20
7,22,2026,23,45,45,45,19,20
7,22,2026,23,45,44.9,45,19,20
7,22,2026,23,46,44.9,45,18,20
7,22,2026,23,46,45,45,18,20
7,22,2026,23,46,45,45,18,20
7,22,2026,23,46,45,45,18,20
7,22,2026,23,46,45,45,18,20
7,22,2026,23,46,45,45,18,20
7,22,2026,23,47,45.1,45,18,20
7,22,2026,23,47,45.1,45,18,20
7,22,2026,23,47,45,45,18,20
7,22,2026,23,47,45,45,18,20
7,22,2026,23,47,45,45,18,20
7,22,2026,23,47,45,45,18,20
7,22,2026,23,48,45,45,18,20
7,22,2026,23,48,45.1,45,18,20
7,22,2026,23,48,45.1,45,18,20
7,22,2026,23,48,45,45,18,20
7,22,2026,23,48,45,45,19,20
7,22,2026,23,48,45,45,19,20
7,22,2026,23,49,45.1,45,19,20
7,22,2026,23,49,45.1,45,19,20
7,22,2026,23,49,45.1,45,19,20
7,22,2026,23,49,45.1,45,19,20
7,22,2026,23,49,45,45,19,20
7,22,2026,23,49,45,45,19,20
7,22,2026,23,50,45,45,19,20
7,22,2026,23,50,45,45,19,20
7,22,2026,23,50,45,45,19,20
7,22,2026,23,50,45,45,19,20
7,22,2026,23,50,45,45,19,20
7,22,2026,23,50,45,45,19,20
7,22,2026,23,51,45,45,19,20
7,22,2026,23,51,45,45,19,20
7,22,2026,23,51,45,45,19,20
7,22,2026,23,51,45,45,19,20
7,22,2026,23,51,45,45,19,20
7,22,2026,23,51,45,45,19,20
7,22,2026,23,52,45,45,19,20
7,22,2026,23,52,45,45,19,20
7,22,2026,23,52,45,45,19,20
7,22,2026,23,52,45,45,19,20
7,22,2026,23,52,45,45,19,20
7,22,2026,23,52,45,45,19,20
7,22,2026,23,53,45,45,19,20
7,22,2026,23,53,45,45,19,20
7,22,2026,23,53,45,45,19,20
7,22,2026,23,53,45,45,20,20
7,22,2026,23,53,45,45,20,20
7,22,2026,23,53,45,45,20,20
7,22,2026,23,54,45,45,20,20
7,22,2026,23,54,45,45,20,20
7,22,2026,23,54,45,45,20,20
7,22,2026,23,54,45,45,20,20
7,22,2026,23,54,45,45,20,20
7,22,2026,23,54,45,45,20,20
7,22,2026,23,55,45,45,20,20
7,22,2026,23,55,45,45,20,20
7,22,2026,23,55,45,45,20,20
7,22,2026,23,55,45,45,20,20
7,22,2026,23,55,45,45,20,20
7,22,2026,23,55,45,45,20,20
7,22,2026,23,56,45,45,20,20
7,22,2026,23,56,45,45,20,20
7,22,2026,23,56,45,45,20,20
7,22,2026,23,56,45,45,20,20
7,22,2026,23,56,45,45,20,20
7,22,2026,23,56,45,45,20,20
7,22,2026,23,57,45,45,20,20
7,22,2026,23,57,45,45,20,20
7,22,2026,23,57,45,45,20,20
7,22,2026,23,57,45,45,20,20
7,22,2026,23,57,45,45,20,20
7,22,2026,23,57,45,45,20,20
7,22,2026,23,58,45,45,20,20
7,22,2026,23,58,45,45,20,20
7,22,2026,23,58,45,45,20,20
7,22,2026,23,58,45,45,20,20
7,22,2026,23,58,45,45,20,20
7,22,2026,23,58,45,45,20,20
7,22,2026,23,59,45,45,20,20
7,22,2026,23,59,45,45,20,20
7,22,2026,23,59,45,45,20,20
7,22,2026,23,59,45,45,20,20
7,22,2026,23,59,45,45,20,20
7,22,2026,23,59,45,45,20,20
7,23,2026,0,00,45,45,20,20
7,23,2026,0,00,45,45,20,20
7,23,2026,0,00,45,45,20,20
7,23,2026,0,00,45,45,20,20
7,23,2026,0,00,45,45,20,20
7,23,2026,0,00,45,45,20,20
7,23,2026,0,01,45,45,20,20
7,23,2026,0,01,45,45,20,20
7,23,2026,0,01,45,45,20,20
7,23,2026,0,01,45,45,20,20
7,23,2026,0,01,45,45,20,20
7,23,2026,0,01,45,45,20,20
7,23,2026,0,02,45,45,20,20
7,23,2026,0,02,45,45,20,20
7,23,2026,0,02,45,45,20,20
7,23,2026,0,02,45,45,20,20
7,23,2026,0,02,45,45,20,20
7,23,2026,0,02,45,45,20,20
7,23,2026,0,03,45,45,20,20
7,23,2026,0,03,45,45,20,20
7,23,2026,0,03,45,45,20,20
7,23,2026,0,03,45,45,20,20
7,23,2026,0,03,45,45,20,20
7,23,2026,0,03,45,45,20,20
7,23,2026,0,04,45,45,20,20
7,23,2026,0,04,45,45,20,20
7,23,2026,0,04,45,45,20,20
7,23,2026,0,04,45,45,20,20
7,23,2026,0,04,45,45,20,20
7,23,2026,0,04,45,45,20,20
7,23,2026,0,05,45,45,20,20
7,23,2026,0,05,45,45,20,20
7,23,2026,0,05,45,45,20,20
7,23,2026,0,05,45,45,20,20
7,23,2026,0,05,45,45,20,20
7,23,2026,0,05,45,45,20,20
7,23,2026,0,06,45,45,20,20
7,23,2026,0,06,45,45,20,20
7,23,2026,0,06,45,45,20,20
7,23,2026,0,06,45,45,20,20
7,23,2026,0,06,45,45,20,20
7,23,2026,0,06,45,45,20,20
7,23,2026,0,07,45,45,20,20
7,23,2026,0,07,45,45,20,20
7,23,2026,0,07,45,45,20,20
7,23,2026,0,07,45,45,20,20
7,23,2026,0,07,45,45,20,20
7,23,2026,0,07,45,45,20,20
7,23,2026,0,08,45,45,20,20
7,23,2026,0,08,45,45,20,20
7,23,2026,0,08,45,45,20,20
7,23,2026,0,08,45,45,20,20
7,23,2026,0,08,45,45,20,20
7,23,2026,0,08,45,45,20,20
7,23,2026,0,09,45,45,20,20
7,23,2026,0,09,45,45,20,20
7,23,2026,0,09,45,45,20,20
7,23,2026,0,09,45,45,20,20
7,23,2026,0,09,45,45,20,20
7,23,2026,0,09,45,45,20,20
7,23,2026,0,10,45,45,20,20
7,23,2026,0,10,45,45,20,20
7,23,2026,0,10,45,45,20,20
7,23,2026,0,10,45,45,20,20
7,23,2026,0,10,45,45,20,20
7,23,2026,0,10,45,45,20,20
7,23,2026,0,11,45,45,20,20
7,23,2026,0,11,45,45,20,20
7,23,2026,0,11,45,45,20,20
7,23,2026,0,11,45,45,20,20
7,23,2026,0,11,45,45,20,20
7,23,2026,0,11,45,45,20,20
7,23,2026,0,12,45,45,20,20
7,23,2026,0,12,45,45,20,20
7,23,2026,0,12,45,45,20,20
7,23,2026,0,12,45,45,20,20
7,23,2026,0,12,45,45,20,20
7,23,2026,0,12,45,45,20,20
7,23,2026,0,13,45,45,20,20
7,23,2026,0,13,45,45,20,20
7,23,2026,0,13,45,45,20,20
7,23,2026,0,13,45,45,20,20
7,23,2026,0,13,45,45,20,20
7,23,2026,0,13,45,45,20,20
7,23,2026,0,14,45,45,20,20
7,23,2026,0,14,45,45,20,20
7,23,2026,0,14,45,45,20,20
7,23,2026,0,14,45,45,20,20
7,23,2026,0,14,45,45,20,20
7,23,2026,0,14,45,45,20,20
7,23,2026,0,15,45,45,20,20
7,23,2026,0,15,45,45,20,20
7,23,2026,0,15,45,45,20,20
7,23,2026,0,15,45,45,20,20
7,23,2026,0,15,45,45,20,20
7,23,2026,0,15,45,45,20,20
7,23,2026,0,16,45,45,20,20
7,23,2026,0,16,45,45,20,20
7,23,2026,0,16,45,45,20,20
7,23,2026,0,16,45,45,20,20
7,23,2026,0,16,45,45,20,20
7,23,2026,0,16,45,45,20,20
7,23,2026,0,17,45,45,20,20
7,23,2026,0,17,45,45,20,20
7,23,2026,0,17,45,45,20,20
7,23,2026,0,17,45,45,20,20
7,23,2026,0,17,45,45,20,20
7,23,2026,0,17,45,45,20,20
7,23,2026,0,18,45,45,20,20
7,23,2026,0,18,45,45,20,20
7,23,2026,0,18,45,45,20,20
7,23,2026,0,18,45,45,20,20
7,23,2026,0,18,45,45,20,20
7,23,2026,0,18,45,45,20,20
7,23,2026,0,19,45,45,20,20
7,23,2026,0,19,45,45,20,20
7,23,2026,0,19,45,45,20,20
7,23,2026,0,19,45,45,20,20
7,23,2026,0,19,45,45,20,20
7,23,2026,0,19,45,45,20,20
7,23,2026,0,20,45,45,20,20
7,23,2026,0,20,45,45,20,20
7,23,2026,0,20,45,45,20,20
7,23,2026,0,20,45,45,20,20
7,23,2026,0,20,45,45,20,20
7,23,2026,0,20,45,45,20,20
7,23,2026,0,21,45,45,20,20
7,23,2026,0,21,45,45,20,20
7,23,2026,0,21,45,45,20,20
7,23,2026,0,21,45,45,20,20
7,23,2026,0,21,45,45,20,20
7,23,2026,0,21,45,45,20,20
7,23,2026,0,22,45,45,20,20
7,23,2026,0,22,45,45,20,20
7,23,2026,0,22,45,45,20,20
7,23,2026,0,22,45,45,20,20
7,23,2026,0,22,45,45,20,20
7,23,2026,0,22,45,45,20,20
7,23,2026,0,23,45,45,20,20
7,23,2026,0,23,45,45,20,20
7,23,2026,0,23,45,45,20,20
7,23,2026,0,23,45,45,20,20
7,23,2026,0,23,45,45,20,20
7,23,2026,0,23,45,45,20,20
7,23,2026,0,24,45,45,20,20
7,23,2026,0,24,45,45,20,20
7,23,2026,0,24,45,45,20,20
7,23,2026,0,24,45,45,20,20
7,23,2026,0,24,45,45,20,20
7,23,2026,0,24,45,45,20,20
7,23,2026,0,25,45,45,20,20
7,23,2026,0,25,45,45,20,20
7,23,2026,0,25,45,45,20,20
7,23,2026,0,25,45,45,20,20
7,23,2026,0,25,45,45,20,20
7,23,2026,0,25,45,45,20,20
7,23,2026,0,26,45,45,20,20
7,23,2026,0,26,45,45,20,20
7,23,2026,0,26,45,45,20,20
7,23,2026,0,26,45,45,20,20
7,23,2026,0,26,45,45,20,20
7,23,2026,0,26,45,45,20,20
7,23,2026,0,27,45,45,20,20
7,23,2026,0,27,45,45,20,20
7,23,2026,0,27,45,45,20,20
7,23,2026,0,27,45,45,20,20
7,23,2026,0,27,45,45,20,20
7,23,2026,0,27,45,45,20,20
7,23,2026,0,28,45,45,20,20
7,23,2026,0,28,45,45,20,20
7,23,2026,0,28,45,45,20,20
7,23,2026,0,28,45,45,20,20
7,23,2026,0,28,45,45,20,20
7,23,2026,0,28,45,45,20,20
7,23,2026,0,29,45,45,20,20
7,23,2026,0,29,45,45,20,20
7,23,2026,0,29,45,45,20,20
7,23,2026,0,29,45,45,20,20
7,23,2026,0,29,45,45,20,20
7,23,2026,0,29,45,45,20,20
7,23,2026,0,30,45,45,20,20
7,23,2026,0,30,45,45,20,20
7,23,2026,0,30,45,45,20,20
7,23,2026,0,30,45,45,20,20
7,23,2026,0,30,45,45,20,20
7,23,2026,0,30,45,45,20,20
7,23,2026,0,31,45,45,20,20
7,23,2026,0,31,45,45,20,20
7,23,2026,0,31,45,45,20,20
7,23,2026,0,31,45,45,20,20
7,23,2026,0,31,45,45,20,20
7,23,2026,0,31,45,45,20,20
7,23,2026,0,32,45,45,20,20
7,23,2026,0,32,45,45,20,20
7,23,2026,0,32,45,45,20,20
7,23,2026,0,32,45,45,20,20
7,23,2026,0,32,45,45,20,20
7,23,2026,0,32,45,45,20,20
7,23,2026,0,33,45,45,20,20
7,23,2026,0,33,45,45,20,20
7,23,2026,0,33,45,45,20,20
7,23,2026,0,33,45,45,20,20
7,23,2026,0,33,45,45,20,20
7,23,2026,0,33,45,45,20,20
7,23,2026,0,34,45,45,20,20
7,23,2026,0,34,45,45,20,20
7,23,2026,0,34,45,45,20,20
7,23,2026,0,34,45,45,20,20
7,23,2026,0,34,45,45,20,20
7,23,2026,0,34,45,45,20,20
7,23,2026,0,35,45,45,20,20
7,23,2026,0,35,45,45,20,20
7,23,2026,0,35,45,45,20,20
7,23,2026,0,35,45,45,20,20
7,23,2026,0,35,45,45,20,20
7,23,2026,0,35,45,45,20,20
7,23,2026,0,36,45,45,20,20
7,23,2026,0,36,45,45,20,20
7,23,2026,0,36,45,45,20,20
7,23,2026,0,36,45,45,20,20
7,23,2026,0,36,45,45,20,20
7,23,2026,0,36,45,45,20,20
7,23,2026,0,37,45,45,20,20
7,23,2026,0,37,45,45,20,20
7,23,2026,0,37,45,45,20,20
7,23,2026,0,37,45,45,20,20
7,23,2026,0,37,45,45,20,20
7,23,2026,0,37,45,45,20,20
7,23,2026,0,38,45,45,20,20
7,23,2026,0,38,45,45,20,20
7,23,2026,0,38,45,45,20,20
7,23,2026,0,38,45,45,20,20
7,23,2026,0,38,45,45,20,20
7,23,2026,0,38,45,45,20,20
7,23,2026,0,39,45,45,20,20
7,23,2026,0,39,45,45,20,20
7,23,2026,0,39,45,45,20,20
7,23,2026,0,39,45,45,20,20
7,23,2026,0,39,45,45,20,20
7,23,2026,0,39,45,45,20,20
7,23,2026,0,40,45,45,20,20
7,23,2026,0,40,45,45,20,20
7,23,2026,0,40,45,45,20,20
7,23,2026,0,40,45,45,20,20
7,23,2026,0,40,45,45,20,20
7,23,2026,0,40,45,45,20,20
7,23,2026,0,41,45,45,20,20
7,23,2026,0,41,45,45,20,20
7,23,2026,0,41,45,45,20,20
7,23,2026,0,41,45,45,20,20
7,23,2026,0,41,45,45,20,20
7,23,2026,0,41,45,45,20,20
7,23,2026,0,42,45,45,20,20
7,23,2026,0,42,45,45,20,20
7,23,2026,0,42,45,45,20,20
7,23,2026,0,42,45,45,20,20
7,23,2026,0,42,45,45,20,20
7,23,2026,0,42,45,45,20,20
7,23,2026,0,43,45,45,20,20
7,23,2026,0,43,45,45,20,20
7,23,2026,0,43,45,45,20,20
7,23,2026,0,43,45,45,20,20
7,23,2026,0,43,45,45,20,20
7,23,2026,0,43,45,45,20,20
7,23,2026,0,44,45,45,20,20
7,23,2026,0,44,45,45,20,20
7,23,2026,0,44,45,45,20,20
7,23,2026,0,44,45,45,20,20
7,23,2026,0,44,45,45,20,20
7,23,2026,0,44,45,45,20,20
7,23,2026,0,45,45,45,20,20
7,23,2026,0,45,45,45,20,20
7,23,2026,0,45,45,45,20,20
7,23,2026,0,45,45,45,20,20
7,23,2026,0,45,45,45,20,20
7,23,2026,0,45,45,45,20,20
7,23,2026,0,46,45,45,20,20
7,23,2026,0,46,45,45,20,20
7,23,2026,0,46,45,45,20,20
7,23,2026,0,46,45,45,20,20
7,23,2026,0,46,45,45,20,20
7,23,2026,0,46,45,45,20,20
7,23,2026,0,47,45,45,20,20
7,23,2026,0,47,45,45,20,20
7,23,2026,0,47,45,45,20,20
7,23,2026,0,47,45,45,20,20
7,23,2026,0,47,45,45,20,20
7,23,2026,0,47,45,45,20,20
7,23,2026,0,48,45,45,20,20
7,23,2026,0,48,45,45,20,20
7,23,2026,0,48,45,45,20,20
7,23,2026,0,48,45,45,20,20
7,23,2026,0,48,45,45,20,20
7,23,2026,0,48,45,45,20,20
7,23,2026,0,49,45,45,20,20
7,23,2026,0,49,45,45,20,20
7,23,2026,0,49,45,45,20,20
7,23,2026,0,49,45,45,20,20
7,23,2026,0,49,45,45,20,20
7,23,2026,0,49,45,45,20,20
7,23,2026,0,50,45,45,20,20
7,23,2026,0,50,45,45,20,20
7,23,2026,0,50,45,45,20,20
7,23,2026,0,50,45,45,20,20
7,23,2026,0,50,45,45,20,20
7,23,2026,0,50,45,45,20,20
7,23,2026,0,51,45,45,20,20
7,23,2026,0,51,45,45,20,20
7,23,2026,0,51,45,45,20,20
7,23,2026,0,51,45,45,20,20
7,23,2026,0,51,45,45,20,20
7,23,2026,0,51,45,45,20,20
7,23,2026,0,52,45,45,20,20
7,23,2026,0,52,45,45,20,20
7,23,2026,0,52,45,45,20,20
7,23,2026,0,52,45,45,20,20
7,23,2026,0,52,45,45,20,20
7,23,2026,0,52,45,45,20,20
7,23,2026,0,53,45,45,20,20
7,23,2026,0,53,45,45,20,20
7,23,2026,0,53,45,45,20,20
7,23,2026,0,53,45,45,20,20
7,23,2026,0,53,45,45,20,20
7,23,2026,0,53,45,45,20,20
7,23,2026,0,54,45,45,20,20
7,23,2026,0,54,45,45,20,20
7,23,2026,0,54,45,45,20,20
7,23,2026,0,54,45,45,20,20
7,23,2026,0,54,45,45,20,20
7,23,2026,0,54,45,45,20,20
7,23,2026,0,55,45,45,20,20
7,23,2026,0,55,45,45,20,20
7,23,2026,0,55,45,45,20,20
7,23,2026,0,55,45,45,20,20
7,23,2026,0,55,45,45,20,20
7,23,2026,0,55,45,45,20,20
7,23,2026,0,56,45,45,20,20
7,23,2026,0,56,45,45,20,20
7,23,2026,0,56,45,45,20,20
7,23,2026,0,56,45,45,20,20
7,23,2026,0,56,45,45,20,20
7,23,2026,0,56,45,45,20,20
7,23,2026,0,57,45,45,20,20
7,23,2026,0,57,45,45,20,20
7,23,2026,0,57,45,45,20,20
7,23,2026,0,57,45,45,20,20
7,23,2026,0,57,45,45,20,20
7,23,2026,0,57,45,45,20,20
7,23,2026,0,58,45,45,20,20
7,23,2026,0,58,45,45,20,20
7,23,2026,0,58,45,45,20,20
7,23,2026,0,58,45,45,20,20
7,23,2026,0,58,45,45,20,20
7,23,2026,0,58,45,45,20,20
7,23,2026,0,59,45,45,20,20
7,23,2026,0,59,45,45,20,20
7,23,2026,0,59,45,45,20,20
7,23,2026,0,59,45,45,20,20
7,23,2026,0,59,45,45,20,20
7,23,2026,0,59,45,45,20,20
7,23,2026,1,00,45,45,20,20
7,23,2026,1,00,45,45,20,20
7,23,2026,1,00,45,45,20,20
7,23,2026,1,00,45,45,20,20
7,23,2026,1,00,45,45,20,20
7,23,2026,1,00,45,45,20,20
7,23,2026,1,01,45,45,20,20
7,23,2026,1,01,45,45,20,20
7,23,2026,1,01,45,45,20,20
7,23,2026,1,01,45,45,20,20
7,23,2026,1,01,45,45,20,20
7,23,2026,1,01,45,45,20,20
7,23,2026,1,02,45,45,20,20
7,23,2026,1,02,45,45,20,20
7,23,2026,1,02,45,45,20,20
7,23,2026,1,02,45,45,20,20
7,23,2026,1,02,45,45,20,20
7,23,2026,1,02,45,45,20,20
7,23,2026,1,03,45,45,20,20
7,23,2026,1,03,45,45,20,20
7,23,2026,1,03,45,45,20,20
7,23,2026,1,03,45,45,20,20
7,23,2026,1,03,45,45,20,20
7,23,2026,1,03,45,45,20,20
7,23,2026,1,04,45,45,20,20
7,23,2026,1,04,45,45,20,20
7,23,2026,1,04,45,45,20,20
7,23,2026,1,04,45,45,20,20
7,23,2026,1,04,45,45,20,20
7,23,2026,1,04,45,45,20,20
7,23,2026,1,05,45,45,20,20
7,23,2026,1,05,45,45,20,20
7,23,2026,1,05,45,45,20,20
7,23,2026,1,05,45,45,20,20
7,23,2026,1,05,45,45,20,20
7,23,2026,1,05,45,45,20,20
7,23,2026,1,06,45,45,20,20
7,23,2026,1,06,45,45,20,20
7,23,2026,1,06,45,45,20,20
7,23,2026,1,06,45,45,20,20
7,23,2026,1,06,45,45,20,20
7,23,2026,1,06,45,45,20,20
7,23,2026,1,07,45,45,20,20
7,23,2026,1,07,45,45,20,20
7,23,2026,1,07,45,45,20,20
7,23,2026,1,07,45,45,20,20
7,23,2026,1,07,45,45,20,20
7,23,2026,1,07,45,45,20,20
7,23,2026,1,08,45,45,20,20
7,23,2026,1,08,45,45,20,20
7,23,2026,1,08,45,45,20,20
7,23,2026,1,08,45,45,20,20
7,23,2026,1,08,45,45,20,20
7,23,2026,1,08,45,45,20,20
7,23,2026,1,09,45,45,20,20
7,23,2026,1,09,45,45,20,20
7,23,2026,1,09,45,45,20,20
7,23,2026,1,09,45,45,20,20
7,23,2026,1,09,45,45,20,20
7,23,2026,1,09,45,45,20,20
7,23,2026,1,10,45,45,20,20
7,23,2026,1,10,45,45,20,20
7,23,2026,1,10,45,45,20,20
7,23,2026,1,10,45,45,20,20
7,23,2026,1,10,45,45,20,20
7,23,2026,1,10,45,45,20,20
7,23,2026,1,11,45,45,20,20
7,23,2026,1,11,45,45,20,20
7,23,2026,1,11,45,45,20,20
7,23,2026,1,11,45,45,20,20
7,23,2026,1,11,45,45,20,20
7,23,2026,1,11,45,45,20,20
7,23,2026,1,12,45,45,20,20
7,23,2026,1,12,45,45,20,20
7,23,2026,1,12,45,45,20,20
7,23,2026,1,12,45,45,20,20
7,23,2026,1,12,45,45,20,20
7,23,2026,1,12,45,45,20,20
7,23,2026,1,13,45,45,20,20
7,23,2026,1,13,45,45,20,20
7,23,2026,1,13,45,45,20,20
7,23,2026,1,13,45,45,20,20
7,23,2026,1,13,45,45,20,20
7,23,2026,1,13,45,45,20,20
7,23,2026,1,14,45,45,20,20
7,23,2026,1,14,45,45,20,20
7,23,2026,1,14,45,45,20,20
7,23,2026,1,14,45,45,20,20
7,23,2026,1,14,45,45,20,20
7,23,2026,1,14,45,45,20,20
7,23,2026,1,15,45,45,20,20
7,23,2026,1,15,45,45,20,20
7,23,2026,1,15,45,45,20,20
7,23,2026,1,15,45,45,20,90
7,23,2026,1,15,45,45,20,90
7,23,2026,1,15,45,45,20,90
7,23,2026,1,16,45,45,20,90
7,23,2026,1,16,45,45,21,90
7,23,2026,1,16,45,45,21,90
7,23,2026,1,16,45,45,22,90
7,23,2026,1,16,45.1,45,23,90
7,23,2026,1,16,45.1,45,24,90
7,23,2026,1,17,45.1,45,26,90
7,23,2026,1,17,45.1,45,28,90
7,23,2026,1,17,45.1,45,30,90
7,23,2026,1,17,45.1,45,32,90
7,23,2026,1,17,45.1,45,34,90
7,23,2026,1,17,45.1,45,36,90
7,23,2026,1,18,45.1,45,38,90
7,23,2026,1,18,45.1,45,40,90
7,23,2026,1,18,45.1,45,42,90
7,23,2026,1,18,45.1,45,44,90
7,23,2026,1,18,45.1,45,46,90
7,23,2026,1,18,45.1,45,48,90
7,23,2026,1,19,45.1,45,50,90
7,23,2026,1,19,45.1,45,52,90
7,23,2026,1,19,45.1,45,54,90
7,23,2026,1,19,45.1,45,55,90
7,23,2026,1,19,45.1,45,57,90
7,23,2026,1,19,45.1,45,58,90
7,23,2026,1,20,45.1,45,60,90
7,23,2026,1,20,45.1,45,61,90
7,23,2026,1,20,45.1,45,63,90
7,23,2026,1,20,45.1,45,64,90
7,23,2026,1,20,45.1,45,66,90
7,23,2026,1,20,45.1,45,67,90
7,23,2026,1,21,45.1,45,68,90
7,23,2026,1,21,45.1,45,69,90
7,23,2026,1,21,45.1,45,70,90
7,23,2026,1,21,45.1,45,71,90
7,23,2026,1,21,45.1,45,72,90
7,23,2026,1,21,45.1,45,73,90
7,23,2026,1,22,45.1,45,74,90
7,23,2026,1,22,45.1,45,75,90
7,23,2026,1,22,45.1,45,76,90
7,23,2026,1,22,45.1,45,76,90
7,23,2026,1,22,45.1,45,77,90
7,23,2026,1,22,45.1,45,77,90
7,23,2026,1,23,45.1,45,78,90
7,23,2026,1,23,45.1,45,79,90
7,23,2026,1,23,45.1,45,79,90
7,23,2026,1,23,45.1,45,80,90
7,23,2026,1,23,45.1,45,81,90
7,23,2026,1,23,45.1,45,81,90
7,23,2026,1,24,45.1,45,81,90
7,23,2026,1,24,45.1,45,82,90
7,23,2026,1,24,45,45,82,90
7,23,2026,1,24,45,45,82,90
7,23,2026,1,24,45,45,83,90
7,23,2026,1,24,45,45,83,90
7,23,2026,1,25,45,45,84,90
7,23,2026,1,25,45.1,45,84,90
7,23,2026,1,25,45,45,84,90
7,23,2026,1,25,45.1,45,85,90
7,23,2026,1,25,45,45,85,90
7,23,2026,1,25,45,45,85,90
7,23,2026,1,26,45,45,86,90
7,23,2026,1,26,45,45,86,90
7,23,2026,1,26,45,45,86,90
7,23,2026,1,26,45,45,87,90
7,23,2026,1,26,45,45,87,90
7,23,2026,1,26,45,45,87,90
7,23,2026,1,27,45,45,87,90
7,23,2026,1,27,45,45,88,90
7,23,2026,1,27,45,45,88,90
7,23,2026,1,27,45,45,88,90
7,23,2026,1,27,45,45,89,90
7,23,2026,1,27,45,45,89,90
7,23,2026,1,28,45,45,89,90
7,23,2026,1,28,45,45,89,90
7,23,2026,1,28,45,45,89,90
7,23,2026,1,28,45,45,89,90
7,23,2026,1,28,45,45,89,90
7,23,2026,1,28,45,45,90,90
7,23,2026,1,29,45,45,90,90
7,23,2026,1,29,45,45,90,90
7,23,2026,1,29,45,45,90,90
7,23,2026,1,29,45,45,90,90
7,23,2026,1,29,45,45,90,90
7,23,2026,1,29,45,45,90,90
7,23,2026,1,30,45,45,90,90
7,23,2026,1,30,45,45,90,90
7,23,2026,1,30,45,45,91,90
7,23,2026,1,30,45,45,91,90
7,23,2026,1,30,45,45,91,90
7,23,2026,1,30,45,45,91,90
7,23,2026,1,31,45,45,91,90
7,23,2026,1,31,45,45,91,90
7,23,2026,1,31,45,45,91,90
7,23,2026,1,31,45,45,91,90
7,23,2026,1,31,45,45,91,90
7,23,2026,1,31,45,45,91,90
7,23,2026,1,32,45,45,91,90
7,23,2026,1,32,45,45,91,90
7,23,2026,1,32,45,45,91,90
7,23,2026,1,32,45,45,91,90
7,23,2026,1,32,45,45,91,90
7,23,2026,1,32,45,45,91,90
7,23,2026,1,33,45,45,91,90
7,23,2026,1,33,45,45,91,90
7,23,2026,1,33,45,45,91,90
7,23,2026,1,33,45,45,91,90
7,23,2026,1,33,45,45,91,90
7,23,2026,1,33,45,45,91,90
7,23,2026,1,34,45,45,91,90
7,23,2026,1,34,45,45,91,90
7,23,2026,1,34,45,45,91,90
7,23,2026,1,34,45,45,91,90
7,23,2026,1,34,45,45,91,90
7,23,2026,1,34,45,45,91,90
7,23,2026,1,35,45,45,91,90
7,23,2026,1,35,45,45,91,90
7,23,2026,1,35,45,45,91,90
7,23,2026,1,35,45,45,91,90
7,23,2026,1,35,45,45,91,90
7,23,2026,1,35,45,45,91,90
7,23,2026,1,36,45,45,91,90
7,23,2026,1,36,45,45,91,90
7,23,2026,1,36,45,45,91,90
7,23,2026,1,36,45,45,91,90
7,23,2026,1,36,45,45,91,90
7,23,2026,1,36,45,45,91,90
7,23,2026,1,37,45,45,91,90
7,23,2026,1,37,45,45,91,90
7,23,2026,1,37,45,45,91,90
7,23,2026,1,37,45,45,91,90
7,23,2026,1,37,45,45,91,90
7,23,2026,1,37,45,45,91,90
7,23,2026,1,38,45,45,91,90
7,23,2026,1,38,45,45,91,90
7,23,2026,1,38,45,45,91,90
7,23,2026,1,38,45,45,91,90
7,23,2026,1,38,45,45,91,90
7,23,2026,1,38,45,45,91,90
7,23,2026,1,39,45,45,91,90
7,23,2026,1,39,45,45,91,90
7,23,2026,1,39,45,45,91,90
7,23,2026,1,39,45,45,91,90
7,23,2026,1,39,45,45,91,90
7,23,2026,1,39,45,45,91,90
7,23,2026,1,40,45,45,91,90
7,23,2026,1,40,45,45,91,90
7,23,2026,1,40,45,45,91,90
7,23,2026,1,40,45,45,91,90
7,23,2026,1,40,45,45,91,90
7,23,2026,1,40,45,45,91,90
7,23,2026,1,41,45,45,91,90
7,23,2026,1,41,45,45,91,90
7,23,2026,1,41,45,45,91,90
7,23,2026,1,41,45,45,91,90
7,23,2026,1,41,45,45,91,90
7,23,2026,1,41,45,45,91,90
7,23,2026,1,42,45,45,91,90
7,23,2026,1,42,45,45,91,90
7,23,2026,1,42,45,45,91,90
7,23,2026,1,42,45,45,91,90
7,23,2026,1,42,45,45,91,90
7,23,2026,1,42,45,45,91,90
7,23,2026,1,43,45,45,91,90
7,23,2026,1,43,45,45,91,90
7,23,2026,1,43,45,45,91,90
7,23,2026,1,43,45,45,91,90
7,23,2026,1,43,45,45,91,90
7,23,2026,1,43,45,45,91,90
7,23,2026,1,44,45,45,91,90
7,23,2026,1,44,45,45,91,90
7,23,2026,1,44,45,45,91,90
7,23,2026,1,44,45,45,91,90
7,23,2026,1,44,45,45,91,90
7,23,2026,1,44,45,45,91,90
7,23,2026,1,45,45,45,91,90
7,23,2026,1,45,45,45,91,90
7,23,2026,1,45,45,45,91,90
7,23,2026,1,45,45,45,91,90
7,23,2026,1,45,45,45,91,90
7,23,2026,1,45,45,45,91,90
7,23,2026,1,46,45,45,91,90
7,23,2026,1,46,45,45,91,90
7,23,2026,1,46,45,45,91,90
7,23,2026,1,46,45,45,91,90
7,23,2026,1,46,45,45,91,90
7,23,2026,1,46,45,45,91,90
7,23,2026,1,47,45,45,91,90
7,23,2026,1,47,45,45,91,90
7,23,2026,1,47,45,45,91,90
7,23,2026,1,47,45,45,91,90
7,23,2026,1,47,45,45,91,90
7,23,2026,1,47,45,45,91,90
7,23,2026,1,48,45,45,91,90
7,23,2026,1,48,45,45,91,90
7,23,2026,1,48,45,45,91,90
7,23,2026,1,48,45,45,91,90
7,23,2026,1,48,45,45,91,90
7,23,2026,1,48,45,45,91,90
7,23,2026,1,49,45,45,91,90
7,23,2026,1,49,45,45,91,90
7,23,2026,1,49,45,45,91,90
7,23,2026,1,49,45,45,91,90
7,23,2026,1,49,45,45,91,90
7,23,2026,1,49,45,45,91,90
7,23,2026,1,50,45,45,91,90
7,23,2026,1,50,45,45,91,90
7,23,2026,1,50,45,45,91,90
7,23,2026,1,50,45,45,91,90
7,23,2026,1,50,45,45,91,90
7,23,2026,1,50,45,45,91,90
7,23,2026,1,51,45,45,91,90
7,23,2026,1,51,45,45,91,90
7,23,2026,1,51,45,45,91,90
7,23,2026,1,51,45,45,91,90
7,23,2026,1,51,45,45,91,90
7,23,2026,1,51,45,45,90,90
7,23,2026,1,52,45,45,90,90
7,23,2026,1,52,45,45,90,90
7,23,2026,1,52,45,45,90,90
7,23,2026,1,52,45,45,90,90
7,23,2026,1,52,45,45,90,90
7,23,2026,1,52,45,45,90,90
7,23,2026,1,53,45,45,90,90
7,23,2026,1,53,45,45,90,90
7,23,2026,1,53,45,45,90,90
7,23,2026,1,53,45,45,90,90
7,23,2026,1,53,45,45,90,90
7,23,2026,1,53,45,45,90,90
7,23,2026,1,54,45,45,90,90
7,23,2026,1,54,45,45,90,90
7,23,2026,1,54,45,45,90,90
7,23,2026,1,54,45,45,90,90
7,23,2026,1,54,45,45,90,90
7,23,2026,1,54,45,45,90,90
7,23,2026,1,55,45,45,90,90
7,23,2026,1,55,45,45,90,90
7,23,2026,1,55,45,45,90,90
7,23,2026,1,55,45,45,90,90
7,23,2026,1,55,45,45,90,90
7,23,2026,1,55,45,45,90,90
7,23,2026,1,56,45,45,90,90
7,23,2026,1,56,45,45,90,90
7,23,2026,1,56,45,45,90,90
7,23,2026,1,56,45,45,90,90
7,23,2026,1,56,45,45,90,90
7,23,2026,1,56,45,45,90,90
7,23,2026,1,57,45,45,90,90
7,23,2026,1,57,45,45,90,90
7,23,2026,1,57,45,45,90,90
7,23,2026,1,57,45,45,90,90
7,23,2026,1,57,45,45,90,90
7,23,2026,1,57,45,45,90,90
7,23,2026,1,58,45,45,90,90
7,23,2026,1,58,45,45,90,90
7,23,2026,1,58,45,45,90,90
7,23,2026,1,58,45,45,90,90
7,23,2026,1,58,45,45,90,90
7,23,2026,1,58,45,45,90,90
7,23,2026,1,59,45,45,90,90
7,23,2026,1,59,45,45,90,90
7,23,2026,1,59,45,45,90,90
7,23,2026,1,59,45,45,90,90
7,23,2026,1,59,45,45,90,90
7,23,2026,1,59,45,45,90,90
7,23,2026,2,00,45,45,90,90
7,23,2026,2,00,45,45,90,90
7,23,2026,2,00,45,45,90,90
7,23,2026,2,00,45,45,90,90
7,23,2026,2,00,45,45,90,90
7,23,2026,2,00,45,45,90,90
7,23,2026,2,01,45,45,90,90
7,23,2026,2,01,45,45,90,90
7,23,2026,2,01,45,45,90,90
7,23,2026,2,01,45,45,90,90
7,23,2026,2,01,45,45,90,90
7,23,2026,2,01,45,45,90,90
7,23,2026,2,02,45,45,90,90
7,23,2026,2,02,45,45,90,90
7,23,2026,2,02,45,45,90,90
7,23,2026,2,02,45,45,90,90
7,23,2026,2,02,45,45,90,90
7,23,2026,2,02,45,45,90,90
7,23,2026,2,03,45,45,90,90
7,23,2026,2,03,45,45,90,90
7,23,2026,2,03,45,45,90,90
7,23,2026,2,03,45,45,90,90
7,23,2026,2,03,45,45,90,90
7,23,2026,2,03,45,45,90,90
7,23,2026,2,04,45,45,90,90
7,23,2026,2,04,45,45,90,90
7,23,2026,2,04,45,45,90,90
7,23,2026,2,04,45,45,90,90
7,23,2026,2,04,45,45,90,90
7,23,2026,2,04,45,45,90,90
7,23,2026,2,05,45,45,90,90
7,23,2026,2,05,45,45,90,90
7,23,2026,2,05,45,45,90,90
7,23,2026,2,05,45,45,90,90
7,23,2026,2,05,45,45,90,90
7,23,2026,2,05,45,45,90,90
7,23,2026,2,06,45,45,90,90
7,23,2026,2,06,45,45,90,90
7,23,2026,2,06,45,45,90,90
7,23,2026,2,06,45,45,90,90
7,23,2026,2,06,45,45,90,90
7,23,2026,2,06,45,45,90,90
7,23,2026,2,07,45,45,90,90
7,23,2026,2,07,45,45,90,90
7,23,2026,2,07,45,45,90,90
7,23,2026,2,07,45,45,90,90
7,23,2026,2,07,45,45,90,90
7,23,2026,2,07,45,45,90,90
7,23,2026,2,08,45,45,90,90
7,23,2026,2,08,45,45,90,90
7,23,2026,2,08,45,45,90,90
7,23,2026,2,08,45,45,90,90
7,23,2026,2,08,45,45,90,90
7,23,2026,2,08,45,45,90,90
7,23,2026,2,09,45,45,90,90
7,23,2026,2,09,45,45,90,90
7,23,2026,2,09,45,45,90,90
7,23,2026,2,09,45,45,90,90
7,23,2026,2,09,45,45,90,90
7,23,2026,2,09,45,45,90,90
7,23,2026,2,10,45,45,90,90
7,23,2026,2,10,45,45,90,90
7,23,2026,2,10,45,45,90,90
7,23,2026,2,10,45,45,90,90
7,23,2026,2,10,45,45,90,90
7,23,2026,2,10,45,45,90,90
7,23,2026,2,11,45,45,90,90
7,23,2026,2,11,45,45,90,90
7,23,2026,2,11,45,45,90,90
7,23,2026,2,11,45,45,90,90
7,23,2026,2,11,45,45,90,90
7,23,2026,2,11,45,45,90,90
7,23,2026,2,12,45,45,90,90
7,23,2026,2,12,45,45,90,90
7,23,2026,2,12,45,45,90,90
7,23,2026,2,12,45,45,90,90
7,23,2026,2,12,45,45,90,90
7,23,2026,2,12,45,45,90,90
7,23,2026,2,13,45,45,90,90
7,23,2026,2,13,45,45,90,90
7,23,2026,2,13,45,45,90,90
7,23,2026,2,13,45,45,90,90
7,23,2026,2,13,45,45,90,90
7,23,2026,2,13,45,45,90,90
7,23,2026,2,14,45,45,90,90
7,23,2026,2,14,45,45,90,90
7,23,2026,2,14,45,45,90,90
7,23,2026,2,14,45,45,90,90
7,23,2026,2,14,45,45,90,90
7,23,2026,2,14,45,45,90,90
7,23,2026,2,15,45,45,90,90
7,23,2026,2,15,45,45,90,90
7,23,2026,2,15,45,45,90,90
7,23,2026,2,15,45,45,90,90
7,23,2026,2,15,45,45,90,90
7,23,2026,2,15,45,45,90,90
7,23,2026,2,16,45,45,90,90
7,23,2026,2,16,45,45,90,90
7,23,2026,2,16,45,45,90,90
7,23,2026,2,16,45,45,90,90
7,23,2026,2,16,45,45,90,90
7,23,2026,2,16,45,45,90,90
7,23,2026,2,17,45,45,90,90
7,23,2026,2,17,45,45,90,90
7,23,2026,2,17,45,45,90,90
7,23,2026,2,17,45,45,90,90
7,23,2026,2,17,45,45,90,90
7,23,2026,2,17,45,45,90,90
7,23,2026,2,18,45,45,90,90
7,23,2026,2,18,45,45,90,90
7,23,2026,2,18,45,45,90,90
7,23,2026,2,18,45,45,90,90
7,23,2026,2,18,45,45,90,90
7,23,2026,2,18,45,45,90,90
7,23,2026,2,19,45,45,90,90
7,23,2026,2,19,45,45,90,90
7,23,2026,2,19,45,45,90,90
7,23,2026,2,19,45,45,90,90
7,23,2026,2,19,45,45,90,90
7,23,2026,2,19,45,45,90,90
7,23,2026,2,20,45,45,90,90
7,23,2026,2,20,45,45,90,90
7,23,2026,2,20,45,45,90,90
7,23,2026,2,20,45,45,90,90
7,23,2026,2,20,45,45,90,90
7,23,2026,2,20,45,45,90,90
7,23,2026,2,21,45,45,90,90
7,23,2026,2,21,45,45,90,90
7,23,2026,2,21,45,45,90,90
7,23,2026,2,21,45,45,90,90
7,23,2026,2,21,45,45,90,90
7,23,2026,2,21,45,45,90,90
7,23,2026,2,22,45,45,90,90
7,23,2026,2,22,45,45,90,90
7,23,2026,2,22,45,45,90,90
7,23,2026,2,22,45,45,90,90
7,23,2026,2,22,45,45,90,90
7,23,2026,2,22,45,45,90,90
7,23,2026,2,23,45,45,90,90
7,23,2026,2,23,45,45,90,90
7,23,2026,2,23,45,45,90,90
7,23,2026,2,23,45,45,90,90
7,23,2026,2,23,45,45,90,90
7,23,2026,2,23,45,45,90,90
7,23,2026,2,24,45,45,90,90
7,23,2026,2,24,45,45,90,90
7,23,2026,2,24,45,45,90,90
7,23,2026,2,24,45,45,90,90
7,23,2026,2,24,45,45,90,90
7,23,2026,2,24,45,45,90,90
7,23,2026,2,25,45,45,90,90
7,23,2026,2,25,45,45,90,90
7,23,2026,2,25,45,45,90,90
7,23,2026,2,25,45,45,90,90
7,23,2026,2,25,45,45,90,90
7,23,2026,2,25,45,45,90,90
7,23,2026,2,26,45,45,90,90
7,23,2026,2,26,45,45,90,90
7,23,2026,2,26,45,45,90,90
7,23,2026,2,26,45,45,90,90
7,23,2026,2,26,45,45,90,90
7,23,2026,2,26,45,45,90,90
7,23,2026,2,27,45,45,90,90
7,23,2026,2,27,45,45,90,90
7,23,2026,2,27,45,45,90,90
7,23,2026,2,27,45,45,90,90
7,23,2026,2,27,45,45,90,90
7,23,2026,2,27,45,45,90,90
7,23,2026,2,28,45,45,90,90
7,23,2026,2,28,45,45,90,90
7,23,2026,2,28,45,45,90,90
7,23,2026,2,28,45,45,90,90
7,23,2026,2,28,45,45,90,90
7,23,2026,2,28,45,45,90,90
7,23,2026,2,29,45,45,90,90
7,23,2026,2,29,45,45,90,90
7,23,2026,2,29,45,45,90,90
7,23,2026,2,29,45,45,90,90
7,23,2026,2,29,45,45,90,90
7,23,2026,2,29,45,45,90,90
7,23,2026,2,30,45,45,90,90
7,23,2026,2,30,45,45,90,90
7,23,2026,2,30,45,45,90,90
7,23,2026,2,30,45,45,90,90
7,23,2026,2,30,45,45,90,90
7,23,2026,2,30,45,45,90,90
7,23,2026,2,31,45,45,90,90
7,23,2026,2,31,45,45,90,90
7,23,2026,2,31,45,45,90,90
7,23,2026,2,31,45,45,90,90
7,23,2026,2,31,45,45,90,90
7,23,2026,2,31,45,45,90,90
7,23,2026,2,32,45,45,90,90
7,23,2026,2,32,45,45,90,90
7,23,2026,2,32,45,45,90,90
7,23,2026,2,32,45,45,90,90
7,23,2026,2,32,45,45,90,90
7,23,2026,2,32,45,45,90,90
7,23,2026,2,33,45,45,90,90
7,23,2026,2,33,45,45,90,90
7,23,2026,2,33,45,45,90,90
7,23,2026,2,33,45,45,90,90
7,23,2026,2,33,45,45,90,90
7,23,2026,2,33,45,45,90,90
7,23,2026,2,34,45,45,90,90
7,23,2026,2,34,45,45,90,90
7,23,2026,2,34,45,45,90,90
7,23,2026,2,34,45,45,90,90
7,23,2026,2,34,45,45,90,90
7,23,2026,2,34,45,45,90,90
7,23,2026,2,35,45,45,90,90
7,23,2026,2,35,45,45,90,90
7,23,2026,2,35,45,45,90,90
7,23,2026,2,35,45,45,90,90
7,23,2026,2,35,45,45,90,90
7,23,2026,2,35,45,45,90,90
7,23,2026,2,36,45,45,90,90
7,23,2026,2,36,45,45,90,90
7,23,2026,2,36,45,45,90,90
7,23,2026,2,36,45,45,90,90
7,23,2026,2,36,45,45,90,90
7,23,2026,2,36,45,45,90,90
7,23,2026,2,37,45,45,90,90
7,23,2026,2,37,45,45,90,90
7,23,2026,2,37,45,45,90,90
7,23,2026,2,37,45,45,90,90
7,23,2026,2,37,45,45,90,90
7,23,2026,2,37,45,45,90,90
7,23,2026,2,38,45,45,90,90
7,23,2026,2,38,45,45,90,90
7,23,2026,2,38,45,45,90,90
7,23,2026,2,38,45,45,90,90
7,23,2026,2,38,45,45,90,90
7,23,2026,2,38,45,45,90,90
7,23,2026,2,39,45,45,90,90
7,23,2026,2,39,45,45,90,90
7,23,2026,2,39,45,45,90,90
7,23,2026,2,39,45,45,90,90
7,23,2026,2,39,45,45,90,90
7,23,2026,2,39,45,45,90,90
7,23,2026,2,40,45,45,90,90
7,23,2026,2,40,45,45,90,90
7,23,2026,2,40,45,45,90,90
7,23,2026,2,40,45,45,90,90
7,23,2026,2,40,45,45,90,90
7,23,2026,2,40,45,45,90,90
7,23,2026,2,41,45,45,90,90
7,23,2026,2,41,45,45,90,90
7,23,2026,2,41,45,45,90,90
7,23,2026,2,41,45,45,90,90
7,23,2026,2,41,45,45,90,90
7,23,2026,2,41,45,45,90,90
7,23,2026,2,42,45,45,90,90
7,23,2026,2,42,45,45,90,90
7,23,2026,2,42,45,45,90,90
7,23,2026,2,42,45,45,90,90
7,23,2026,2,42,45,45,90,90
7,23,2026,2,42,45,45,90,90
7,23,2026,2,43,45,45,90,90
7,23,2026,2,43,45,45,90,90
7,23,2026,2,43,45,45,90,90
7,23,2026,2,43,45,45,90,90
7,23,2026,2,43,45,45,90,90
7,23,2026,2,43,45,45,90,90
7,23,2026,2,44,45,45,90,90
7,23,2026,2,44,45,45,90,90
7,23,2026,2,44,45,45,90,90
7,23,2026,2,44,45,45,90,90
7,23,2026,2,44,45,45,90,90
7,23,2026,2,44,45,45,90,90
7,23,2026,2,45,45,45,90,90
7,23,2026,2,45,45,45,90,90
7,23,2026,2,45,45,45,90,90
7,23,2026,2,45,45,45,90,90
7,23,2026,2,45,45,45,90,90
7,23,2026,2,45,45,45,90,90
7,23,2026,2,46,45,45,90,90
7,23,2026,2,46,45,45,90,90
7,23,2026,2,46,45,45,90,90
7,23,2026,2,46,45,45,90,90
7,23,2026,2,46,45,45,90,90
7,23,2026,2,46,45,45,90,90
7,23,2026,2,47,45,45,90,90
7,23,2026,2,47,45,45,90,90
7,23,2026,2,47,45,45,90,90
7,23,2026,2,47,45,45,90,90
7,23,2026,2,47,45,45,90,90
7,23,2026,2,47,45,45,90,90
7,23,2026,2,48,45,45,90,90
7,23,2026,2,48,45,45,90,90
7,23,2026,2,48,45,45,90,90
7,23,2026,2,48,45,45,90,90
7,23,2026,2,48,45,45,90,90
7,23,2026,2,48,45,45,90,90
7,23,2026,2,49,45,45,90,90
7,23,2026,2,49,45,45,90,90
7,23,2026,2,49,45,45,90,90
7,23,2026,2,49,45,45,90,90
7,23,2026,2,49,45,45,90,90
7,23,2026,2,49,45,45,90,90
7,23,2026,2,50,45,45,90,90
7,23,2026,2,50,45,45,90,90
7,23,2026,2,50,45,45,90,90
7,23,2026,2,50,45,45,90,90
7,23,2026,2,50,45,45,90,90
7,23,2026,2,50,45,45,90,90
7,23,2026,2,51,45,45,90,90
7,23,2026,2,51,45,45,90,90
7,23,2026,2,51,45,45,90,90
7,23,2026,2,51,45,45,90,90
7,23,2026,2,51,45,45,90,90
7,23,2026,2,51,45,45,90,90
7,23,2026,2,52,45,45,90,90
7,23,2026,2,52,45,45,90,90
7,23,2026,2,52,45,45,90,90
7,23,2026,2,52,45,45,90,90
7,23,2026,2,52,45,45,90,90
7,23,2026,2,52,45,45,90,90
7,23,2026,2,53,45,45,90,90
7,23,2026,2,53,45,45,90,90
7,23,2026,2,53,45,45,90,90
7,23,2026,2,53,45,45,90,90
7,23,2026,2,53,45,45,90,90
7,23,2026,2,53,45,45,90,90
7,23,2026,2,54,45,45,90,90
7,23,2026,2,54,45,45,90,90
7,23,2026,2,54,45,45,90,90
7,23,2026,2,54,45,45,90,90
7,23,2026,2,54,45,45,90,90
7,23,2026,2,54,45,45,90,90
7,23,2026,2,55,45,45,90,90
7,23,2026,2,55,45,45,90,90
7,23,2026,2,55,45,45,90,90
7,23,2026,2,55,45,45,90,90
7,23,2026,2,55,45,45,90,90
7,23,2026,2,55,45,45,90,90
7,23,2026,2,56,45,45,90,90
7,23,2026,2,56,45,45,90,90
7,23,2026,2,56,45,45,90,90
7,23,2026,2,56,45,45,90,90
7,23,2026,2,56,45,45,90,90
7,23,2026,2,56,45,45,90,90
7,23,2026,2,57,45,45,90,90
7,23,2026,2,57,45,45,90,90
7,23,2026,2,57,45,45,90,90
7,23,2026,2,57,45,45,90,90
7,23,2026,2,57,45,45,90,90
7,23,2026,2,57,45,45,90,90
7,23,2026,2,58,45,45,90,90
7,23,2026,2,58,45,45,90,90
7,23,2026,2,58,45,45,90,90
7,23,2026,2,58,45,45,90,90
7,23,2026,2,58,45,45,90,90
7,23,2026,2,58,45,45,90,90
7,23,2026,2,59,45,45,90,90
7,23,2026,2,59,45,45,90,90
7,23,2026,2,59,45,45,90,90
7,23,2026,2,59,45,45,90,90
7,23,2026,2,59,45,45,90,90
7,23,2026,2,59,45,45,90,90
7,23,2026,3,00,45,45,90,90
7,23,2026,3,00,45,45,90,90
7,23,2026,3,00,45,45,90,90
7,23,2026,3,00,45,45,90,90
7,23,2026,3,00,45,45,90,90
7,23,2026,3,00,45,45,90,90
7,23,2026,3,01,45,45,90,90
7,23,2026,3,01,45,45,90,90
7,23,2026,3,01,45,45,90,90
7,23,2026,3,01,45,45,90,90
7,23,2026,3,01,45,45,90,90
7,23,2026,3,01,45,45,90,90
7,23,2026,3,02,45,45,90,90
7,23,2026,3,02,45,45,90,90
7,23,2026,3,02,45,45,90,90
7,23,2026,3,02,45,45,90,90
7,23,2026,3,02,45,45,90,90
7,23,2026,3,02,45,45,90,90
7,23,2026,3,03,45,45,90,90
7,23,2026,3,03,45,45,90,90
7,23,2026,3,03,45,45,90,90
7,23,2026,3,03,45,45,90,90
7,23,2026,3,03,45,45,90,90
7,23,2026,3,03,45,45,90,90
7,23,2026,3,04,45,45,90,90
7,23,2026,3,04,45,45,90,90
7,23,2026,3,04,45,45,90,90
7,23,2026,3,04,45,45,90,90
7,23,2026,3,04,45,45,90,90
7,23,2026,3,04,45,45,90,90
7,23,2026,3,05,45,45,90,90
7,23,2026,3,05,45,45,90,90
7,23,2026,3,05,45,45,90,90
7,23,2026,3,05,45,45,90,90
7,23,2026,3,05,45,45,90,90
7,23,2026,3,05,45,45,90,90
7,23,2026,3,06,45,45,90,90
7,23,2026,3,06,45,45,90,90
7,23,2026,3,06,45,45,90,90
7,23,2026,3,06,45,45,90,90
7,23,2026,3,06,45,45,90,90
7,23,2026,3,06,45,45,90,90
7,23,2026,3,07,45,45,90,90
7,23,2026,3,07,45,45,90,90
7,23,2026,3,07,45,45,90,90
7,23,2026,3,07,45,45,90,90
7,23,2026,3,07,45,45,90,90
7,23,2026,3,07,45,45,90,90
7,23,2026,3,08,45,45,90,90
7,23,2026,3,08,45,45,90,90
7,23,2026,3,08,45,45,90,90
7,23,2026,3,08,45,45,90,90
7,23,2026,3,08,45,45,90,90
7,23,2026,3,08,45,45,90,90
7,23,2026,3,09,45,45,90,90
7,23,2026,3,09,45,45,90,90
7,23,2026,3,09,45,45,90,90
7,23,2026,3,09,45,45,90,90
7,23,2026,3,09,45,45,90,90
7,23,2026,3,09,45,45,90,90
7,23,2026,3,10,45,45,90,90
7,23,2026,3,10,45,45,90,90
7,23,2026,3,10,45,45,90,90
7,23,2026,3,10,45,45,90,90
7,23,2026,3,10,45,45,90,90
7,23,2026,3,10,45,45,90,90
7,23,2026,3,11,45,45,90,90
7,23,2026,3,11,45,45,90,90
7,23,2026,3,11,45,45,90,90
7,23,2026,3,11,45,45,90,90
7,23,2026,3,11,45,45,90,90
7,23,2026,3,11,45,45,90,90
7,23,2026,3,12,45,45,90,90
7,23,2026,3,12,45,45,90,90
7,23,2026,3,12,45,45,90,90
7,23,2026,3,12,45,45,90,90
7,23,2026,3,12,45,45,90,90
7,23,2026,3,12,45,45,90,90
7,23,2026,3,13,45,45,90,90
7,23,2026,3,13,45,45,90,90
7,23,2026,3,13,45,45,90,90
7,23,2026,3,13,45,45,90,90
7,23,2026,3,13,45,45,90,90
7,23,2026,3,13,45,45,90,90
7,23,2026,3,14,45,45,90,90
7,23,2026,3,14,45,45,90,90
7,23,2026,3,14,45,45,90,90
7,23,2026,3,14,45,45,90,90
7,23,2026,3,14,45,45,90,90
7,23,2026,3,14,45,45,90,90
7,23,2026,3,15,45,45,90,90
7,23,2026,3,15,45,45,90,90
7,23,2026,3,15,45,45,90,90
7,23,2026,3,15,45,25,90,50
7,23,2026,3,15,44.9,25,90,50
7,23,2026,3,15,44.8,25,91,50
7,23,2026,3,16,44.7,25,91,50
7,23,2026,3,16,44.6,25,91,50
7,23,2026,3,16,44.5,25,90,50
7,23,2026,3,16,44.4,25,90,50
7,23,2026,3,16,44.3,25,89,50
7,23,2026,3,16,44.1,25,88,50
7,23,2026,3,17,44,25,86,50
7,23,2026,3,17,43.8,25,85,50
7,23,2026,3,17,43.6,25,83,50
7,23,2026,3,17,43.4,25,81,50
7,23,2026,3,17,43.1,25,78,50
7,23,2026,3,17,42.8,25,76,50
7,23,2026,3,18,42.5,25,74,50
7,23,2026,3,18,42.2,25,72,50
7,23,2026,3,18,41.8,25,70,50
7,23,2026,3,18,41.4,25,69,50
7,23,2026,3,18,40.9,25,67,50
7,23,2026,3,18,40.5,25,66,50
7,23,2026,3,19,40,25,64,50
7,23,2026,3,19,39.5,25,63,50
7,23,2026,3,19,39,25,62,50
7,23,2026,3,19,38.5,25,60,50
7,23,2026,3,19,38,25,59,50
7,23,2026,3,19,37.5,25,58,50
7,23,2026,3,20,36.9,25,58,50
7,23,2026,3,20,36.4,25,57,50
7,23,2026,3,20,35.9,25,56,50
7,23,2026,3,20,35.5,25,56,50
7,23,2026,3,20,35,25,55,50
7,23,2026,3,20,34.6,25,55,50
7,23,2026,3,21,34.1,25,55,50
7,23,2026,3,21,33.7,25,54,50
7,23,2026,3,21,33.3,25,54,50
7,23,2026,3,21,32.9,25,54,50
7,23,2026,3,21,32.5,25,54,50
7,23,2026,3,21,32.1,25,54,50
7,23,2026,3,22,31.7,25,54,50
7,23,2026,3,22,31.3,25,54,50
7,23,2026,3,22,31,25,53,50
7,23,2026,3,22,30.6,25,53,50
7,23,2026,3,22,30.2,25,53,50
7,23,2026,3,22,29.8,25,53,50
7,23,2026,3,23,29.5,25,53,50
7,23,2026,3,23,29.1,25,53,50
7,23,2026,3,23,28.7,25,53,50
7,23,2026,3,23,28.4,25,53,50
7,23,2026,3,23,28,25,53,50
7,23,2026,3,23,27.6,25,53,50
7,23,2026,3,24,27.2,25,53,50
7,23,2026,3,24,26.8,25,53,50
7,23,2026,3,24,26.4,25,53,50
7,23,2026,3,24,26,25,53,50
7,23,2026,3,24,25.6,25,53,50
7,23,2026,3,24,25.3,25,53,50
7,23,2026,3,25,24.9,25,53,50
7,23,2026,3,25,24.8,25,53,50
7,23,2026,3,25,24.7,25,52,50
7,23,2026,3,25,24.7,25,51,50
7,23,2026,3,25,24.7,25,50,50
7,23,2026,3,25,24.7,25,49,50
7,23,2026,3,26,24.7,25,48,50
7,23,2026,3,26,24.8,25,48,50
7,23,2026,3,26,24.8,25,47,50
7,23,2026,3,26,24.8,25,47,50
7,23,2026,3,26,24.9,25,47,50
7,23,2026,3,26,24.9,25,47,50
7,23,2026,3,27,24.9,25,46,50
7,23,2026,3,27,24.9,25,46,50
7,23,2026,3,27,24.9,25,46,50
7,23,2026,3,27,24.9,25,46,50
7,23,2026,3,27,24.9,25,46,50
7,23,2026,3,27,24.9,25,45,50
7,23,2026,3,28,24.9,25,45,50
7,23,2026,3,28,24.9,25,45,50
7,23,2026,3,28,24.9,25,45,50
7,23,2026,3,28,24.9,25,45,50
7,23,2026,3,28,25,25,45,50
7,23,2026,3,28,25,25,45,50
7,23,2026,3,29,25,25,45,50
7,23,2026,3,29,25,25,46,50
7,23,2026,3,29,25,25,46,50
7,23,2026,3,29,25,25,46,50
7,23,2026,3,29,25,25,46,50
7,23,2026,3,29,25,25,46,50
7,23,2026,3,30,25,25,46,50
7,23,2026,3,30,25,25,46,50
7,23,2026,3,30,25,25,46,50
7,23,2026,3,30,25,25,46,50
7,23,2026,3,30,25,25,47,50
7,23,2026,3,30,25,25,47,50
7,23,2026,3,31,25,25,47,50
7,23,2026,3,31,25,25,47,50
7,23,2026,3,31,25,25,47,50
7,23,2026,3,31,25.1,25,47,50
7,23,2026,3,31,25.1,25,48,50
7,23,2026,3,31,25.1,25,48,50
7,23,2026,3,32,25.1,25,49,50
7,23,2026,3,32,25.1,25,49,50
7,23,2026,3,32,25.1,25,49,50
7,23,2026,3,32,25,25,50,50
7,23,2026,3,32,25,25,49,50
7,23,2026,3,32,25,25,49,50
7,23,2026,3,33,25,25,49,50
7,23,2026,3,33,25,25,49,50
7,23,2026,3,33,25,25,49,50
7,23,2026,3,33,25,25,49,50
7,23,2026,3,33,25,25,50,50
7,23,2026,3,33,25,25,50,50
7,23,2026,3,34,25.1,25,50,50
7,23,2026,3,34,25,25,50,50
7,23,2026,3,34,25,25,51,50
7,23,2026,3,34,25,25,51,50
7,23,2026,3,34,25,25,50,50
7,23,2026,3,34,25,25,50,50
7,23,2026,3,35,25,25,50,50
7,23,2026,3,35,25,25,50,50
7,23,2026,3,35,25,25,50,50
7,23,2026,3,35,25,25,50,50
7,23,2026,3,35,25,25,51,50
7,23,2026,3,35,25,25,51,50
7,23,2026,3,36,25,25,51,50
7,23,2026,3,36,25,25,51,50
7,23,2026,3,36,25,25,51,50
7,23,2026,3,36,25,25,51,50
7,23,2026,3,36,25,25,51,50
7,23,2026,3,36,25,25,51,50
7,23,2026,3,37,25,25,51,50
7,23,2026,3,37,25,25,51,50
7,23,2026,3,37,25,25,51,50
7,23,2026,3,37,25,25,51,50
7,23,2026,3,37,25,25,51,50
7,23,2026,3,37,25,25,51,50
7,23,2026,3,38,25,25,51,50
7,23,2026,3,38,25,25,51,50
7,23,2026,3,38,25,25,51,50
7,23,2026,3,38,25,25,51,50
7,23,2026,3,38,25,25,51,50
7,23,2026,3,38,25,25,50,50
7,23,2026,3,39,25,25,50,50
7,23,2026,3,39,25,25,50,50
7,23,2026,3,39,25,25,50,50
7,23,2026,3,39,25,25,50,50
7,23,2026,3,39,25,25,50,50
7,23,2026,3,39,25,25,50,50
7,23,2026,3,40,25,25,50,50
7,23,2026,3,40,25,25,50,50
7,23,2026,3,40,25,25,50,50
7,23,2026,3,40,25,25,50,50
7,23,2026,3,40,25,25,50,50
7,23,2026,3,40,25,25,50,50
7,23,2026,3,41,25,25,50,50
7,23,2026,3,41,25,25,50,50
7,23,2026,3,41,25,25,50,50
7,23,2026,3,41,25,25,50,50
7,23,2026,3,41,25,25,50,50
7,23,2026,3,41,25,25,50,50
7,23,2026,3,42,25,25,50,50
7,23,2026,3,42,25,25,50,50
7,23,2026,3,42,25,25,50,50
7,23,2026,3,42,25,25,50,50
7,23,2026,3,42,25,25,50,50
7,23,2026,3,42,25,25,50,50
7,23,2026,3,43,25,25,50,50
7,23,2026,3,43,25,25,50,50
7,23,2026,3,43,25,25,50,50
7,23,2026,3,43,25,25,50,50
7,23,2026,3,43,25,25,50,50
7,23,2026,3,43,25,25,50,50
7,23,2026,3,44,25,25,50,50
7,23,2026,3,44,25,25,50,50
7,23,2026,3,44,25,25,50,50
7,23,2026,3,44,25,25,50,50
7,23,2026,3,44,25,25,50,50
7,23,2026,3,44,25,25,50,50
7,23,2026,3,45,25,25,50,50
7,23,2026,3,45,25,25,50,50
7,23,2026,3,45,25,25,50,50
7,23,2026,3,45,25,25,50,50
7,23,2026,3,45,25,25,50,50
7,23,2026,3,45,25,25,50,50
7,23,2026,3,46,25,25,50,50
7,23,2026,3,46,25,25,50,50
7,23,2026,3,46,25,25,50,50
7,23,2026,3,46,25,25,50,50
7,23,2026,3,46,25,25,50,50
7,23,2026,3,46,25,25,50,50
7,23,2026,3,47,25,25,50,50
7,23,2026,3,47,25,25,50,50
7,23,2026,3,47,25,25,50,50
7,23,2026,3,47,25,25,50,50
7,23,2026,3,47,25,25,50,50
7,23,2026,3,47,25,25,50,50
7,23,2026,3,48,25,25,50,50
7,23,2026,3,48,25,25,50,50
7,23,2026,3,48,25,25,50,50
7,23,2026,3,48,25,25,50,50
7,23,2026,3,48,25,25,50,50
7,23,2026,3,48,25,25,50,50
7,23,2026,3,49,25,25,50,50
7,23,2026,3,49,25,25,50,50
7,23,2026,3,49,25,25,50,50
7,23,2026,3,49,25,25,50,50
7,23,2026,3,49,25,25,50,50
7,23,2026,3,49,25,25,50,50
7,23,2026,3,50,25,25,50,50
7,23,2026,3,50,25,25,50,50
7,23,2026,3,50,25,25,50,50
7,23,2026,3,50,25,25,50,50
7,23,2026,3,50,25,25,50,50
7,23,2026,3,50,25,25,50,50
7,23,2026,3,51,25,25,50,50
7,23,2026,3,51,25,25,50,50
7,23,2026,3,51,25,25,50,50
7,23,2026,3,51,25,25,50,50
7,23,2026,3,51,25,25,50,50
7,23,2026,3,51,25,25,50,50
7,23,2026,3,52,25,25,50,50
7,23,2026,3,52,25,25,50,50
7,23,2026,3,52,25,25,50,50
7,23,2026,3,52,25,25,50,50
7,23,2026,3,52,25,25,50,50
7,23,2026,3,52,25,25,50,50
7,23,2026,3,53,25,25,50,50
7,23,2026,3,53,25,25,50,50
7,23,2026,3,53,25,25,50,50
7,23,2026,3,53,25,25,50,50
7,23,2026,3,53,25,25,50,50
7,23,2026,3,53,25,25,50,50
7,23,2026,3,54,25,25,50,50
7,23,2026,3,54,25,25,50,50
7,23,2026,3,54,25,25,50,50
7,23,2026,3,54,25,25,50,50
7,23,2026,3,54,25,25,50,50
7,23,2026,3,54,25,25,50,50
7,23,2026,3,55,25,25,50,50
7,23,2026,3,55,25,25,50,50
7,23,2026,3,55,25,25,50,50
7,23,2026,3,55,25,25,50,50
7,23,2026,3,55,25,25,50,50
7,23,2026,3,55,25,25,50,50
7,23,2026,3,56,25,25,50,50
7,23,2026,3,56,25,25,50,50
7,23,2026,3,56,25,25,50,50
7,23,2026,3,56,25,25,50,50
7,23,2026,3,56,25,25,50,50
7,23,2026,3,56,25,25,50,50
7,23,2026,3,57,25,25,50,50
7,23,2026,3,57,25,25,50,50
7,23,2026,3,57,25,25,50,50
7,23,2026,3,57,25,25,50,50
7,23,2026,3,57,25,25,50,50
7,23,2026,3,57,25,25,50,50
7,23,2026,3,58,25,25,50,50
7,23,2026,3,58,25,25,50,50
7,23,2026,3,58,25,25,50,50
7,23,2026,3,58,25,25,50,50
7,23,2026,3,58,25,25,50,50
7,23,2026,3,58,25,25,50,50
7,23,2026,3,59,25,25,50,50
7,23,2026,3,59,25,25,50,50
7,23,2026,3,59,25,25,50,50
7,23,2026,3,59,25,25,50,50
7,23,2026,3,59,25,25,50,50
7,23,2026,3,59,25,25,50,50
7,23,2026,4,00,25,25,50,50
7,23,2026,4,00,25,25,50,50
7,23,2026,4,00,25,25,50,50
7,23,2026,4,00,25,25,50,50
7,23,2026,4,00,25,25,50,50
7,23,2026,4,00,25,25,50,50
7,23,2026,4,01,25,25,50,50
7,23,2026,4,01,25,25,50,50
7,23,2026,4,01,25,25,50,50
7,23,2026,4,01,25,25,50,50
7,23,2026,4,01,25,25,50,50
7,23,2026,4,01,25,25,50,50
7,23,2026,4,02,25,25,50,50
7,23,2026,4,02,25,25,50,50
7,23,2026,4,02,25,25,50,50
7,23,2026,4,02,25,25,50,50
7,23,2026,4,02,25,25,50,50
7,23,2026,4,02,25,25,50,50
7,23,2026,4,03,25,25,50,50
7,23,2026,4,03,25,25,50,50
7,23,2026,4,03,25,25,50,50
7,23,2026,4,03,25,25,50,50
7,23,2026,4,03,25,25,50,50
7,23,2026,4,03,25,25,50,50
7,23,2026,4,04,25,25,50,50
7,23,2026,4,04,25,25,50,50
7,23,2026,4,04,25,25,50,50
7,23,2026,4,04,25,25,50,50
7,23,2026,4,04,25,25,50,50
7,23,2026,4,04,25,25,50,50
7,23,2026,4,05,25,25,50,50
7,23,2026,4,05,25,25,50,50
7,23,2026,4,05,25,25,50,50
7,23,2026,4,05,25,25,50,50
7,23,2026,4,05,25,25,50,50
7,23,2026,4,05,25,25,50,50
7,23,2026,4,06,25,25,50,50
7,23,2026,4,06,25,25,50,50
7,23,2026,4,06,25,25,50,50
7,23,2026,4,06,25,25,50,50
7,23,2026,4,06,25,25,50,50
7,23,2026,4,06,25,25,50,50
7,23,2026,4,07,25,25,50,50
7,23,2026,4,07,25,25,50,50
7,23,2026,4,07,25,25,50,50
7,23,2026,4,07,25,25,50,50
7,23,2026,4,07,25,25,50,50
7,23,2026,4,07,25,25,50,50
7,23,2026,4,08,25,25,50,50
7,23,2026,4,08,25,25,50,50
7,23,2026,4,08,25,25,50,50
7,23,2026,4,08,25,25,50,50
7,23,2026,4,08,25,25,50,50
7,23,2026,4,08,25,25,50,50
7,23,2026,4,09,25,25,50,50
7,23,2026,4,09,25,25,50,50
7,23,2026,4,09,25,25,50,50
7,23,2026,4,09,25,25,50,50
7,23,2026,4,09,25,25,50,50
7,23,2026,4,09,25,25,50,50
7,23,2026,4,10,25,25,50,50
7,23,2026,4,10,25,25,50,50
7,23,2026,4,10,25,25,50,50
7,23,2026,4,10,25,25,50,50
7,23,2026,4,10,25,25,50,50
7,23,2026,4,10,25,25,50,50
7,23,2026,4,11,25,25,50,50
7,23,2026,4,11,25,25,50,50
7,23,2026,4,11,25,25,50,50
7,23,2026,4,11,25,25,50,50
7,23,2026,4,11,25,25,50,50
7,23,2026,4,11,25,25,50,50
7,23,2026,4,12,25,25,50,50
7,23,2026,4,12,25,25,50,50
7,23,2026,4,12,25,25,50,50
7,23,2026,4,12,25,25,50,50
7,23,2026,4,12,25,25,50,50
7,23,2026,4,12,25,25,50,50
7,23,2026,4,13,25,25,50,50
7,23,2026,4,13,25,25,50,50
7,23,2026,4,13,25,25,50,50
7,23,2026,4,13,25,25,50,50
7,23,2026,4,13,25,25,50,50
7,23,2026,4,13,25,25,50,50
7,23,2026,4,14,25,25,50,50
7,23,2026,4,14,25,25,50,50
7,23,2026,4,14,25,25,50,50
7,23,2026,4,14,25,25,50,50
7,23,2026,4,14,25,25,50,50
7,23,2026,4,14,25,25,50,50
7,23,2026,4,15,25,25,50,50
7,23,2026,4,15,25,25,50,50
7,23,2026,4,15,25,25,50,50
7,23,2026,4,15,25,25,50,50
7,23,2026,4,15,25,25,50,50
7,23,2026,4,15,25,25,50,50
7,23,2026,4,16,25,25,50,50
7,23,2026,4,16,25,25,50,50
7,23,2026,4,16,25,25,50,50
7,23,2026,4,16,25,25,50,50
7,23,2026,4,16,25,25,50,50
7,23,2026,4,16,25,25,50,50
7,23,2026,4,17,25,25,50,50
7,23,2026,4,17,25,25,50,50
7,23,2026,4,17,25,25,50,50
7,23,2026,4,17,25,25,50,50
7,23,2026,4,17,25,25,50,50
7,23,2026,4,17,25,25,50,50
7,23,2026,4,18,25,25,50,50
7,23,2026,4,18,25,25,50,50
7,23,2026,4,18,25,25,50,50
7,23,2026,4,18,25,25,50,50
7,23,2026,4,18,25,25,50,50
7,23,2026,4,18,25,25,50,50
7,23,2026,4,19,25,25,50,50
7,23,2026,4,19,25,25,50,50
7,23,2026,4,19,25,25,50,50
7,23,2026,4,19,25,25,50,50
7,23,2026,4,19,25,25,50,50
7,23,2026,4,19,25,25,50,50
7,23,2026,4,20,25,25,50,50
7,23,2026,4,20,25,25,50,50
7,23,2026,4,20,25,25,50,50
7,23,2026,4,20,25,25,50,50
7,23,2026,4,20,25,25,50,50
7,23,2026,4,20,25,25,50,50
7,23,2026,4,21,25,25,50,50
7,23,2026,4,21,25,25,50,50
7,23,2026,4,21,25,25,50,50
7,23,2026,4,21,25,25,50,50
7,23,2026,4,21,25,25,50,50
7,23,2026,4,21,25,25,50,50
7,23,2026,4,22,25,25,50,50
7,23,2026,4,22,25,25,50,50
7,23,2026,4,22,25,25,50,50
7,23,2026,4,22,25,25,50,50
7,23,2026,4,22,25,25,50,50
7,23,2026,4,22,25,25,50,50
7,23,2026,4,23,25,25,50,50
7,23,2026,4,23,25,25,50,50
7,23,2026,4,23,25,25,50,50
7,23,2026,4,23,25,25,50,50
7,23,2026,4,23,25,25,50,50
7,23,2026,4,23,25,25,50,50
7,23,2026,4,24,25,25,50,50
7,23,2026,4,24,25,25,50,50
7,23,2026,4,24,25,25,50,50
7,23,2026,4,24,25,25,50,50
7,23,2026,4,24,25,25,50,50
7,23,2026,4,24,25,25,50,50
7,23,2026,4,25,25,25,50,50
7,23,2026,4,25,25,25,50,50
7,23,2026,4,25,25,25,50,50
7,23,2026,4,25,25,25,50,50
7,23,2026,4,25,25,25,50,50
7,23,2026,4,25,25,25,50,50
7,23,2026,4,26,25,25,50,50
7,23,2026,4,26,25,25,50,50
7,23,2026,4,26,25,25,50,50
7,23,2026,4,26,25,25,50,50
7,23,2026,4,26,25,25,50,50
7,23,2026,4,26,25,25,50,50
7,23,2026,4,27,25,25,50,50
7,23,2026,4,27,25,25,50,50
7,23,2026,4,27,25,25,50,50
7,23,2026,4,27,25,25,50,50
7,23,2026,4,27,25,25,50,50
7,23,2026,4,27,25,25,50,50
7,23,2026,4,28,25,25,50,50
7,23,2026,4,28,25,25,50,50
7,23,2026,4,28,25,25,50,50
7,23,2026,4,28,25,25,50,50
7,23,2026,4,28,25,25,50,50
7,23,2026,4,28,25,25,50,50
7,23,2026,4,29,25,25,50,50
7,23,2026,4,29,25,25,50,50
7,23,2026,4,29,25,25,50,50
7,23,2026,4,29,25,25,50,50
7,23,2026,4,29,25,25,50,50
7,23,2026,4,29,25,25,50,50
7,23,2026,4,30,25,25,50,50
7,23,2026,4,30,25,25,50,50
7,23,2026,4,30,25,25,50,50
7,23,2026,4,30,25,25,50,50
7,23,2026,4,30,25,25,50,50
7,23,2026,4,30,25,25,50,50
7,23,2026,4,31,25,25,50,50
7,23,2026,4,31,25,25,50,50
7,23,2026,4,31,25,25,50,50
7,23,2026,4,31,25,25,50,50
7,23,2026,4,31,25,25,50,50
7,23,2026,4,31,25,25,50,50
7,23,2026,4,32,25,25,50,50
7,23,2026,4,32,25,25,50,50
7,23,2026,4,32,25,25,50,50
7,23,2026,4,32,25,25,50,50
7,23,2026,4,32,25,25,50,50
7,23,2026,4,32,25,25,50,50
7,23,2026,4,33,25,25,50,50
7,23,2026,4,33,25,25,50,50
7,23,2026,4,33,25,25,50,50
7,23,2026,4,33,25,25,50,50
7,23,2026,4,33,25,25,50,50
7,23,2026,4,33,25,25,50,50
7,23,2026,4,34,25,25,50,50
7,23,2026,4,34,25,25,50,50
7,23,2026,4,34,25,25,50,50
7,23,2026,4,34,25,25,50,50
7,23,2026,4,34,25,25,50,50
7,23,2026,4,34,25,25,50,50
7,23,2026,4,35,25,25,50,50
7,23,2026,4,35,25,25,50,50
7,23,2026,4,35,25,25,50,50
7,23,2026,4,35,25,25,50,50
7,23,2026,4,35,25,25,50,50
7,23,2026,4,35,25,25,50,50
7,23,2026,4,36,25,25,50,50
7,23,2026,4,36,25,25,50,50
7,23,2026,4,36,25,25,50,50
7,23,2026,4,36,25,25,50,50
7,23,2026,4,36,25,25,50,50
7,23,2026,4,36,25,25,50,50
7,23,2026,4,37,25,25,50,50
7,23,2026,4,37,25,25,50,50
7,23,2026,4,37,25,25,50,50
7,23,2026,4,37,25,25,50,50
7,23,2026,4,37,25,25,50,50
7,23,2026,4,37,25,25,50,50
7,23,2026,4,38,25,25,50,50
7,23,2026,4,38,25,25,50,50
7,23,2026,4,38,25,25,50,50
7,23,2026,4,38,25,25,50,50
7,23,2026,4,38,25,25,50,50
7,23,2026,4,38,25,25,50,50
7,23,2026,4,39,25,25,50,50
7,23,2026,4,39,25,25,50,50
7,23,2026,4,39,25,25,50,50
7,23,2026,4,39,25,25,50,50
7,23,2026,4,39,25,25,50,50
7,23,2026,4,39,25,25,50,50
7,23,2026,4,40,25,25,50,50
7,23,2026,4,40,25,25,50,50
7,23,2026,4,40,25,25,50,50
7,23,2026,4,40,25,25,50,50
7,23,2026,4,40,25,25,50,50
7,23,2026,4,40,25,25,50,50
7,23,2026,4,41,25,25,50,50
7,23,2026,4,41,25,25,50,50
7,23,2026,4,41,25,25,50,50
7,23,2026,4,41,25,25,50,50
7,23,2026,4,41,25,25,50,50
7,23,2026,4,41,25,25,50,50
7,23,2026,4,42,25,25,50,50
7,23,2026,4,42,25,25,50,50
7,23,2026,4,42,25,25,50,50
7,23,2026,4,42,25,25,50,50
7,23,2026,4,42,25,25,50,50
7,23,2026,4,42,25,25,50,50
7,23,2026,4,43,25,25,50,50
7,23,2026,4,43,25,25,50,50
7,23,2026,4,43,25,25,50,50
7,23,2026,4,43,25,25,50,50
7,23,2026,4,43,25,25,50,50
7,23,2026,4,43,25,25,50,50
7,23,2026,4,44,25,25,50,50
7,23,2026,4,44,25,25,50,50
7,23,2026,4,44,25,25,50,50
7,23,2026,4,44,25,25,50,50
7,23,2026,4,44,25,25,50,50
7,23,2026,4,44,25,25,50,50
7,23,2026,4,45,25,25,50,50
7,23,2026,4,45,25,25,50,50
7,23,2026,4,45,25,25,50,50
7,23,2026,4,45,25,25,50,50
7,23,2026,4,45,25,25,50,50
7,23,2026,4,45,25,25,50,50
7,23,2026,4,46,25,25,50,50
7,23,2026,4,46,25,25,50,50
7,23,2026,4,46,25,25,50,50
7,23,2026,4,46,25,25,50,50
7,23,2026,4,46,25,25,50,50
7,23,2026,4,46,25,25,50,50
7,23,2026,4,47,25,25,50,50
7,23,2026,4,47,25,25,50,50
7,23,2026,4,47,25,25,50,50
7,23,2026,4,47,25,25,50,50
7,23,2026,4,47,25,25,50,50
7,23,2026,4,47,25,25,50,50
7,23,2026,4,48,25,25,50,50
7,23,2026,4,48,25,25,50,50
7,23,2026,4,48,25,25,50,50
7,23,2026,4,48,25,25,50,50
7,23,2026,4,48,25,25,50,50
7,23,2026,4,48,25,25,50,50
7,23,2026,4,49,25,25,50,50
7,23,2026,4,49,25,25,50,50
7,23,2026,4,49,25,25,50,50
7,23,2026,4,49,25,25,50,50
7,23,2026,4,49,25,25,50,50
7,23,2026,4,49,25,25,50,50
7,23,2026,4,50,25,25,50,50
7,23,2026,4,50,25,25,50,50
7,23,2026,4,50,25,25,50,50
7,23,2026,4,50,25,25,50,50
7,23,2026,4,50,25,25,50,50
7,23,2026,4,50,25,25,50,50
7,23,2026,4,51,25,25,50,50
7,23,2026,4,51,25,25,50,50
7,23,2026,4,51,25,25,50,50
7,23,2026,4,51,25,25,50,50
7,23,2026,4,51,25,25,50,50
7,23,2026,4,51,25,25,50,50
7,23,2026,4,52,25,25,50,50
7,23,2026,4,52,25,25,50,50
7,23,2026,4,52,25,25,50,50
7,23,2026,4,52,25,25,50,50
7,23,2026,4,52,25,25,50,50
7,23,2026,4,52,25,25,50,50
7,23,2026,4,53,25,25,50,50
7,23,2026,4,53,25,25,50,50
7,23,2026,4,53,25,25,50,50
7,23,2026,4,53,25,25,50,50
7,23,2026,4,53,25,25,50,50
7,23,2026,4,53,25,25,50,50
7,23,2026,4,54,25,25,50,50
7,23,2026,4,54,25,25,50,50
7,23,2026,4,54,25,25,50,50
7,23,2026,4,54,25,25,50,50
7,23,2026,4,54,25,25,50,50
7,23,2026,4,54,25,25,50,50
7,23,2026,4,55,25,25,50,50
7,23,2026,4,55,25,25,50,50
7,23,2026,4,55,25,25,50,50
7,23,2026,4,55,25,25,50,50
7,23,2026,4,55,25,25,50,50
7,23,2026,4,55,25,25,50,50
7,23,2026,4,56,25,25,50,50
7,23,2026,4,56,25,25,50,50
7,23,2026,4,56,25,25,50,50
7,23,2026,4,56,25,25,50,50
7,23,2026,4,56,25,25,50,50
7,23,2026,4,56,25,25,50,50
7,23,2026,4,57,25,25,50,50
7,23,2026,4,57,25,25,50,50
7,23,2026,4,57,25,25,50,50
7,23,2026,4,57,25,25,50,50
7,23,2026,4,57,25,25,50,50
7,23,2026,4,57,25,25,50,50
7,23,2026,4,58,25,25,50,50
7,23,2026,4,58,25,25,50,50
7,23,2026,4,58,25,25,50,50
7,23,2026,4,58,25,25,50,50
7,23,2026,4,58,25,25,50,50
7,23,2026,4,58,25,25,50,50
7,23,2026,4,59,25,25,50,50
7,23,2026,4,59,25,25,50,50
7,23,2026,4,59,25,25,50,50
7,23,2026,4,59,25,25,50,50
7,23,2026,4,59,25,25,50,50
7,23,2026,4,59,25,25,50,50
7,23,2026,5,00,25,25,50,50
7,23,2026,5,00,25,25,50,50
7,23,2026,5,00,25,25,50,50
7,23,2026,5,00,25,25,50,50
7,23,2026,5,00,25,25,50,50
7,23,2026,5,00,25,25,50,50
7,23,2026,5,01,25,25,50,50
7,23,2026,5,01,25,25,50,50
7,23,2026,5,01,25,25,50,50
7,23,2026,5,01,25,25,50,50
7,23,2026,5,01,25,25,50,50
7,23,2026,5,01,25,25,50,50
7,23,2026,5,02,25,25,50,50
7,23,2026,5,02,25,25,50,50
7,23,2026,5,02,25,25,50,50
7,23,2026,5,02,25,25,50,50
7,23,2026,5,02,25,25,50,50
7,23,2026,5,02,25,25,50,50
7,23,2026,5,03,25,25,50,50
7,23,2026,5,03,25,25,50,50
7,23,2026,5,03,25,25,50,50
7,23,2026,5,03,25,25,50,50
7,23,2026,5,03,25,25,50,50
7,23,2026,5,03,25,25,50,50
7,23,2026,5,04,25,25,50,50
7,23,2026,5,04,25,25,50,50
7,23,2026,5,04,25,25,50,50
7,23,2026,5,04,25,25,50,50
7,23,2026,5,04,25,25,50,50
7,23,2026,5,04,25,25,50,50
7,23,2026,5,05,25,25,50,50
7,23,2026,5,05,25,25,50,50
7,23,2026,5,05,25,25,50,50
7,23,2026,5,05,25,25,50,50
7,23,2026,5,05,25,25,50,50
7,23,2026,5,05,25,25,50,50
7,23,2026,5,06,25,25,50,50
7,23,2026,5,06,25,25,50,50
7,23,2026,5,06,25,25,50,50
7,23,2026,5,06,25,25,50,50
7,23,2026,5,06,25,25,50,50
7,23,2026,5,06,25,25,50,50
7,23,2026,5,07,25,25,50,50
7,23,2026,5,07,25,25,50,50
7,23,2026,5,07,25,25,50,50
7,23,2026,5,07,25,25,50,50
7,23,2026,5,07,25,25,50,50
7,23,2026,5,07,25,25,50,50
7,23,2026,5,08,25,25,50,50
7,23,2026,5,08,25,25,50,50
7,23,2026,5,08,25,25,50,50
7,23,2026,5,08,25,25,50,50
7,23,2026,5,08,25,25,50,50
7,23,2026,5,08,25,25,50,50
7,23,2026,5,09,25,25,50,50
7,23,2026,5,09,25,25,50,50
7,23,2026,5,09,25,25,50,50
7,23,2026,5,09,25,25,50,50
7,23,2026,5,09,25,25,50,50
7,23,2026,5,09,25,25,50,50
7,23,2026,5,10,25,25,50,50
7,23,2026,5,10,25,25,50,50
7,23,2026,5,10,25,25,50,50
7,23,2026,5,10,25,25,50,50
7,23,2026,5,10,25,25,50,50
7,23,2026,5,10,25,25,50,50
7,23,2026,5,11,25,25,50,50
7,23,2026,5,11,25,25,50,50
7,23,2026,5,11,25,25,50,50
7,23,2026,5,11,25,25,50,50
7,23,2026,5,11,25,25,50,50
7,23,2026,5,11,25,25,50,50
7,23,2026,5,12,25,25,50,50
7,23,2026,5,12,25,25,50,50
7,23,2026,5,12,25,25,50,50
7,23,2026,5,12,25,25,50,50
7,23,2026,5,12,25,25,50,50
7,23,2026,5,12,25,25,50,50
7,23,2026,5,13,25,25,50,50
7,23,2026,5,13,25,25,50,50
7,23,2026,5,13,25,25,50,50
7,23,2026,5,13,25,25,50,50
7,23,2026,5,13,25,25,50,50
7,23,2026,5,13,25,25,50,50
7,23,2026,5,14,25,25,50,50
7,23,2026,5,14,25,25,50,50
7,23,2026,5,14,25,25,50,50
7,23,2026,5,14,25,25,50,50
7,23,2026,5,14,25,25,50,50
7,23,2026,5,14,25,25,50,50
7,23,2026,5,15,25,25,50,50
7,23,2026,5,15,25,25,50,50
7,23,2026,5,15,25,25,50,50
7,23,2026,5,15,25,25,50,50
7,23,2026,5,15,25,25,50,50
7,23,2026,5,15,25,25,50,50
7,23,2026,5,16,25,25,50,50
7,23,2026,5,16,25,25,50,50
7,23,2026,5,16,25,25,50,50
7,23,2026,5,16,25,25,50,50
7,23,2026,5,16,25,25,50,50
7,23,2026,5,16,25,25,50,50
7,23,2026,5,17,25,25,50,50
7,23,2026,5,17,25,25,50,50
7,23,2026,5,17,25,25,50,50
7,23,2026,5,17,25,25,50,50
7,23,2026,5,17,25,25,50,50
7,23,2026,5,17,25,25,50,50
7,23,2026,5,18,25,25,50,50
7,23,2026,5,18,25,25,50,50
7,23,2026,5,18,25,25,50,50
7,23,2026,5,18,25,25,50,50
7,23,2026,5,18,25,25,50,50
7,23,2026,5,18,25,25,50,50
7,23,2026,5,19,25,25,50,50
7,23,2026,5,19,25,25,50,50
7,23,2026,5,19,25,25,50,50
7,23,2026,5,19,25,25,50,50
7,23,2026,5,19,25,25,50,50
7,23,2026,5,19,25,25,50,50
7,23,2026,5,20,25,25,50,50
7,23,2026,5,20,25,25,50,50
7,23,2026,5,20,25,25,50,50
7,23,2026,5,20,25,25,50,50
7,23,2026,5,20,25,25,50,50
7,23,2026,5,20,25,25,50,50
7,23,2026,5,21,25,25,50,50
7,23,2026,5,21,25,25,50,50
7,23,2026,5,21,25,25,50,50
7,23,2026,5,21,25,25,50,50
7,23,2026,5,21,25,25,50,50
7,23,2026,5,21,25,25,50,50
7,23,2026,5,22,25,25,50,50
7,23,2026,5,22,25,25,50,50
7,23,2026,5,22,25,25,50,50
7,23,2026,5,22,25,25,50,50
7,23,2026,5,22,25,25,50,50
7,23,2026,5,22,25,25,50,50
7,23,2026,5,23,25,25,50,50
7,23,2026,5,23,25,25,50,50
7,23,2026,5,23,25,25,50,50
7,23,2026,5,23,25,25,50,50
7,23,2026,5,23,25,25,50,50
7,23,2026,5,23,25,25,50,50
7,23,2026,5,24,25,25,50,50
7,23,2026,5,24,25,25,50,50
7,23,2026,5,24,25,25,50,50
7,23,2026,5,24,25,25,50,50
7,23,2026,5,24,25,25,50,50
7,23,2026,5,24,25,25,50,50
7,23,2026,5,25,25,25,50,50
7,23,2026,5,25,25,25,50,50
7,23,2026,5,25,25,25,50,50
7,23,2026,5,25,25,25,50,50
7,23,2026,5,25,25,25,50,50
7,23,2026,5,25,25,25,50,50
7,23,2026,5,26,25,25,50,50
7,23,2026,5,26,25,25,50,50
7,23,2026,5,26,25,25,50,50
7,23,2026,5,26,25,25,50,50
7,23,2026,5,26,25,25,50,50
7,23,2026,5,26,25,25,50,50
7,23,2026,5,27,25,25,50,50
7,23,2026,5,27,25,25,50,50
7,23,2026,5,27,25,25,50,50
7,23,2026,5,27,25,25,50,50
7,23,2026,5,27,25,25,50,50
7,23,2026,5,27,25,25,50,50
7,23,2026,5,28,25,25,50,50
7,23,2026,5,28,25,25,50,50
7,23,2026,5,28,25,25,50,50
7,23,2026,5,28,25,25,50,50
7,23,2026,5,28,25,25,50,50
7,23,2026,5,28,25,25,50,50
7,23,2026,5,29,25,25,50,50
7,23,2026,5,29,25,25,50,50
7,23,2026,5,29,25,25,50,50
7,23,2026,5,29,25,25,50,50
7,23,2026,5,29,25,25,50,50
7,23,2026,5,29,25,25,50,50
7,23,2026,5,30,25,25,50,50
7,23,2026,5,30,25,25,50,50
7,23,2026,5,30,25,25,50,50
7,23,2026,5,30,25,25,50,50
7,23,2026,5,30,25,25,50,50
7,23,2026,5,30,25,25,50,50
7,23,2026,5,31,25,25,50,50
7,23,2026,5,31,25,25,50,50
7,23,2026,5,31,25,25,50,50
7,23,2026,5,31,25,25,50,50
7,23,2026,5,31,25,25,50,50
7,23,2026,5,31,25,25,50,50
7,23,2026,5,32,25,25,50,50
7,23,2026,5,32,25,25,50,50
7,23,2026,5,32,25,25,50,50
7,23,2026,5,32,25,25,50,50
7,23,2026,5,32,25,25,50,50
7,23,2026,5,32,25,25,50,50
7,23,2026,5,33,25,25,50,50
7,23,2026,5,33,25,25,50,50
7,23,2026,5,33,25,25,50,50
7,23,2026,5,33,25,25,50,50
7,23,2026,5,33,25,25,50,50
7,23,2026,5,33,25,25,50,50
7,23,2026,5,34,25,25,50,50
7,23,2026,5,34,25,25,50,50
7,23,2026,5,34,25,25,50,50
7,23,2026,5,34,25,25,50,50
7,23,2026,5,34,25,25,50,50
7,23,2026,5,34,25,25,50,50
7,23,2026,5,35,25,25,50,50
7,23,2026,5,35,25,25,50,50
7,23,2026,5,35,25,25,50,50
7,23,2026,5,35,25,25,50,50
7,23,2026,5,35,25,25,50,50
7,23,2026,5,35,25,25,50,50
7,23,2026,5,36,25,25,50,50
7,23,2026,5,36,25,25,50,50
7,23,2026,5,36,25,25,50,50
7,23,2026,5,36,25,25,50,50
7,23,2026,5,36,25,25,50,50
7,23,2026,5,36,25,25,50,50
7,23,2026,5,37,25,25,50,50
7,23,2026,5,37,25,25,50,50
7,23,2026,5,37,25,25,50,50
7,23,2026,5,37,25,25,50,50
7,23,2026,5,37,25,25,50,50
7,23,2026,5,37,25,25,50,50
7,23,2026,5,38,25,25,50,50
7,23,2026,5,38,25,25,50,50
7,23,2026,5,38,25,25,50,50
7,23,2026,5,38,25,25,50,50
7,23,2026,5,38,25,25,50,50
7,23,2026,5,38,25,25,50,50
7,23,2026,5,39,25,25,50,50
7,23,2026,5,39,25,25,50,50
7,23,2026,5,39,25,25,50,50
7,23,2026,5,39,25,25,50,50
7,23,2026,5,39,25,25,50,50
7,23,2026,5,39,25,25,50,50
7,23,2026,5,40,25,25,50,50
7,23,2026,5,40,25,25,50,50
7,23,2026,5,40,25,25,50,50
7,23,2026,5,40,25,25,50,50
7,23,2026,5,40,25,25,50,50
7,23,2026,5,40,25,25,50,50
7,23,2026,5,41,25,25,50,50
7,23,2026,5,41,25,25,50,50
7,23,2026,5,41,25,25,50,50
7,23,2026,5,41,25,25,50,50
7,23,2026,5,41,25,25,50,50
7,23,2026,5,41,25,25,50,50
7,23,2026,5,42,25,25,50,50
7,23,2026,5,42,25,25,50,50
7,23,2026,5,42,25,25,50,50
7,23,2026,5,42,25,25,50,50
7,23,2026,5,42,25,25,50,50
7,23,2026,5,42,25,25,50,50
7,23,2026,5,43,25,25,50,50
7,23,2026,5,43,25,25,50,50
7,23,2026,5,43,25,25,50,50
7,23,2026,5,43,25,25,50,50
7,23,2026,5,43,25,25,50,50
7,23,2026,5,43,25,25,50,50
7,23,2026,5,44,25,25,50,50
7,23,2026,5,44,25,25,50,50
7,23,2026,5,44,25,25,50,50
7,23,2026,5,44,25,25,50,50
7,23,2026,5,44,25,25,50,50
7,23,2026,5,44,25,25,50,50
7,23,2026,5,45,25,25,50,50
7,23,2026,5,45,25,25,50,50
7,23,2026,5,45,25,25,50,50
7,23,2026,5,45,25,25,50,50
7,23,2026,5,45,25,25,50,50
7,23,2026,5,45,25,25,50,50
7,23,2026,5,46,25,25,50,50
7,23,2026,5,46,25,25,50,50
7,23,2026,5,46,25,25,50,50
7,23,2026,5,46,25,25,50,50
7,23,2026,5,46,25,25,50,50
7,23,2026,5,46,25,25,50,50
7,23,2026,5,47,25,25,50,50
7,23,2026,5,47,25,25,50,50
7,23,2026,5,47,25,25,50,50
7,23,2026,5,47,25,25,50,50
7,23,2026,5,47,25,25,50,50
7,23,2026,5,47,25,25,50,50
7,23,2026,5,48,25,25,50,50
7,23,2026,5,48,25,25,50,50
7,23,2026,5,48,25,25,50,50
7,23,2026,5,48,25,25,50,50
7,23,2026,5,48,25,25,50,50
7,23,2026,5,48,25,25,50,50
7,23,2026,5,49,25,25,50,50
7,23,2026,5,49,25,25,50,50
7,23,2026,5,49,25,25,50,50
7,23,2026,5,49,25,25,50,50
7,23,2026,5,49,25,25,50,50
7,23,2026,5,49,25,25,50,50
7,23,2026,5,50,25,25,50,50
7,23,2026,5,50,25,25,50,50
7,23,2026,5,50,25,25,50,50
7,23,2026,5,50,25,25,50,50
7,23,2026,5,50,25,25,50,50
7,23,2026,5,50,25,25,50,50
7,23,2026,5,51,25,25,50,50
7,23,2026,5,51,25,25,50,50
7,23,2026,5,51,25,25,50,50
7,23,2026,5,51,25,25,50,50
7,23,2026,5,51,25,25,50,50
7,23,2026,5,51,25,25,50,50
7,23,2026,5,52,25,25,50,50
7,23,2026,5,52,25,25,50,50
7,23,2026,5,52,25,25,50,50
7,23,2026,5,52,25,25,50,50
7,23,2026,5,52,25,25,50,50
7,23,2026,5,52,25,25,50,50
7,23,2026,5,53,25,25,50,50
7,23,2026,5,53,25,25,50,50
7,23,2026,5,53,25,25,50,50
7,23,2026,5,53,25,25,50,50
7,23,2026,5,53,25,25,50,50
7,23,2026,5,53,25,25,50,50
7,23,2026,5,54,25,25,50,50
7,23,2026,5,54,25,25,50,50
7,23,2026,5,54,25,25,50,50
7,23,2026,5,54,25,25,50,50
7,23,2026,5,54,25,25,50,50
7,23,2026,5,54,25,25,50,50
7,23,2026,5,55,25,25,50,50
7,23,2026,5,55,25,25,50,50
7,23,2026,5,55,25,25,50,50
7,23,2026,5,55,25,25,50,50
7,23,2026,5,55,25,25,50,50
7,23,2026,5,55,25,25,50,50
7,23,2026,5,56,25,25,50,50
7,23,2026,5,56,25,25,50,50
7,23,2026,5,56,25,25,50,50
7,23,2026,5,56,25,25,50,50
7,23,2026,5,56,25,25,50,50
7,23,2026,5,56,25,25,50,50
7,23,2026,5,57,25,25,50,50
7,23,2026,5,57,25,25,50,50
7,23,2026,5,57,25,25,50,50
7,23,2026,5,57,25,25,50,50
7,23,2026,5,57,25,25,50,50
7,23,2026,5,57,25,25,50,50
7,23,2026,5,58,25,25,50,50
7,23,2026,5,58,25,25,50,50
7,23,2026,5,58,25,25,50,50
7,23,2026,5,58,25,25,50,50
7,23,2026,5,58,25,25,50,50
7,23,2026,5,58,25,25,50,50
7,23,2026,5,59,25,25,50,50
7,23,2026,5,59,25,25,50,50
7,23,2026,5,59,25,25,50,50
7,23,2026,5,59,25,25,50,50
7,23,2026,5,59,25,25,50,50
7,23,2026,5,59,25,25,50,50
7,23,2026,6,00,25,25,50,50
7,23,2026,6,00,25,25,50,50
7,23,2026,6,00,25,25,50,50
7,23,2026,6,00,25,25,50,50
7,23,2026,6,00,25,25,50,50
7,23,2026,6,00,25,25,50,50
7,23,2026,6,01,25,25,50,50
7,23,2026,6,01,25,25,50,50
7,23,2026,6,01,25,25,50,50
7,23,2026,6,01,25,25,50,50
7,23,2026,6,01,25,25,50,50
7,23,2026,6,01,25,25,50,50
7,23,2026,6,02,25,25,50,50
7,23,2026,6,02,25,25,50,50
7,23,2026,6,02,25,25,50,50
7,23,2026,6,02,25,25,50,50
7,23,2026,6,02,25,25,50,50
7,23,2026,6,02,25,25,50,50
7,23,2026,6,03,25,25,50,50
7,23,2026,6,03,25,25,50,50
7,23,2026,6,03,25,25,50,50
7,23,2026,6,03,25,25,50,50
7,23,2026,6,03,25,25,50,50
7,23,2026,6,03,25,25,50,50
7,23,2026,6,04,25,25,50,50
7,23,2026,6,04,25,25,50,50
7,23,2026,6,04,25,25,50,50
7,23,2026,6,04,25,25,50,50
7,23,2026,6,04,25,25,50,50
7,23,2026,6,04,25,25,50,50
7,23,2026,6,05,25,25,50,50
7,23,2026,6,05,25,25,50,50
7,23,2026,6,05,25,25,50,50
7,23,2026,6,05,25,25,50,50
7,23,2026,6,05,25,25,50,50
7,23,2026,6,05,25,25,50,50
7,23,2026,6,06,25,25,50,50
7,23,2026,6,06,25,25,50,50
7,23,2026,6,06,25,25,50,50
7,23,2026,6,06,25,25,50,50
7,23,2026,6,06,25,25,50,50
7,23,2026,6,06,25,25,50,50
7,23,2026,6,07,25,25,50,50
7,23,2026,6,07,25,25,50,50
7,23,2026,6,07,25,25,50,50
7,23,2026,6,07,25,25,50,50
7,23,2026,6,07,25,25,50,50
7,23,2026,6,07,25,25,50,50
7,23,2026,6,08,25,25,50,50
7,23,2026,6,08,25,25,50,50
7,23,2026,6,08,25,25,50,50
7,23,2026,6,08,25,25,50,50
7,23,2026,6,08,25,25,50,50
7,23,2026,6,08,25,25,50,50
7,23,2026,6,09,25,25,50,50
7,23,2026,6,09,25,25,50,50
7,23,2026,6,09,25,25,50,50
7,23,2026,6,09,25,25,50,50
7,23,2026,6,09,25,25,50,50
7,23,2026,6,09,25,25,50,50
7,23,2026,6,10,25,25,50,50
7,23,2026,6,10,25,25,50,50
7,23,2026,6,10,25,25,50,50
7,23,2026,6,10,25,25,50,50
7,23,2026,6,10,25,25,50,50
7,23,2026,6,10,25,25,50,50
7,23,2026,6,11,25,25,50,50
7,23,2026,6,11,25,25,50,50
7,23,2026,6,11,25,25,50,50
7,23,2026,6,11,25,25,50,50
7,23,2026,6,11,25,25,50,50
7,23,2026,6,11,25,25,50,50
7,23,2026,6,12,25,25,50,50
7,23,2026,6,12,25,25,50,50
7,23,2026,6,12,25,25,50,50
7,23,2026,6,12,25,25,50,50
7,23,2026,6,12,25,25,50,50
7,23,2026,6,12,25,25,50,50
7,23,2026,6,13,25,25,50,50
7,23,2026,6,13,25,25,50,50
7,23,2026,6,13,25,25,50,50
7,23,2026,6,13,25,25,50,50
7,23,2026,6,13,25,25,50,50
7,23,2026,6,13,25,25,50,50
7,23,2026,6,14,25,25,50,50
7,23,2026,6,14,25,25,50,50
7,23,2026,6,14,25,25,50,50
7,23,2026,6,14,25,25,50,50
7,23,2026,6,14,25,25,50,50
7,23,2026,6,14,25,25,50,50
7,23,2026,6,15,25,25,50,50
7,23,2026,6,15,25,25,50,50
7,23,2026,6,15,25,25,50,50
7,23,2026,6,15,25,25,50,50
7,23,2026,6,15,25,25,50,50
7,23,2026,6,15,25,25,50,50
7,23,2026,6,16,25,25,50,50
7,23,2026,6,16,25,25,50,50
7,23,2026,6,16,25,25,50,50
7,23,2026,6,16,25,25,50,50
7,23,2026,6,16,25,25,50,50
7,23,2026,6,16,25,25,50,50
7,23,2026,6,17,25,25,50,50
7,23,2026,6,17,25,25,50,50
7,23,2026,6,17,25,25,50,50
7,23,2026,6,17,25,25,50,50
7,23,2026,6,17,25,25,50,50
7,23,2026,6,17,25,25,50,50
7,23,2026,6,18,25,25,50,50
7,23,2026,6,18,25,25,50,50
7,23,2026,6,18,25,25,50,50
7,23,2026,6,18,25,25,50,50
7,23,2026,6,18,25,25,50,50
7,23,2026,6,18,25,25,50,50
7,23,2026,6,19,25,25,50,50
7,23,2026,6,19,25,25,50,50
7,23,2026,6,19,25,25,50,50
7,23,2026,6,19,25,25,50,50
7,23,2026,6,19,25,25,50,50
7,23,2026,6,19,25,25,50,50
7,23,2026,6,20,25,25,50,50
7,23,2026,6,20,25,25,50,50
7,23,2026,6,20,25,25,50,50
7,23,2026,6,20,25,25,50,50
7,23,2026,6,20,25,25,50,50
7,23,2026,6,20,25,25,50,50
7,23,2026,6,21,25,25,50,50
7,23,2026,6,21,25,25,50,50
7,23,2026,6,21,25,25,50,50
7,23,2026,6,21,25,25,50,50
7,23,2026,6,21,25,25,50,50
7,23,2026,6,21,25,25,50,50
7,23,2026,6,22,25,25,50,50
7,23,2026,6,22,25,25,50,50
7,23,2026,6,22,25,25,50,50
7,23,2026,6,22,25,25,50,50
7,23,2026,6,22,25,25,50,50
7,23,2026,6,22,25,25,50,50
7,23,2026,6,23,25,25,50,50
7,23,2026,6,23,25,25,50,50
7,23,2026,6,23,25,25,50,50
7,23,2026,6,23,25,25,50,50
7,23,2026,6,23,25,25,50,50
7,23,2026,6,23,25,25,50,50
7,23,2026,6,24,25,25,50,50
7,23,2026,6,24,25,25,50,50
7,23,2026,6,24,25,25,50,50
7,23,2026,6,24,25,25,50,50
7,23,2026,6,24,25,25,50,50
7,23,2026,6,24,25,25,50,50
7,23,2026,6,25,25,25,50,50
7,23,2026,6,25,25,25,50,50
7,23,2026,6,25,25,25,50,50
7,23,2026,6,25,25,25,50,50
7,23,2026,6,25,25,25,50,50
7,23,2026,6,25,25,25,50,50
7,23,2026,6,26,25,25,50,50
7,23,2026,6,26,25,25,50,50
7,23,2026,6,26,25,25,50,50
7,23,2026,6,26,25,25,50,50
7,23,2026,6,26,25,25,50,50
7,23,2026,6,26,25,25,50,50
7,23,2026,6,27,25,25,50,50
7,23,2026,6,27,25,25,50,50
7,23,2026,6,27,25,25,50,50
7,23,2026,6,27,25,25,50,50
7,23,2026,6,27,25,25,50,50
7,23,2026,6,27,25,25,50,50
7,23,2026,6,28,25,25,50,50
7,23,2026,6,28,25,25,50,50
7,23,2026,6,28,25,25,50,50
7,23,2026,6,28,25,25,50,50
7,23,2026,6,28,25,25,50,50
7,23,2026,6,28,25,25,50,50
7,23,2026,6,29,25,25,50,50
7,23,2026,6,29,25,25,50,50
7,23,2026,6,29,25,25,50,50
7,23,2026,6,29,25,25,50,50
7,23,2026,6,29,25,25,50,50
7,23,2026,6,29,25,25,50,50
7,23,2026,6,30,25,25,50,50
7,23,2026,6,30,25,25,50,50
7,23,2026,6,30,25,25,50,50
7,23,2026,6,30,25,25,50,50
7,23,2026,6,30,25,25,50,50
7,23,2026,6,30,25,25,50,50
7,23,2026,6,31,25,25,50,50
7,23,2026,6,31,25,25,50,50
7,23,2026,6,31,25,25,50,50
7,23,2026,6,31,25,25,50,50
7,23,2026,6,31,25,25,50,50
7,23,2026,6,31,25,25,50,50
7,23,2026,6,32,25,25,50,50
7,23,2026,6,32,25,25,50,50
7,23,2026,6,32,25,25,50,50
7,23,2026,6,32,25,25,50,50
7,23,2026,6,32,25,25,50,50
7,23,2026,6,32,25,25,50,50
7,23,2026,6,33,25,25,50,50
7,23,2026,6,33,25,25,50,50
7,23,2026,6,33,25,25,50,50
7,23,2026,6,33,25,25,50,50
7,23,2026,6,33,25,25,50,50
7,23,2026,6,33,25,25,50,50
7,23,2026,6,34,25,25,50,50
7,23,2026,6,34,25,25,50,50
7,23,2026,6,34,25,25,50,50
7,23,2026,6,34,25,25,50,50
7,23,2026,6,34,25,25,50,50
7,23,2026,6,34,25,25,50,50
7,23,2026,6,35,25,25,50,50
7,23,2026,6,35,25,25,50,50
7,23,2026,6,35,25,25,50,50
7,23,2026,6,35,25,25,50,50
7,23,2026,6,35,25,25,50,50
7,23,2026,6,35,25,25,50,50
7,23,2026,6,36,25,25,50,50
7,23,2026,6,36,25,25,50,50
7,23,2026,6,36,25,25,50,50
7,23,2026,6,36,25,25,50,50
7,23,2026,6,36,25,25,50,50
7,23,2026,6,36,25,25,50,50
7,23,2026,6,37,25,25,50,50
7,23,2026,6,37,25,25,50,50
7,23,2026,6,37,25,25,50,50
7,23,2026,6,37,25,25,50,50
7,23,2026,6,37,25,25,50,50
7,23,2026,6,37,25,25,50,50
7,23,2026,6,38,25,25,50,50
7,23,2026,6,38,25,25,50,50
7,23,2026,6,38,25,25,50,50
7,23,2026,6,38,25,25,50,50
7,23,2026,6,38,25,25,50,50
7,23,2026,6,38,25,25,50,50
7,23,2026,6,39,25,25,50,50
7,23,2026,6,39,25,25,50,50
7,23,2026,6,39,25,25,50,50
7,23,2026,6,39,25,25,50,50
7,23,2026,6,39,25,25,50,50
7,23,2026,6,39,25,25,50,50
7,23,2026,6,40,25,25,50,50
7,23,2026,6,40,25,25,50,50
7,23,2026,6,40,25,25,50,50
7,23,2026,6,40,25,25,50,50
7,23,2026,6,40,25,25,50,50
7,23,2026,6,40,25,25,50,50
7,23,2026,6,41,25,25,50,50
7,23,2026,6,41,25,25,50,50
7,23,2026,6,41,25,25,50,50
7,23,2026,6,41,25,25,50,50
7,23,2026,6,41,25,25,50,50
7,23,2026,6,41,25,25,50,50
7,23,2026,6,42,25,25,50,50
7,23,2026,6,42,25,25,50,50
7,23,2026,6,42,25,25,50,50
7,23,2026,6,42,25,25,50,50
7,23,2026,6,42,25,25,50,50
7,23,2026,6,42,25,25,50,50
7,23,2026,6,43,25,25,50,50
7,23,2026,6,43,25,25,50,50
7,23,2026,6,43,25,25,50,50
7,23,2026,6,43,25,25,51,50
7,23,2026,6,43,25,25,51,50
7,23,2026,6,43,25,25,51,50
7,23,2026,6,44,25,25,51,50
7,23,2026,6,44,25,25,51,50
7,23,2026,6,44,25,25,51,50
7,23,2026,6,44,25,25,51,50
7,23,2026,6,44,25,25,51,50
7,23,2026,6,44,25,25,51,50
7,23,2026,6,45,25,25,51,50
7,23,2026,6,45,25,25,51,50
7,23,2026,6,45,25,25,51,50
7,23,2026,6,45,25,25,51,50
7,23,2026,6,45,25,25,51,50
7,23,2026,6,45,25,25,51,50
7,23,2026,6,46,25,25,51,50
7,23,2026,6,46,25,25,51,50
7,23,2026,6,46,25,25,51,50
7,23,2026,6,46,25,25,51,50
7,23,2026,6,46,25,25,51,50
7,23,2026,6,46,25,25,50,50
7,23,2026,6,47,25,25,50,50
7,23,2026,6,47,25,25,50,50
7,23,2026,6,47,25,25,50,50
7,23,2026,6,47,25,25,50,50
7,23,2026,6,47,25,25,50,50
7,23,2026,6,47,25,25,50,50
7,23,2026,6,48,25,25,50,50
7,23,2026,6,48,25,25,50,50
7,23,2026,6,48,25,25,50,50
7,23,2026,6,48,25,25,50,50
7,23,2026,6,48,25,25,50,50
7,23,2026,6,48,25,25,50,50
7,23,2026,6,49,25,25,50,50
7,23,2026,6,49,25,25,50,50
7,23,2026,6,49,25,25,50,50
7,23,2026,6,49,25,25,50,50
7,23,2026,6,49,25,25,50,50
7,23,2026,6,49,25,25,50,50
7,23,2026,6,50,25,25,50,50
7,23,2026,6,50,25,25,50,50
7,23,2026,6,50,25,25,50,50
7,23,2026,6,50,25,25,50,50
7,23,2026,6,50,25,25,50,50
7,23,2026,6,50,25,25,50,50
7,23,2026,6,51,25,25,50,50
7,23,2026,6,51,25,25,50,50
7,23,2026,6,51,25,25,50,50
7,23,2026,6,51,25,25,50,50
7,23,2026,6,51,25,25,50,50
7,23,2026,6,51,25,25,50,50
7,23,2026,6,52,25,25,50,50
7,23,2026,6,52,25,25,50,50
7,23,2026,6,52,25,25,50,50
7,23,2026,6,52,25,25,50,50
7,23,2026,6,52,25,25,50,50
7,23,2026,6,52,25,25,50,50
7,23,2026,6,53,25,25,50,50
7,23,2026,6,53,25,25,50,50
7,23,2026,6,53,25,25,50,50
7,23,2026,6,53,25,25,50,50
7,23,2026,6,53,25,25,50,50
7,23,2026,6,53,25,25,50,50
7,23,2026,6,54,25,25,50,50
7,23,2026,6,54,25,25,50,50
7,23,2026,6,54,25,25,50,50
7,23,2026,6,54,25,25,50,50
7,23,2026,6,54,25,25,50,50
7,23,2026,6,54,25,25,50,50
7,23,2026,6,55,25,25,50,50
7,23,2026,6,55,25,25,50,50
7,23,2026,6,55,25,25,50,50
7,23,2026,6,55,25,25,50,50
7,23,2026,6,55,25,25,50,50
7,23,2026,6,55,25,25,50,50
7,23,2026,6,56,25,25,50,50
7,23,2026,6,56,25,25,50,50
7,23,2026,6,56,25,25,50,50
7,23,2026,6,56,25,25,50,50
7,23,2026,6,56,25,25,50,50
7,23,2026,6,56,25,25,50,50
7,23,2026,6,57,25,25,50,50
7,23,2026,6,57,25,25,50,50
7,23,2026,6,57,25,25,50,50
7,23,2026,6,57,25,25,50,50
7,23,2026,6,57,25,25,50,50
7,23,2026,6,57,25,25,50,50
7,23,2026,6,58,25,25,50,50
7,23,2026,6,58,25,25,50,50
7,23,2026,6,58,25,25,50,50
7,23,2026,6,58,25,25,50,50
7,23,2026,6,58,25,25,50,50
7,23,2026,6,58,25,25,50,50
7,23,2026,6,59,25,25,50,50
7,23,2026,6,59,25,25,50,50
7,23,2026,6,59,25,25,50,50
7,23,2026,6,59,25,25,50,50
7,23,2026,6,59,25,25,50,50
7,23,2026,6,59,25,25,50,50
7,23,2026,7,00,25,25,50,50
7,23,2026,7,00,25,25,50,50
7,23,2026,7,00,25,25,50,50
7,23,2026,7,00,25,25,50,50
7,23,2026,7,00,25,25,50,50
7,23,2026,7,00,25,25,50,50
7,23,2026,7,01,25,25,50,50
7,23,2026,7,01,25,25,50,50
7,23,2026,7,01,25,25,50,50
7,23,2026,7,01,25,25,50,50
7,23,2026,7,01,25,25,50,50
7,23,2026,7,01,25,25,50,50
7,23,2026,7,02,25,25,50,50
7,23,2026,7,02,25,25,50,50
7,23,2026,7,02,25,25,50,50
7,23,2026,7,02,25,25,50,50
7,23,2026,7,02,25,25,50,50
7,23,2026,7,02,25,25,50,50
7,23,2026,7,03,25,25,50,50
7,23,2026,7,03,25,25,50,50
7,23,2026,7,03,25,25,50,50
7,23,2026,7,03,25,25,50,50
7,23,2026,7,03,25,25,50,50
7,23,2026,7,03,25,25,50,50
7,23,2026,7,04,25,25,50,50
7,23,2026,7,04,25,25,50,50
7,23,2026,7,04,25,25,50,50
7,23,2026,7,04,25,25,50,50
7,23,2026,7,04,25,25,50,50
7,23,2026,7,04,25,25,50,50
7,23,2026,7,05,25,25,50,50
7,23,2026,7,05,25,25,50,50
7,23,2026,7,05,25,25,50,50
7,23,2026,7,05,25,25,50,50
7,23,2026,7,05,25,25,50,50
7,23,2026,7,05,25,25,50,50
7,23,2026,7,06,25,25,50,50
7,23,2026,7,06,25,25,50,50
7,23,2026,7,06,25,25,50,50
7,23,2026,7,06,25,25,50,50
7,23,2026,7,06,25,25,50,50
7,23,2026,7,06,25,25,50,50
7,23,2026,7,07,25,25,50,50
7,23,2026,7,07,25,25,50,50
7,23,2026,7,07,25,25,50,50
7,23,2026,7,07,25,25,50,50
7,23,2026,7,07,25,25,50,50
7,23,2026,7,07,25,25,50,50
7,23,2026,7,08,25,25,50,50
7,23,2026,7,08,25,25,50,50
7,23,2026,7,08,25,25,50,50
7,23,2026,7,08,25,25,50,50
7,23,2026,7,08,25,25,50,50
7,23,2026,7,08,25,25,50,50
7,23,2026,7,09,25,25,50,50
7,23,2026,7,09,25,25,50,50
7,23,2026,7,09,25,25,50,50
7,23,2026,7,09,25,25,50,50
7,23,2026,7,09,25,25,50,50
7,23,2026,7,09,25,25,50,50
7,23,2026,7,10,25,25,50,50
7,23,2026,7,10,25,25,50,50
7,23,2026,7,10,25,25,50,50
7,23,2026,7,10,25,25,50,50
7,23,2026,7,10,25,25,50,50
7,23,2026,7,10,25,25,50,50
7,23,2026,7,11,25,25,50,50
7,23,2026,7,11,25,25,50,50
7,23,2026,7,11,25,25,50,50
7,23,2026,7,11,25,25,50,50
7,23,2026,7,11,25,25,50,50
7,23,2026,7,11,25,25,50,50
7,23,2026,7,12,25,25,50,50
7,23,2026,7,12,25,25,50,50
7,23,2026,7,12,25,25,50,50
7,23,2026,7,12,25,25,50,50
7,23,2026,7,12,25,25,50,50
7,23,2026,7,12,25,25,50,50
7,23,2026,7,13,25,25,50,50
7,23,2026,7,13,25,25,50,50
7,23,2026,7,13,25,25,50,50
7,23,2026,7,13,25,25,50,50
7,23,2026,7,13,25,25,50,50
7,23,2026,7,13,25,25,50,50
7,23,2026,7,14,25,25,50,50
7,23,2026,7,14,25,25,50,50
7,23,2026,7,14,25,25,50,50
7,23,2026,7,14,25,25,50,50
7,23,2026,7,14,25,25,50,50
7,23,2026,7,14,25,25,50,50
7,23,2026,7,15,25,25,50,50
7,23,2026,7,15,25,25,50,50
7,23,2026,7,15,25,25,50,50
7,23,2026,7,15,25,25,50,50
7,23,2026,7,15,25,25,50,50
7,23,2026,7,15,25,25,50,50
7,23,2026,7,16,25,25,50,50
7,23,2026,7,16,25,25,50,50
7,23,2026,7,16,25,25,50,50
7,23,2026,7,16,25,25,50,50
7,23,2026,7,16,25,25,50,50
7,23,2026,7,16,25,25,50,50
7,23,2026,7,17,25,25,50,50
7,23,2026,7,17,25,25,50,50
7,23,2026,7,17,25,25,50,50
7,23,2026,7,17,25,25,50,50
7,23,2026,7,17,25,25,50,50
7,23,2026,7,17,25,25,50,50
7,23,2026,7,18,25,25,50,50
7,23,2026,7,18,25,25,50,50
7,23,2026,7,18,25,25,50,50
7,23,2026,7,18,25,25,50,50
7,23,2026,7,18,25,25,50,50
7,23,2026,7,18,25,25,50,50
7,23,2026,7,19,25,25,50,50
7,23,2026,7,19,25,25,50,50
7,23,2026,7,19,25,25,50,50
7,23,2026,7,19,25,25,50,50
7,23,2026,7,19,25,25,50,50
7,23,2026,7,19,25,25,50,50
7,23,2026,7,20,25,25,50,50
7,23,2026,7,20,25,25,50,50
7,23,2026,7,20,25,25,50,50
7,23,2026,7,20,25,25,50,50
7,23,2026,7,20,25,25,50,50
7,23,2026,7,20,25,25,50,50
7,23,2026,7,21,25,25,50,50
7,23,2026,7,21,25,25,50,50
7,23,2026,7,21,25,25,50,50
7,23,2026,7,21,25,25,50,50
7,23,2026,7,21,25,25,50,50
7,23,2026,7,21,25,25,50,50
7,23,2026,7,22,25,25,50,50
7,23,2026,7,22,25,25,50,50
7,23,2026,7,22,25,25,50,50
7,23,2026,7,22,25,25,50,50
7,23,2026,7,22,25,25,50,50
7,23,2026,7,22,25,25,50,50
7,23,2026,7,23,25,25,50,50
7,23,2026,7,23,25,25,50,50
7,23,2026,7,23,25,25,50,50
7,23,2026,7,23,25,25,50,50
7,23,2026,7,23,25,25,50,50
7,23,2026,7,23,25,25,50,50
7,23,2026,7,24,25,25,50,50
7,23,2026,7,24,25,25,50,50
7,23,2026,7,24,25,25,50,50
7,23,2026,7,24,25,25,50,50
7,23,2026,7,24,25,25,50,50
7,23,2026,7,24,25,25,50,50
7,23,2026,7,25,25,25,50,50
7,23,2026,7,25,25,25,50,50
7,23,2026,7,25,25,25,50,50
7,23,2026,7,25,25,25,50,50
7,23,2026,7,25,25,25,50,50
7,23,2026,7,25,25,25,50,50
7,23,2026,7,26,25,25,50,50
7,23,2026,7,26,25,25,50,50
7,23,2026,7,26,25,25,50,50
7,23,2026,7,26,25,25,50,50
7,23,2026,7,26,25,25,50,50
7,23,2026,7,26,25,25,50,50
7,23,2026,7,27,25,25,50,50
7,23,2026,7,27,25,25,50,50
7,23,2026,7,27,25,25,50,50
7,23,2026,7,27,25,25,50,50
7,23,2026,7,27,25,25,50,50
7,23,2026,7,27,25,25,50,50
7,23,2026,7,28,25,25,50,50
7,23,2026,7,28,25,25,50,50
7,23,2026,7,28,25,25,50,50
7,23,2026,7,28,25,25,50,50
7,23,2026,7,28,25,25,50,50
7,23,2026,7,28,25,25,50,50
7,23,2026,7,29,25,25,50,50
7,23,2026,7,29,25,25,50,50
7,23,2026,7,29,25,25,50,50
7,23,2026,7,29,25,25,50,50
7,23,2026,7,29,25,25,50,50
7,23,2026,7,29,25,25,50,50
7,23,2026,7,30,25,25,50,50
7,23,2026,7,30,25,25,50,50
7,23,2026,7,30,25,25,50,50
7,23,2026,7,30,25,25,50,50
7,23,2026,7,30,25,25,50,50
7,23,2026,7,30,25,25,50,50
7,23,2026,7,31,25,25,50,50
7,23,2026,7,31,25,25,50,50
7,23,2026,7,31,25,25,50,50
7,23,2026,7,31,25,25,50,50
7,23,2026,7,31,25,25,50,50
7,23,2026,7,31,25,25,50,50
7,23,2026,7,32,25,25,50,50
7,23,2026,7,32,25,25,50,50
7,23,2026,7,32,25,25,50,50
7,23,2026,7,32,25,25,50,50
7,23,2026,7,32,25,25,50,50
7,23,2026,7,32,25,25,50,50
7,23,2026,7,33,25,25,50,50
7,23,2026,7,33,25,25,50,50
7,23,2026,7,33,25,25,50,50
7,23,2026,7,33,25,25,50,50
7,23,2026,7,33,25,25,50,50
7,23,2026,7,33,25,25,50,50
7,23,2026,7,34,25,25,50,50
7,23,2026,7,34,25,25,50,50
7,23,2026,7,34,25,25,50,50
7,23,2026,7,34,25,25,50,50
7,23,2026,7,34,25,25,50,50
7,23,2026,7,34,25,25,50,50
7,23,2026,7,35,25,25,50,50
7,23,2026,7,35,25,25,50,50
7,23,2026,7,35,25,25,50,50
7,23,2026,7,35,25,25,50,50
7,23,2026,7,35,25,25,50,50
7,23,2026,7,35,25,25,50,50
7,23,2026,7,36,25,25,50,50
7,23,2026,7,36,25,25,50,50
7,23,2026,7,36,25,25,50,50
7,23,2026,7,36,25,25,50,50
7,23,2026,7,36,25,25,50,50
7,23,2026,7,36,25,25,50,50
7,23,2026,7,37,25,25,50,50
7,23,2026,7,37,25,25,50,50
7,23,2026,7,37,25,25,50,50
7,23,2026,7,37,25,25,50,50
7,23,2026,7,37,25,25,50,50
7,23,2026,7,37,25,25,50,50
7,23,2026,7,38,25,25,50,50
7,23,2026,7,38,25,25,50,50
7,23,2026,7,38,25,25,50,50
7,23,2026,7,38,25,25,50,50
7,23,2026,7,38,25,25,50,50
7,23,2026,7,38,25,25,50,50
7,23,2026,7,39,25,25,50,50
7,23,2026,7,39,25,25,50,50
7,23,2026,7,39,25,25,50,50
7,23,2026,7,39,25,25,50,50
7,23,2026,7,39,25,25,50,50
7,23,2026,7,39,25,25,50,50
7,23,2026,7,40,25,25,50,50
7,23,2026,7,40,25,25,50,50
7,23,2026,7,40,25,25,50,50
7,23,2026,7,40,25,25,50,50
7,23,2026,7,40,25,25,50,50
7,23,2026,7,40,25,25,50,50
7,23,2026,7,41,25,25,50,50
7,23,2026,7,41,25,25,50,50
7,23,2026,7,41,25,25,50,50
7,23,2026,7,41,25,25,50,50
7,23,2026,7,41,25,25,50,50
7,23,2026,7,41,25,25,50,50
7,23,2026,7,42,25,25,50,50
7,23,2026,7,42,25,25,50,50
7,23,2026,7,42,25,25,50,50
7,23,2026,7,42,25,25,50,50
7,23,2026,7,42,25,25,50,50
7,23,2026,7,42,25,25,50,50
7,23,2026,7,43,25,25,50,50
7,23,2026,7,43,25,25,50,50
7,23,2026,7,43,25,25,50,50
7,23,2026,7,43,25,25,50,50
7,23,2026,7,43,25,25,50,50
7,23,2026,7,43,25,25,50,50
7,23,2026,7,44,25,25,50,50
7,23,2026,7,44,25,25,50,50
7,23,2026,7,44,25,25,50,50
7,23,2026,7,44,25,25,50,50
7,23,2026,7,44,25,25,50,50
7,23,2026,7,44,25,25,50,50
7,23,2026,7,45,25,25,50,50
7,23,2026,7,45,25,25,50,50
7,23,2026,7,45,25,25,50,50
7,23,2026,7,45,25,25,50,50
7,23,2026,7,45,25,25,50,50
7,23,2026,7,45,25,25,50,50
7,23,2026,7,46,25,25,50,50
7,23,2026,7,46,25,25,50,50
7,23,2026,7,46,25,25,50,50
7,23,2026,7,46,25,25,50,50
7,23,2026,7,46,25,25,50,50
7,23,2026,7,46,25,25,50,50
7,23,2026,7,47,25,25,50,50
7,23,2026,7,47,25,25,50,50
7,23,2026,7,47,25,25,50,50
7,23,2026,7,47,25,25,50,50
7,23,2026,7,47,25,25,50,50
7,23,2026,7,47,25,25,50,50
7,23,2026,7,48,25,25,50,50
7,23,2026,7,48,25,25,50,50
7,23,2026,7,48,25,25,50,50
7,23,2026,7,48,25,25,50,50
7,23,2026,7,48,25,25,50,50
7,23,2026,7,48,25,25,50,50
7,23,2026,7,49,25,25,50,50
7,23,2026,7,49,25,25,50,50
7,23,2026,7,49,25,25,50,50
7,23,2026,7,49,25,25,50,50
7,23,2026,7,49,25,25,50,50
7,23,2026,7,49,25,25,50,50
7,23,2026,7,50,25,25,50,50
7,23,2026,7,50,25,25,50,50
7,23,2026,7,50,25,25,50,50
7,23,2026,7,50,25,25,50,50
7,23,2026,7,50,25,25,50,50
7,23,2026,7,50,25,25,50,50
7,23,2026,7,51,25,25,50,50
7,23,2026,7,51,25,25,50,50
7,23,2026,7,51,25,25,50,50
7,23,2026,7,51,25,25,50,50
7,23,2026,7,51,25,25,50,50
7,23,2026,7,51,25,25,50,50
7,23,2026,7,52,25,25,50,50
7,23,2026,7,52,25,25,50,50
7,23,2026,7,52,25,25,50,50
7,23,2026,7,52,25,25,50,50
7,23,2026,7,52,25,25,50,50
7,23,2026,7,52,25,25,50,50
7,23,2026,7,53,25,25,50,50
7,23,2026,7,53,25,25,50,50
7,23,2026,7,53,25,25,50,50
7,23,2026,7,53,25,25,50,50
7,23,2026,7,53,25,25,50,50
7,23,2026,7,53,25,25,50,50
7,23,2026,7,54,25,25,50,50
7,23,2026,7,54,25,25,50,50
7,23,2026,7,54,25,25,50,50
7,23,2026,7,54,25,25,50,50
7,23,2026,7,54,25,25,50,50
7,23,2026,7,54,25,25,50,50
7,23,2026,7,55,25,25,50,50
7,23,2026,7,55,25,25,50,50
7,23,2026,7,55,25,25,50,50
7,23,2026,7,55,25,25,50,50
7,23,2026,7,55,25,25,50,50
7,23,2026,7,55,25,25,50,50
7,23,2026,7,56,25,25,50,50
7,23,2026,7,56,25,25,50,50
7,23,2026,7,56,25,25,50,50
7,23,2026,7,56,25,25,50,50
7,23,2026,7,56,25,25,50,50
7,23,2026,7,56,25,25,50,50
7,23,2026,7,57,25,25,50,50
7,23,2026,7,57,25,25,50,50
7,23,2026,7,57,25,25,50,50
7,23,2026,7,57,25,25,50,50
7,23,2026,7,57,25,25,50,50
7,23,2026,7,57,25,25,50,50
7,23,2026,7,58,25,25,50,50
7,23,2026,7,58,25,25,50,50
7,23,2026,7,58,25,25,50,50
7,23,2026,7,58,25,25,50,50
7,23,2026,7,58,25,25,50,50
7,23,2026,7,58,25,25,50,50
7,23,2026,7,59,25,25,50,50
7,23,2026,7,59,25,25,50,50
7,23,2026,7,59,25,25,50,50
7,23,2026,7,59,25,25,50,50
7,23,2026,7,59,25,25,50,50
7,23,2026,7,59,25,25,50,50
7,23,2026,8,00,25,25,50,50
7,23,2026,8,00,25,25,50,50
7,23,2026,8,00,25,25,50,50
7,23,2026,8,00,25,25,50,50
7,23,2026,8,00,25,25,50,50
7,23,2026,8,00,25,25,50,50
7,23,2026,8,01,25,25,50,50
7,23,2026,8,01,25,25,50,50
7,23,2026,8,01,25,25,50,50
7,23,2026,8,01,25,25,50,50
7,23,2026,8,01,25,25,50,50
7,23,2026,8,01,25,25,50,50
7,23,2026,8,02,25,25,50,50
7,23,2026,8,02,25,25,50,50
7,23,2026,8,02,25,25,50,50
7,23,2026,8,02,25,25,50,50
7,23,2026,8,02,25,25,50,50
7,23,2026,8,02,25,25,50,50
7,23,2026,8,03,25,25,50,50
7,23,2026,8,03,25,25,50,50
7,23,2026,8,03,25,25,50,50
7,23,2026,8,03,25,25,50,50
7,23,2026,8,03,25,25,50,50
7,23,2026,8,03,25,25,50,50
7,23,2026,8,04,25,25,50,50
7,23,2026,8,04,25,25,50,50
7,23,2026,8,04,25,25,50,50
7,23,2026,8,04,25,25,50,50
7,23,2026,8,04,25,25,50,50
7,23,2026,8,04,25,25,50,50
7,23,2026,8,05,25,25,50,50
7,23,2026,8,05,25,25,50,50
7,23,2026,8,05,25,25,50,50
7,23,2026,8,05,25,25,50,50
7,23,2026,8,05,25,25,50,50
7,23,2026,8,05,25,25,50,50
7,23,2026,8,06,25,25,50,50
7,23,2026,8,06,25,25,50,50
7,23,2026,8,06,25,25,50,50
7,23,2026,8,06,25,25,50,50
7,23,2026,8,06,25,25,50,50
7,23,2026,8,06,25,25,50,50
7,23,2026,8,07,25,25,50,50
7,23,2026,8,07,25,25,50,50
7,23,2026,8,07,25,25,50,50
7,23,2026,8,07,25,25,50,50
7,23,2026,8,07,25,25,50,50
7,23,2026,8,07,25,25,50,50
7,23,2026,8,08,25,25,50,50
7,23,2026,8,08,25,25,50,50
7,23,2026,8,08,25,25,50,50
7,23,2026,8,08,25,25,50,50
7,23,2026,8,08,25,25,50,50
7,23,2026,8,08,25,25,50,50
7,23,2026,8,09,25,25,50,50
7,23,2026,8,09,25,25,50,50
7,23,2026,8,09,25,25,50,50
7,23,2026,8,09,25,25,50,50
7,23,2026,8,09,25,25,50,50
7,23,2026,8,09,25,25,50,50
7,23,2026,8,10,25,25,50,50
7,23,2026,8,10,25,25,50,50
7,23,2026,8,10,25,25,50,50
7,23,2026,8,10,25,25,50,50
7,23,2026,8,10,25,25,50,50
7,23,2026,8,10,25,25,50,50
7,23,2026,8,11,25,25,50,50
7,23,2026,8,11,25,25,50,50
7,23,2026,8,11,25,25,50,50
7,23,2026,8,11,25,25,50,50
7,23,2026,8,11,25,25,50,50
7,23,2026,8,11,25,25,50,50
7,23,2026,8,12,25,25,50,50
7,23,2026,8,12,25,25,50,50
7,23,2026,8,12,25,25,50,50
7,23,2026,8,12,25,25,50,50
7,23,2026,8,12,25,25,50,50
7,23,2026,8,12,25,25,50,50
7,23,2026,8,13,25,25,50,50
7,23,2026,8,13,25,25,50,50
7,23,2026,8,13,25,25,50,50
7,23,2026,8,13,25,25,50,50
7,23,2026,8,13,25,25,50,50
7,23,2026,8,13,25,25,50,50
7,23,2026,8,14,25,25,50,50
7,23,2026,8,14,25,25,50,50
7,23,2026,8,14,25,25,50,50
7,23,2026,8,14,25,25,50,50
7,23,2026,8,14,25,25,50,50
7,23,2026,8,14,25,25,50,50
7,23,2026,8,15,25,25,50,50
7,23,2026,8,15,25,25,50,50
7,23,2026,8,15,25,25,50,50
7,23,2026,8,15,25,25,50,50
7,23,2026,8,15,25,25,50,50
7,23,2026,8,15,25,25,50,50
7,23,2026,8,16,25,25,50,50
7,23,2026,8,16,25,25,50,50
7,23,2026,8,16,25,25,50,50
7,23,2026,8,16,25,25,50,50
7,23,2026,8,16,25,25,50,50
7,23,2026,8,16,25,25,50,50
7,23,2026,8,17,25,25,50,50
7,23,2026,8,17,25,25,50,50
7,23,2026,8,17,25,25,50,50
7,23,2026,8,17,25,25,50,50
7,23,2026,8,17,25,25,50,50
7,23,2026,8,17,25,25,50,50
7,23,2026,8,18,25,25,50,50
7,23,2026,8,18,25,25,50,50
7,23,2026,8,18,25,25,50,50
7,23,2026,8,18,25,25,50,50
7,23,2026,8,18,25,25,50,50
7,23,2026,8,18,25,25,50,50
7,23,2026,8,19,25,25,50,50
7,23,2026,8,19,25,25,50,50
7,23,2026,8,19,25,25,50,50
7,23,2026,8,19,25,25,50,50
7,23,2026,8,19,25,25,50,50
7,23,2026,8,19,25,25,50,50
7,23,2026,8,20,25,25,50,50
7,23,2026,8,20,25,25,50,50
7,23,2026,8,20,25,25,50,50
7,23,2026,8,20,25,25,50,50
7,23,2026,8,20,25,25,50,50
7,23,2026,8,20,25,25,50,50
7,23,2026,8,21,25,25,50,50
7,23,2026,8,21,25,25,50,50
7,23,2026,8,21,25,25,50,50
7,23,2026,8,21,25,25,50,50
7,23,2026,8,21,25,25,50,50
7,23,2026,8,21,25,25,50,50
7,23,2026,8,22,25,25,50,50
7,23,2026,8,22,25,25,50,50
7,23,2026,8,22,25,25,50,50
7,23,2026,8,22,25,25,50,50
7,23,2026,8,22,25,25,50,50
7,23,2026,8,22,25,25,50,50
7,23,2026,8,23,25,25,50,50
7,23,2026,8,23,25,25,50,50
7,23,2026,8,23,25,25,50,50
7,23,2026,8,23,25,25,50,50
7,23,2026,8,23,25,25,50,50
7,23,2026,8,23,25,25,50,50
7,23,2026,8,24,25,25,50,50
7,23,2026,8,24,25,25,50,50
7,23,2026,8,24,25,25,50,50
7,23,2026,8,24,25,25,50,50
7,23,2026,8,24,25,25,50,50
7,23,2026,8,24,25,25,50,50
7,23,2026,8,25,25,25,50,50
7,23,2026,8,25,25,25,50,50
7,23,2026,8,25,25,25,50,50
7,23,2026,8,25,25,25,50,50
7,23,2026,8,25,25,25,50,50
7,23,2026,8,25,25,25,50,50
7,23,2026,8,26,25,25,50,50
7,23,2026,8,26,25,25,50,50
7,23,2026,8,26,25,25,50,50
7,23,2026,8,26,25,25,50,50
7,23,2026,8,26,25,25,50,50
7,23,2026,8,26,25,25,50,50
7,23,2026,8,27,25,25,50,50
7,23,2026,8,27,25,25,50,50
7,23,2026,8,27,25,25,50,50
7,23,2026,8,27,25,25,50,50
7,23,2026,8,27,25,25,50,50
7,23,2026,8,27,25,25,50,50
7,23,2026,8,28,25,25,50,50
7,23,2026,8,28,25,25,50,50
7,23,2026,8,28,25,25,50,50
7,23,2026,8,28,25,25,50,50
7,23,2026,8,28,25,25,50,50
7,23,2026,8,28,25,25,50,50
7,23,2026,8,29,25,25,50,50
7,23,2026,8,29,25,25,50,50
7,23,2026,8,29,25,25,50,50
7,23,2026,8,29,25,25,50,50
7,23,2026,8,29,25,25,50,50
7,23,2026,8,29,25,25,50,50
7,23,2026,8,30,25,25,50,50
7,23,2026,8,30,25,25,50,50
7,23,2026,8,30,25,25,50,50
7,23,2026,8,30,25,25,50,50
7,23,2026,8,30,25,25,50,50
7,23,2026,8,30,25,25,50,50
7,23,2026,8,31,25,25,50,50
7,23,2026,8,31,25,25,50,50
7,23,2026,8,31,25,25,50,50
7,23,2026,8,31,25,25,50,50
7,23,2026,8,31,25,25,50,50
7,23,2026,8,31,25,25,50,50
7,23,2026,8,32,25,25,50,50
7,23,2026,8,32,25,25,50,50
7,23,2026,8,32,25,25,50,50
7,23,2026,8,32,25,25,50,50
7,23,2026,8,32,25,25,50,50
7,23,2026,8,32,25,25,50,50
7,23,2026,8,33,25,25,50,50
7,23,2026,8,33,25,25,50,50
7,23,2026,8,33,25,25,50,50
7,23,2026,8,33,25,25,50,50
7,23,2026,8,33,25,25,50,50
7,23,2026,8,33,25,25,50,50
7,23,2026,8,34,25,25,50,50
7,23,2026,8,34,25,25,50,50
7,23,2026,8,34,25,25,50,50
7,23,2026,8,34,25,25,50,50
7,23,2026,8,34,25,25,50,50
7,23,2026,8,34,25,25,50,50
7,23,2026,8,35,25,25,50,50
7,23,2026,8,35,25,25,50,50
7,23,2026,8,35,25,25,50,50
7,23,2026,8,35,25,25,50,50
7,23,2026,8,35,25,25,50,50
7,23,2026,8,35,25,25,50,50
7,23,2026,8,36,25,25,50,50
7,23,2026,8,36,25,25,50,50
7,23,2026,8,36,25,25,50,50
7,23,2026,8,36,25,25,50,50
7,23,2026,8,36,25,25,50,50
7,23,2026,8,36,25,25,50,50
7,23,2026,8,37,25,25,50,50
7,23,2026,8,37,25,25,50,50
7,23,2026,8,37,25,25,50,50
7,23,2026,8,37,25,25,50,50
7,23,2026,8,37,25,25,50,50
7,23,2026,8,37,25,25,50,50
7,23,2026,8,38,25,25,50,50
7,23,2026,8,38,25,25,50,50
7,23,2026,8,38,25,25,50,50
7,23,2026,8,38,25,25,50,50
7,23,2026,8,38,25,25,50,50
7,23,2026,8,38,25,25,50,50
7,23,2026,8,39,25,25,50,50
7,23,2026,8,39,25,25,50,50
7,23,2026,8,39,25,25,50,50
7,23,2026,8,39,25,25,50,50
7,23,2026,8,39,25,25,50,50
7,23,2026,8,39,25,25,50,50
7,23,2026,8,40,25,25,50,50
7,23,2026,8,40,25,25,50,50
7,23,2026,8,40,25,25,50,50
7,23,2026,8,40,25,25,50,50
7,23,2026,8,40,25,25,50,50
7,23,2026,8,40,25,25,50,50
7,23,2026,8,41,25,25,50,50
7,23,2026,8,41,25,25,50,50
7,23,2026,8,41,25,25,50,50
7,23,2026,8,41,25,25,50,50
7,23,2026,8,41,25,25,50,50
7,23,2026,8,41,25,25,50,50
7,23,2026,8,42,25,25,50,50
7,23,2026,8,42,25,25,50,50
7,23,2026,8,42,25,25,50,50
7,23,2026,8,42,25,25,50,50
7,23,2026,8,42,25,25,50,50
7,23,2026,8,42,25,25,50,50
7,23,2026,8,43,25,25,50,50
7,23,2026,8,43,25,25,50,50
7,23,2026,8,43,25,25,50,50
7,23,2026,8,43,25,25,50,50
7,23,2026,8,43,25,25,50,50
7,23,2026,8,43,25,25,50,50
7,23,2026,8,44,25,25,50,50
7,23,2026,8,44,25,25,50,50
7,23,2026,8,44,25,25,50,50
7,23,2026,8,44,25,25,50,50
7,23,2026,8,44,25,25,50,50
7,23,2026,8,44,25,25,50,50
7,23,2026,8,45,25,25,50,50
7,23,2026,8,45,25,25,50,50
7,23,2026,8,45,25,25,50,50
7,23,2026,8,45,25,25,50,50
7,23,2026,8,45,25,25,50,50
7,23,2026,8,45,25,25,50,50
7,23,2026,8,46,25,25,50,50
7,23,2026,8,46,25,25,50,50
7,23,2026,8,46,25,25,50,50
7,23,2026,8,46,25,25,50,50
7,23,2026,8,46,25,25,50,50
7,23,2026,8,46,25,25,50,50
7,23,2026,8,47,25,25,50,50
7,23,2026,8,47,25,25,50,50
7,23,2026,8,47,25,25,50,50
7,23,2026,8,47,25,25,50,50
7,23,2026,8,47,25,25,50,50
7,23,2026,8,47,25,25,50,50
7,23,2026,8,48,25,25,50,50
7,23,2026,8,48,25,25,50,50
7,23,2026,8,48,25,25,50,50
7,23,2026,8,48,25,25,50,50
7,23,2026,8,48,25,25,50,50
7,23,2026,8,48,25,25,50,50
7,23,2026,8,49,25,25,50,50
7,23,2026,8,49,25,25,50,50
7,23,2026,8,49,25,25,50,50
7,23,2026,8,49,25,25,50,50
7,23,2026,8,49,25,25,50,50
7,23,2026,8,49,25,25,50,50
7,23,2026,8,50,25,25,50,50
7,23,2026,8,50,25,25,50,50
7,23,2026,8,50,25,25,50,50
7,23,2026,8,50,25,25,50,50
7,23,2026,8,50,25,25,50,50
7,23,2026,8,50,25,25,50,50
7,23,2026,8,51,25,25,50,50
7,23,2026,8,51,25,25,50,50
7,23,2026,8,51,25,25,50,50
7,23,2026,8,51,25,25,50,50
7,23,2026,8,51,25,25,50,50
7,23,2026,8,51,25,25,50,50
7,23,2026,8,52,25,25,50,50
7,23,2026,8,52,25,25,50,50
7,23,2026,8,52,25,25,50,50
7,23,2026,8,52,25,25,50,50
7,23,2026,8,52,25,25,50,50
7,23,2026,8,52,25,25,50,50
7,23,2026,8,53,25,25,50,50
7,23,2026,8,53,25,25,50,50
7,23,2026,8,53,25,25,50,50
7,23,2026,8,53,25,25,50,50
7,23,2026,8,53,25,25,50,50
7,23,2026,8,53,25,25,50,50
7,23,2026,8,54,25,25,50,50
7,23,2026,8,54,25,25,50,50
7,23,2026,8,54,25,25,50,50
7,23,2026,8,54,25,25,50,50
7,23,2026,8,54,25,25,50,50
7,23,2026,8,54,25,25,50,50
7,23,2026,8,55,25,25,50,50
7,23,2026,8,55,25,25,50,50
7,23,2026,8,55,25,25,50,50
7,23,2026,8,55,25,25,50,50
7,23,2026,8,55,25,25,50,50
7,23,2026,8,55,25,25,50,50
7,23,2026,8,56,25,25,50,50
7,23,2026,8,56,25,25,50,50
7,23,2026,8,56,25,25,50,50
7,23,2026,8,56,25,25,50,50
7,23,2026,8,56,25,25,50,50
7,23,2026,8,56,25,25,50,50
7,23,2026,8,57,25,25,50,50
7,23,2026,8,57,25,25,50,50
7,23,2026,8,57,25,25,50,50
7,23,2026,8,57,25,25,50,50
7,23,2026,8,57,25,25,50,50
7,23,2026,8,57,25,25,50,50
7,23,2026,8,58,25,25,50,50
7,23,2026,8,58,25,25,50,50
7,23,2026,8,58,25,25,50,50
7,23,2026,8,58,25,25,50,50
7,23,2026,8,58,25,25,50,50
7,23,2026,8,58,25,25,50,50
7,23,2026,8,59,25,25,50,50
7,23,2026,8,59,25,25,50,50
7,23,2026,8,59,25,25,50,50
7,23,2026,8,59,25,25,50,50
7,23,2026,8,59,25,25,50,50
7,23,2026,8,59,25,25,50,50
7,23,2026,9,00,25,25,50,50
7,23,2026,9,00,25,25,50,50
7,23,2026,9,00,25,25,50,50
7,23,2026,9,00,25,25,50,50
7,23,2026,9,00,25,25,50,50
7,23,2026,9,00,25,25,50,50
7,23,2026,9,01,25,25,50,50
7,23,2026,9,01,25,25,50,50
7,23,2026,9,01,25,25,50,50
7,23,2026,9,01,25,25,50,50
7,23,2026,9,01,25,25,50,50
7,23,2026,9,01,25,25,50,50
7,23,2026,9,02,25,25,50,50
7,23,2026,9,02,25,25,50,50
7,23,2026,9,02,25,25,50,50
7,23,2026,9,02,25,25,50,50
7,23,2026,9,02,25,25,50,50
7,23,2026,9,02,25,25,50,50
7,23,2026,9,03,25,25,50,50
7,23,2026,9,03,25,25,50,50
7,23,2026,9,03,25,25,50,50
7,23,2026,9,03,25,25,50,50
7,23,2026,9,03,25,25,50,50
7,23,2026,9,03,25,25,50,50
7,23,2026,9,04,25,25,50,50
7,23,2026,9,04,25,25,50,50
7,23,2026,9,04,25,25,50,50
7,23,2026,9,04,25,25,50,50
7,23,2026,9,04,25,25,50,50
7,23,2026,9,04,25,25,50,50
7,23,2026,9,05,25,25,50,50
7,23,2026,9,05,25,25,50,50
7,23,2026,9,05,25,25,50,50
7,23,2026,9,05,25,25,50,50
7,23,2026,9,05,25,25,50,50
7,23,2026,9,05,25,25,50,50
7,23,2026,9,06,25,25,50,50
7,23,2026,9,06,25,25,50,50
7,23,2026,9,06,25,25,50,50
7,23,2026,9,06,25,25,50,50
7,23,2026,9,06,25,25,50,50
7,23,2026,9,06,25,25,50,50
7,23,2026,9,07,25,25,50,50
7,23,2026,9,07,25,25,50,50
7,23,2026,9,07,25,25,50,50
7,23,2026,9,07,25,25,50,50
7,23,2026,9,07,25,25,50,50
7,23,2026,9,07,25,25,50,50
7,23,2026,9,08,25,25,50,50
7,23,2026,9,08,25,25,50,50
7,23,2026,9,08,25,25,50,50
7,23,2026,9,08,25,25,50,50
7,23,2026,9,08,25,25,50,50
7,23,2026,9,08,25,25,50,50
7,23,2026,9,09,25,25,50,50
7,23,2026,9,09,25,25,50,50
7,23,2026,9,09,25,25,50,50
7,23,2026,9,09,25,25,50,50
7,23,2026,9,09,25,25,50,50
7,23,2026,9,09,25,25,50,50
7,23,2026,9,10,25,25,50,50
7,23,2026,9,10,25,25,50,50
7,23,2026,9,10,25,25,50,50
7,23,2026,9,10,25,25,50,50
7,23,2026,9,10,25,25,50,50
7,23,2026,9,10,25,25,50,50
7,23,2026,9,11,25,25,50,50
7,23,2026,9,11,25,25,50,50
7,23,2026,9,11,25,25,50,50
7,23,2026,9,11,25,25,50,50
7,23,2026,9,11,25,25,50,50
7,23,2026,9,11,25,25,50,50
7,23,2026,9,12,25,25,50,50
7,23,2026,9,12,25,25,50,50
7,23,2026,9,12,25,25,50,50
7,23,2026,9,12,25,25,50,50
7,23,2026,9,12,25,25,50,50
7,23,2026,9,12,25,25,50,50
7,23,2026,9,13,25,25,50,50
7,23,2026,9,13,25,25,50,50
7,23,2026,9,13,25,25,50,50
7,23,2026,9,13,25,25,50,50
7,23,2026,9,13,25,25,50,50
7,23,2026,9,13,25,25,50,50
7,23,2026,9,14,25,25,50,50
7,23,2026,9,14,25,25,50,50
7,23,2026,9,14,25,25,50,50
7,23,2026,9,14,25,25,50,50
7,23,2026,9,14,25,25,50,50
7,23,2026,9,14,25,25,50,50
7,23,2026,9,15,25,25,50,50
7,23,2026,9,15,25,25,50,50
7,23,2026,9,15,25,25,50,50
7,23,2026,9,15,25,25,50,50
7,23,2026,9,15,25,25,50,50
7,23,2026,9,15,25,25,50,50
7,23,2026,9,16,25,25,50,50
7,23,2026,9,16,25,25,50,50
7,23,2026,9,16,25,25,50,50
7,23,2026,9,16,25,25,50,50
7,23,2026,9,16,25,25,50,50
7,23,2026,9,16,25,25,50,50
7,23,2026,9,17,25,25,50,50
7,23,2026,9,17,25,25,50,50
7,23,2026,9,17,25,25,50,50
7,23,2026,9,17,25,25,50,50
7,23,2026,9,17,25,25,50,50
7,23,2026,9,17,25,25,50,50
7,23,2026,9,18,25,25,50,50
7,23,2026,9,18,25,25,50,50
7,23,2026,9,18,25,25,50,50
7,23,2026,9,18,25,25,50,50
7,23,2026,9,18,25,25,50,50
7,23,2026,9,18,25,25,50,50
7,23,2026,9,19,25,25,50,50
7,23,2026,9,19,25,25,50,50
7,23,2026,9,19,25,25,50,50
7,23,2026,9,19,25,25,50,50
7,23,2026,9,19,25,25,50,50
7,23,2026,9,19,25,25,50,50
7,23,2026,9,20,25,25,50,50
7,23,2026,9,20,25,25,50,50
7,23,2026,9,20,25,25,50,50
7,23,2026,9,20,25,25,50,50
7,23,2026,9,20,25,25,50,50
7,23,2026,9,20,25,25,50,50
7,23,2026,9,21,25,25,50,50
7,23,2026,9,21,25,25,50,50
7,23,2026,9,21,25,25,50,50
7,23,2026,9,21,25,25,50,50
7,23,2026,9,21,25,25,50,50
7,23,2026,9,21,25,25,50,50
7,23,2026,9,22,25,25,50,50
7,23,2026,9,22,25,25,50,50
7,23,2026,9,22,25,25,50,50
7,23,2026,9,22,25,25,50,50
7,23,2026,9,22,25,25,50,50
7,23,2026,9,22,25,25,50,50
7,23,2026,9,23,25,25,50,50
7,23,2026,9,23,25,25,50,50
7,23,2026,9,23,25,25,50,50
7,23,2026,9,23,25,25,50,50
7,23,2026,9,23,25,25,50,50
7,23,2026,9,23,25,25,50,50
7,23,2026,9,24,25,25,50,50
7,23,2026,9,24,25,25,50,50
7,23,2026,9,24,25,25,50,50
7,23,2026,9,24,25,25,50,50
7,23,2026,9,24,25,25,50,50
7,23,2026,9,24,25,25,50,50
7,23,2026,9,25,25,25,50,50
7,23,2026,9,25,25,25,50,50
7,23,2026,9,25,25,25,50,50
7,23,2026,9,25,25,25,50,50
7,23,2026,9,25,25,25,50,50
7,23,2026,9,25,25,25,50,50
7,23,2026,9,26,25,25,50,50
7,23,2026,9,26,25,25,50,50
7,23,2026,9,26,25,25,50,50
7,23,2026,9,26,25,25,50,50
7,23,2026,9,26,25,25,50,50
7,23,2026,9,26,25,25,50,50
7,23,2026,9,27,25,25,50,50
7,23,2026,9,27,25,25,50,50
7,23,2026,9,27,25,25,50,50
7,23,2026,9,27,25,25,50,50
7,23,2026,9,27,25,25,50,50
7,23,2026,9,27,25,25,50,50
7,23,2026,9,28,25,25,50,50
7,23,2026,9,28,25,25,50,50
7,23,2026,9,28,25,25,50,50
7,23,2026,9,28,25,25,50,50
7,23,2026,9,28,25,25,50,50
7,23,2026,9,28,25,25,50,50
7,23,2026,9,29,25,25,50,50
7,23,2026,9,29,25,25,50,50
7,23,2026,9,29,25,25,50,50
7,23,2026,9,29,25,25,50,50
7,23,2026,9,29,25,25,50,50
7,23,2026,9,29,25,25,50,50
7,23,2026,9,30,25,25,50,50
7,23,2026,9,30,25,25,50,50
7,23,2026,9,30,25,25,50,50
7,23,2026,9,30,25,25,50,50
7,23,2026,9,30,25,25,50,50
7,23,2026,9,30,25,25,50,50
7,23,2026,9,31,25,25,50,50
7,23,2026,9,31,25,25,50,50
7,23,2026,9,31,25,25,50,50
7,23,2026,9,31,25,25,50,50
7,23,2026,9,31,25,25,50,50
7,23,2026,9,31,25,25,50,50
7,23,2026,9,32,25,25,50,50
7,23,2026,9,32,25,25,50,50
7,23,2026,9,32,25,25,50,50
7,23,2026,9,32,25,25,50,50
7,23,2026,9,32,25,25,50,50
7,23,2026,9,32,25,25,50,50
7,23,2026,9,33,25,25,50,50
7,23,2026,9,33,25,25,50,50
7,23,2026,9,33,25,25,50,50
7,23,2026,9,33,25,25,50,50
7,23,2026,9,33,25,25,50,50
7,23,2026,9,33,25,25,50,50
7,23,2026,9,34,25,25,50,50
7,23,2026,9,34,25,25,50,50
7,23,2026,9,34,25,25,50,50
7,23,2026,9,34,25,25,50,50
7,23,2026,9,34,25,25,50,50
7,23,2026,9,34,25,25,50,50
7,23,2026,9,35,25,25,50,50
7,23,2026,9,35,25,25,50,50
7,23,2026,9,35,25,25,50,50
7,23,2026,9,35,25,25,50,50
7,23,2026,9,35,25,25,50,50
7,23,2026,9,35,25,25,50,50
7,23,2026,9,36,25,25,50,50
7,23,2026,9,36,25,25,50,50
7,23,2026,9,36,25,25,50,50
7,23,2026,9,36,25,25,50,50
7,23,2026,9,36,25,25,50,50
7,23,2026,9,36,25,25,50,50
7,23,2026,9,37,25,25,50,50
7,23,2026,9,37,25,25,50,50
7,23,2026,9,37,25,25,50,50
7,23,2026,9,37,25,25,50,50
7,23,2026,9,37,25,25,50,50
7,23,2026,9,37,25,25,50,50
7,23,2026,9,38,25,25,50,50
7,23,2026,9,38,25,25,50,50
7,23,2026,9,38,25,25,50,50
7,23,2026,9,38,25,25,50,50
7,23,2026,9,38,25,25,50,50
7,23,2026,9,38,25,25,50,50
7,23,2026,9,39,25,25,50,50
7,23,2026,9,39,25,25,50,50
7,23,2026,9,39,25,25,50,50
7,23,2026,9,39,25,25,50,50
7,23,2026,9,39,25,25,50,50
7,23,2026,9,39,25,25,50,50
7,23,2026,9,40,25,25,50,50
7,23,2026,9,40,25,25,50,50
7,23,2026,9,40,25,25,50,50
7,23,2026,9,40,25,25,50,50
7,23,2026,9,40,25,25,50,50
7,23,2026,9,40,25,25,50,50
7,23,2026,9,41,25,25,50,50
7,23,2026,9,41,25,25,50,50
7,23,2026,9,41,25,25,50,50
7,23,2026,9,41,25,25,50,50
7,23,2026,9,41,25,25,50,50
7,23,2026,9,41,25,25,50,50
7,23,2026,9,42,25,25,50,50
7,23,2026,9,42,25,25,50,50
7,23,2026,9,42,25,25,50,50
7,23,2026,9,42,25,25,50,50
7,23,2026,9,42,25,25,50,50
7,23,2026,9,42,25,25,50,50
7,23,2026,9,43,25,25,50,50
7,23,2026,9,43,25,25,50,50
7,23,2026,9,43,25,25,50,50
7,23,2026,9,43,25,25,50,50
7,23,2026,9,43,25,25,50,50
7,23,2026,9,43,25,25,50,50
7,23,2026,9,44,25,25,50,50
7,23,2026,9,44,25,25,50,50
7,23,2026,9,44,25,25,50,50
7,23,2026,9,44,25,25,50,50
7,23,2026,9,44,25,25,50,50
7,23,2026,9,44,25,25,50,50
7,23,2026,9,45,25,25,50,50
7,23,2026,9,45,25,25,50,50
7,23,2026,9,45,25,25,50,50
7,23,2026,9,45,25,25,50,50
7,23,2026,9,45,25,25,50,50
7,23,2026,9,45,25,25,50,50
7,23,2026,9,46,25,25,50,50
7,23,2026,9,46,25,25,50,50
7,23,2026,9,46,25,25,50,50
7,23,2026,9,46,25,25,50,50
7,23,2026,9,46,25,25,50,50
7,23,2026,9,46,25,25,50,50
7,23,2026,9,47,25,25,50,50
7,23,2026,9,47,25,25,50,50
7,23,2026,9,47,25,25,50,50
7,23,2026,9,47,25,25,50,50
7,23,2026,9,47,25,25,50,50
7,23,2026,9,47,25,25,50,50
7,23,2026,9,48,25,25,50,50
7,23,2026,9,48,25,25,50,50
7,23,2026,9,48,25,25,50,50
7,23,2026,9,48,25,25,50,50
7,23,2026,9,48,25,25,50,50
7,23,2026,9,48,25,25,50,50
7,23,2026,9,49,25,25,50,50
7,23,2026,9,49,25,25,50,50
7,23,2026,9,49,25,25,50,50
7,23,2026,9,49,25,25,50,50
7,23,2026,9,49,25,25,50,50
7,23,2026,9,49,25,25,50,50
7,23,2026,9,50,25,25,50,50
7,23,2026,9,50,25,25,50,50
7,23,2026,9,50,25,25,50,50
7,23,2026,9,50,25,25,50,50
7,23,2026,9,50,25,25,50,50
7,23,2026,9,50,25,25,50,50
7,23,2026,9,51,25,25,50,50
7,23,2026,9,51,25,25,50,50
7,23,2026,9,51,25,25,50,50
7,23,2026,9,51,25,25,50,50
7,23,2026,9,51,25,25,50,50
7,23,2026,9,51,25,25,50,50
7,23,2026,9,52,25,25,50,50
7,23,2026,9,52,25,25,50,50
7,23,2026,9,52,25,25,50,50
7,23,2026,9,52,25,25,50,50
7,23,2026,9,52,25,25,50,50
7,23,2026,9,52,25,25,50,50
7,23,2026,9,53,25,25,50,50
7,23,2026,9,53,25,25,50,50
7,23,2026,9,53,25,25,50,50
7,23,2026,9,53,25,25,50,50
7,23,2026,9,53,25,25,50,50
7,23,2026,9,53,25,25,50,50
7,23,2026,9,54,25,25,50,50
7,23,2026,9,54,25,25,50,50
7,23,2026,9,54,25,25,50,50
7,23,2026,9,54,25,25,50,50
7,23,2026,9,54,25,25,50,50
7,23,2026,9,54,25,25,50,50
7,23,2026,9,55,25,25,50,50
7,23,2026,9,55,25,25,50,50
7,23,2026,9,55,25,25,50,50
7,23,2026,9,55,25,25,50,50
7,23,2026,9,55,25,25,50,50
7,23,2026,9,55,25,25,50,50
7,23,2026,9,56,25,25,50,50
7,23,2026,9,56,25,25,50,50
7,23,2026,9,56,25,25,50,50
7,23,2026,9,56,25,25,50,50
7,23,2026,9,56,25,25,50,50
7,23,2026,9,56,25,25,50,50
7,23,2026,9,57,25,25,50,50
7,23,2026,9,57,25,25,50,50
7,23,2026,9,57,25,25,50,50
7,23,2026,9,57,25,25,50,50
7,23,2026,9,57,25,25,50,50
7,23,2026,9,57,25,25,50,50
7,23,2026,9,58,25,25,50,50
7,23,2026,9,58,25,25,50,50
7,23,2026,9,58,25,25,50,50
7,23,2026,9,58,25,25,50,50
7,23,2026,9,58,25,25,50,50
7,23,2026,9,58,25,25,50,50
7,23,2026,9,59,25,25,50,50
7,23,2026,9,59,25,25,50,50
7,23,2026,9,59,25,25,50,50
7,23,2026,9,59,25,25,50,50
7,23,2026,9,59,25,25,50,50
7,23,2026,9,59,25,25,50,50
7,23,2026,10,00,25,25,50,50
7,23,2026,10,00,25,25,50,50
7,23,2026,10,00,25,25,50,50
7,23,2026,10,00,25,25,50,50
7,23,2026,10,00,25,25,50,50
7,23,2026,10,00,25,25,50,50
7,23,2026,10,01,25,25,50,50
7,23,2026,10,01,25,25,50,50
7,23,2026,10,01,25,25,50,50
7,23,2026,10,01,25,25,50,50
7,23,2026,10,01,25,25,50,50
7,23,2026,10,01,25,25,50,50
7,23,2026,10,02,25,25,50,50
7,23,2026,10,02,25,25,50,50
7,23,2026,10,02,25,25,50,50
7,23,2026,10,02,25,25,50,50
7,23,2026,10,02,25,25,50,50
7,23,2026,10,02,25,25,50,50
7,23,2026,10,03,25,25,50,50
7,23,2026,10,03,25,25,50,50
7,23,2026,10,03,25,25,50,50
7,23,2026,10,03,25,25,50,50
7,23,2026,10,03,25,25,50,50
7,23,2026,10,03,25,25,50,50
7,23,2026,10,04,25,25,50,50
7,23,2026,10,04,25,25,50,50
7,23,2026,10,04,25,25,50,50
7,23,2026,10,04,25,25,50,50
7,23,2026,10,04,25,25,50,50
7,23,2026,10,04,25,25,50,50
7,23,2026,10,05,25,25,50,50
7,23,2026,10,05,25,25,50,50
7,23,2026,10,05,25,25,50,50
7,23,2026,10,05,25,25,50,50
7,23,2026,10,05,25,25,50,50
7,23,2026,10,05,25,25,50,50
7,23,2026,10,06,25,25,50,50
7,23,2026,10,06,25,25,50,50
7,23,2026,10,06,25,25,50,50
7,23,2026,10,06,25,25,50,50
7,23,2026,10,06,25,25,50,50
7,23,2026,10,06,25,25,50,50
7,23,2026,10,07,25,25,50,50
7,23,2026,10,07,25,25,50,50
7,23,2026,10,07,25,25,50,50
7,23,2026,10,07,25,25,50,50
7,23,2026,10,07,25,25,50,50
7,23,2026,10,07,25,25,50,50
7,23,2026,10,08,25,25,50,50
7,23,2026,10,08,25,25,50,50
7,23,2026,10,08,25,25,50,50
7,23,2026,10,08,25,25,50,50
7,23,2026,10,08,25,25,50,50
7,23,2026,10,08,25,25,50,50
7,23,2026,10,09,25,25,50,50
7,23,2026,10,09,25,25,50,50
7,23,2026,10,09,25,25,50,50
7,23,2026,10,09,25,25,50,50
7,23,2026,10,09,25,25,50,50
7,23,2026,10,09,25,25,50,50
7,23,2026,10,10,25,25,50,50
7,23,2026,10,10,25,25,50,50
7,23,2026,10,10,25,25,50,50
7,23,2026,10,10,25,25,50,50
7,23,2026,10,10,25,25,50,50
7,23,2026,10,10,25,25,50,50
7,23,2026,10,11,25,25,50,50
7,23,2026,10,11,25,25,50,50
7,23,2026,10,11,25,25,50,50
7,23,2026,10,11,25,25,50,50
7,23,2026,10,11,25,25,50,50
7,23,2026,10,11,25,25,50,50
7,23,2026,10,12,25,25,50,50
7,23,2026,10,12,25,25,50,50
7,23,2026,10,12,25,25,50,50
7,23,2026,10,12,25,25,50,50
7,23,2026,10,12,25,25,50,50
7,23,2026,10,12,25,25,50,50
7,23,2026,10,13,25,25,50,50
7,23,2026,10,13,25,25,50,50
7,23,2026,10,13,25,25,50,50
7,23,2026,10,13,25,25,50,50
7,23,2026,10,13,25,25,50,50
7,23,2026,10,13,25,25,50,50
7,23,2026,10,14,25,25,50,50
7,23,2026,10,14,25,25,50,50
7,23,2026,10,14,25,25,50,50
7,23,2026,10,14,25,25,50,50
7,23,2026,10,14,25,25,50,50
7,23,2026,10,14,25,25,50,50
7,23,2026,10,15,25,25,50,50
7,23,2026,10,15,25,25,50,50
7,23,2026,10,15,25,25,50,50
7,23,2026,10,15,25,25,50,50
7,23,2026,10,15,25,25,50,50
7,23,2026,10,15,25,25,50,50
7,23,2026,10,16,25,25,50,50
7,23,2026,10,16,25,25,50,50
7,23,2026,10,16,25,25,50,50
7,23,2026,10,16,25,25,50,50
7,23,2026,10,16,25,25,50,50
7,23,2026,10,16,25,25,50,50
7,23,2026,10,17,25,25,50,50
7,23,2026,10,17,25,25,50,50
7,23,2026,10,17,25,25,50,50
7,23,2026,10,17,25,25,50,50
7,23,2026,10,17,25,25,50,50
7,23,2026,10,17,25,25,50,50
7,23,2026,10,18,25,25,50,50
7,23,2026,10,18,25,25,50,50
7,23,2026,10,18,25,25,50,50
7,23,2026,10,18,25,25,50,50
7,23,2026,10,18,25,25,50,50
7,23,2026,10,18,25,25,50,50
7,23,2026,10,19,25,25,50,50
7,23,2026,10,19,25,25,50,50
7,23,2026,10,19,25,25,50,50
7,23,2026,10,19,25,25,50,50
7,23,2026,10,19,25,25,50,50
7,23,2026,10,19,25,25,50,50
7,23,2026,10,20,25,25,50,50
7,23,2026,10,20,25,25,50,50
7,23,2026,10,20,25,25,50,50
7,23,2026,10,20,25,25,50,50
7,23,2026,10,20,25,25,50,50
7,23,2026,10,20,25,25,50,50
7,23,2026,10,21,25,25,50,50
7,23,2026,10,21,25,25,50,50
7,23,2026,10,21,25,25,50,50
7,23,2026,10,21,25,25,50,50
7,23,2026,10,21,25,25,50,50
7,23,2026,10,21,25,25,50,50
7,23,2026,10,22,25,25,50,50
7,23,2026,10,22,25,25,50,50
7,23,2026,10,22,25,25,50,50
7,23,2026,10,22,25,25,50,50
7,23,2026,10,22,25,25,50,50
7,23,2026,10,22,25,25,50,50
7,23,2026,10,23,25,25,50,50
7,23,2026,10,23,25,25,50,50
7,23,2026,10,23,25,25,50,50
7,23,2026,10,23,25,25,50,50
7,23,2026,10,23,25,25,50,50
7,23,2026,10,23,25,25,50,50
7,23,2026,10,24,25,25,50,50
7,23,2026,10,24,25,25,50,50
7,23,2026,10,24,25,25,50,50
7,23,2026,10,24,25,25,50,50
7,23,2026,10,24,25,25,50,50
7,23,2026,10,24,25,25,50,50
7,23,2026,10,25,25,25,50,50
7,23,2026,10,25,25,25,50,50
7,23,2026,10,25,25,25,50,50
7,23,2026,10,25,25,25,50,50
7,23,2026,10,25,25,25,50,50
7,23,2026,10,25,25,25,50,50
7,23,2026,10,26,25,25,50,50
7,23,2026,10,26,25,25,50,50
7,23,2026,10,26,25,25,50,50
7,23,2026,10,26,25,25,50,50
7,23,2026,10,26,25,25,50,50
7,23,2026,10,26,25,25,50,50
7,23,2026,10,27,25,25,50,50
7,23,2026,10,27,25,25,50,50
7,23,2026,10,27,25,25,50,50
7,23,2026,10,27,25,25,50,50
7,23,2026,10,27,25,25,50,50
7,23,2026,10,27,25,25,50,50
7,23,2026,10,28,25,25,50,50
7,23,2026,10,28,25,25,50,50
7,23,2026,10,28,25,25,50,50
7,23,2026,10,28,25,25,50,50
7,23,2026,10,28,25,25,50,50
7,23,2026,10,28,25,25,50,50
7,23,2026,10,29,25,25,50,50
7,23,2026,10,29,25,25,50,50
7,23,2026,10,29,25,25,50,50
7,23,2026,10,29,25,25,50,50
7,23,2026,10,29,25,25,50,50
7,23,2026,10,29,25,25,50,50
7,23,2026,10,30,25,25,50,50
7,23,2026,10,30,25,25,50,50
7,23,2026,10,30,25,25,50,50
7,23,2026,10,30,25,25,50,50
7,23,2026,10,30,25,25,50,50
7,23,2026,10,30,25,25,50,50
7,23,2026,10,31,25,25,50,50
7,23,2026,10,31,25,25,50,50
7,23,2026,10,31,25,25,50,50
7,23,2026,10,31,25,25,50,50
7,23,2026,10,31,25,25,50,50
7,23,2026,10,31,25,25,50,50
7,23,2026,10,32,25,25,50,50
7,23,2026,10,32,25,25,50,50
7,23,2026,10,32,25,25,50,50
7,23,2026,10,32,25,25,50,50
7,23,2026,10,32,25,25,50,50
7,23,2026,10,32,25,25,50,50
7,23,2026,10,33,25,25,50,50
7,23,2026,10,33,25,25,50,50
7,23,2026,10,33,25,25,50,50
7,23,2026,10,33,25,25,50,50
7,23,2026,10,33,25,25,50,50
7,23,2026,10,33,25,25,50,50
7,23,2026,10,34,25,25,50,50
7,23,2026,10,34,25,25,50,50
7,23,2026,10,34,25,25,50,50
7,23,2026,10,34,25,25,50,50
7,23,2026,10,34,25,25,50,50
7,23,2026,10,34,25,25,50,50
7,23,2026,10,35,25,25,50,50
7,23,2026,10,35,25,25,50,50
7,23,2026,10,35,25,25,50,50
7,23,2026,10,35,25,25,50,50
7,23,2026,10,35,25,25,50,50
7,23,2026,10,35,25,25,50,50
7,23,2026,10,36,25,25,50,50
7,23,2026,10,36,25,25,50,50
7,23,2026,10,36,25,25,50,50
7,23,2026,10,36,25,25,50,50
7,23,2026,10,36,25,25,50,50
7,23,2026,10,36,25,25,50,50
7,23,2026,10,37,25,25,50,50
7,23,2026,10,37,25,25,50,50
7,23,2026,10,37,25,25,50,50
7,23,2026,10,37,25,25,50,50
7,23,2026,10,37,25,25,50,50
7,23,2026,10,37,25,25,50,50
7,23,2026,10,38,25,25,50,50
7,23,2026,10,38,25,25,50,50
7,23,2026,10,38,25,25,50,50
7,23,2026,10,38,25,25,50,50
7,23,2026,10,38,25,25,50,50
7,23,2026,10,38,25,25,50,50
7,23,2026,10,39,25,25,50,50
7,23,2026,10,39,25,25,50,50
7,23,2026,10,39,25,25,50,50
7,23,2026,10,39,25,25,50,50
7,23,2026,10,39,25,25,50,50
7,23,2026,10,39,25,25,50,50
7,23,2026,10,40,25,25,50,50
7,23,2026,10,40,25,25,50,50
7,23,2026,10,40,25,25,50,50
7,23,2026,10,40,25,25,50,50
7,23,2026,10,40,25,25,50,50
7,23,2026,10,40,25,25,50,50
7,23,2026,10,41,25,25,50,50
7,23,2026,10,41,25,25,50,50
7,23,2026,10,41,25,25,50,50
7,23,2026,10,41,25,25,50,50
7,23,2026,10,41,25,25,50,50
7,23,2026,10,41,25,25,50,50
7,23,2026,10,42,25,25,50,50
7,23,2026,10,42,25,25,50,50
7,23,2026,10,42,25,25,50,50
7,23,2026,10,42,25,25,50,50
7,23,2026,10,42,25,25,50,50
7,23,2026,10,42,25,25,50,50
7,23,2026,10,43,25,25,50,50
7,23,2026,10,43,25,25,50,50
7,23,2026,10,43,25,25,50,50
7,23,2026,10,43,25,25,50,50
7,23,2026,10,43,25,25,50,50
7,23,2026,10,43,25,25,50,50
7,23,2026,10,44,25,25,50,50
7,23,2026,10,44,25,25,50,50
7,23,2026,10,44,25,25,50,50
7,23,2026,10,44,25,25,50,50
7,23,2026,10,44,25,25,50,50
7,23,2026,10,44,25,25,50,50
7,23,2026,10,45,25,25,50,50
7,23,2026,10,45,25,25,50,50
7,23,2026,10,45,25,25,50,50
7,23,2026,10,45,25,25,50,50
7,23,2026,10,45,25,25,50,50
7,23,2026,10,45,25,25,50,50
7,23,2026,10,46,25,25,50,50
7,23,2026,10,46,25,25,50,50
7,23,2026,10,46,25,25,50,50
7,23,2026,10,46,25,25,50,50
7,23,2026,10,46,25,25,50,50
7,23,2026,10,46,25,25,50,50
7,23,2026,10,47,25,25,50,50
7,23,2026,10,47,25,25,50,50
7,23,2026,10,47,25,25,50,50
7,23,2026,10,47,25,25,50,50
7,23,2026,10,47,25,25,50,50
7,23,2026,10,47,25,25,50,50
7,23,2026,10,48,25,25,50,50
7,23,2026,10,48,25,25,50,50
7,23,2026,10,48,25,25,50,50
7,23,2026,10,48,25,25,50,50
7,23,2026,10,48,25,25,50,50
7,23,2026,10,48,25,25,50,50
7,23,2026,10,49,25,25,50,50
7,23,2026,10,49,25,25,50,50
7,23,2026,10,49,25,25,50,50
7,23,2026,10,49,25,25,50,50
7,23,2026,10,49,25,25,50,50
7,23,2026,10,49,25,25,50,50
7,23,2026,10,50,25,25,50,50
7,23,2026,10,50,25,25,50,50
7,23,2026,10,50,25,25,50,50
7,23,2026,10,50,25,25,50,50
7,23,2026,10,50,25,25,50,50
7,23,2026,10,50,25,25,50,50
7,23,2026,10,51,25,25,50,50
7,23,2026,10,51,25,25,50,50
7,23,2026,10,51,25,25,50,50
7,23,2026,10,51,25,25,50,50
7,23,2026,10,51,25,25,50,50
7,23,2026,10,51,25,25,50,50
7,23,2026,10,52,25,25,50,50
7,23,2026,10,52,25,25,50,50
7,23,2026,10,52,25,25,50,50
7,23,2026,10,52,25,25,50,50
7,23,2026,10,52,25,25,50,50
7,23,2026,10,52,25,25,50,50
7,23,2026,10,53,25,25,50,50
7,23,2026,10,53,25,25,50,50
7,23,2026,10,53,25,25,50,50
7,23,2026,10,53,25,25,50,50
7,23,2026,10,53,25,25,50,50
7,23,2026,10,53,25,25,50,50
7,23,2026,10,54,25,25,50,50
7,23,2026,10,54,25,25,50,50
7,23,2026,10,54,25,25,50,50
7,23,2026,10,54,25,25,50,50
7,23,2026,10,54,25,25,50,50
7,23,2026,10,54,25,25,50,50
7,23,2026,10,55,25,25,50,50
7,23,2026,10,55,25,25,50,50
7,23,2026,10,55,25,25,50,50
7,23,2026,10,55,25,25,50,50
7,23,2026,10,55,25,25,50,50
7,23,2026,10,55,25,25,50,50
7,23,2026,10,56,25,25,50,50
7,23,2026,10,56,25,25,50,50
7,23,2026,10,56,25,25,50,50
7,23,2026,10,56,25,25,50,50
7,23,2026,10,56,25,25,50,50
7,23,2026,10,56,25,25,50,50
7,23,2026,10,57,25,25,50,50
7,23,2026,10,57,25,25,50,50
7,23,2026,10,57,25,25,50,50
7,23,2026,10,57,25,25,50,50
7,23,2026,10,57,25,25,50,50
7,23,2026,10,57,25,25,50,50
7,23,2026,10,58,25,25,50,50
7,23,2026,10,58,25,25,50,50
7,23,2026,10,58,25,25,50,50
7,23,2026,10,58,25,25,50,50
7,23,2026,10,58,25,25,50,50
7,23,2026,10,58,25,25,50,50
7,23,2026,10,59,25,25,50,50
7,23,2026,10,59,25,25,50,50
7,23,2026,10,59,25,25,50,50
7,23,2026,10,59,25,25,50,50
7,23,2026,10,59,25,25,50,50
7,23,2026,10,59,25,25,50,50
7,23,2026,11,00,25,25,50,50
7,23,2026,11,00,25,25,50,50
7,23,2026,11,00,25,25,50,50
7,23,2026,11,00,25,25,50,50
7,23,2026,11,00,25,25,50,50
7,23,2026,11,00,25,25,50,50
7,23,2026,11,01,25,25,50,50
7,23,2026,11,01,25,25,50,50
7,23,2026,11,01,25,25,50,50
7,23,2026,11,01,25,25,50,50
7,23,2026,11,01,25,25,50,50
7,23,2026,11,01,25,25,50,50
7,23,2026,11,02,25,25,50,50
7,23,2026,11,02,25,25,50,50
7,23,2026,11,02,25,25,50,50
7,23,2026,11,02,25,25,50,50
7,23,2026,11,02,25,25,50,50
7,23,2026,11,02,25,25,50,50
7,23,2026,11,03,25,25,50,50
7,23,2026,11,03,25,25,50,50
7,23,2026,11,03,25,25,50,50
7,23,2026,11,03,25,25,50,50
7,23,2026,11,03,25,25,50,50
7,23,2026,11,03,25,25,50,50
7,23,2026,11,04,25,25,50,50
7,23,2026,11,04,25,25,50,50
7,23,2026,11,04,25,25,50,50
7,23,2026,11,04,25,25,50,50
7,23,2026,11,04,25,25,50,50
7,23,2026,11,04,25,25,50,50
7,23,2026,11,05,25,25,50,50
7,23,2026,11,05,25,25,50,50
7,23,2026,11,05,25,25,50,50
7,23,2026,11,05,25,-999.9,50,-999
7,23,2026,11,05,25,-999.9,51,-999
7,23,2026,11,05,25.1,-999.9,51,-999
7,23,2026,11,06,25.2,-999.9,52,-999
7,23,2026,11,06,25.3,-999.9,53,-999
7,23,2026,11,06,25.4,-999.9,53,-999
7,23,2026,11,06,25.4,-999.9,54,-999
7,23,2026,11,06,25.5,-999.9,55,-999
7,23,2026,11,06,25.5,-999.9,55,-999
7,23,2026,11,07,25.6,-999.9,56,-999
7,23,2026,11,07,25.6,-999.9,57,-999
7,23,2026,11,07,25.6,-999.9,57,-999
7,23,2026,11,07,25.7,-999.9,57,-999
7,23,2026,11,07,25.7,-999.9,57,-999
7,23,2026,11,07,25.7,-999.9,58,-999
7,23,2026,11,08,25.8,-999.9,58,-999
7,23,2026,11,08,25.8,-999.9,58,-999
7,23,2026,11,08,25.8,-999.9,58,-999
7,23,2026,11,08,25.8,-999.9,58,-999
7,23,2026,11,08,25.8,-999.9,59,-999
7,23,2026,11,08,25.8,-999.9,59,-999
7,23,2026,11,09,25.8,-999.9,59,-999
7,23,2026,11,09,25.8,-999.9,59,-999
7,23,2026,11,09,25.8,-999.9,59,-999
7,23,2026,11,09,25.8,-999.9,59,-999
7,23,2026,11,09,25.8,-999.9,59,-999
7,23,2026,11,09,25.8,-999.9,59,-999
7,23,2026,11,10,25.8,-999.9,60,-999
7,23,2026,11,10,25.9,-999.9,60,-999
7,23,2026,11,10,25.9,-999.9,60,-999
7,23,2026,11,10,25.9,-999.9,60,-999
7,23,2026,11,10,25.9,-999.9,60,-999
7,23,2026,11,10,25.9,-999.9,60,-999
7,23,2026,11,11,25.9,-999.9,60,-999
7,23,2026,11,11,25.9,-999.9,60,-999
7,23,2026,11,11,25.9,-999.9,60,-999
7,23,2026,11,11,25.9,-999.9,60,-999
7,23,2026,11,11,25.9,-999.9,60,-999
7,23,2026,11,11,25.9,-999.9,60,-999
7,23,2026,11,12,25.9,-999.9,60,-999
7,23,2026,11,12,25.9,-999.9,60,-999
7,23,2026,11,12,25.9,-999.9,60,-999
7,23,2026,11,12,25.9,-999.9,60,-999
7,23,2026,11,12,25.9,-999.9,60,-999
7,23,2026,11,12,25.9,-999.9,60,-999
7,23,2026,11,13,25.9,-999.9,60,-999
7,23,2026,11,13,26,-999.9,60,-999
7,23,2026,11,13,26,-999.9,60,-999
7,23,2026,11,13,26,-999.9,60,-999
7,23,2026,11,13,25.9,-999.9,60,-999
7,23,2026,11,13,25.9,-999.9,60,-999
7,23,2026,11,14,25.9,-999.9,60,-999
7,23,2026,11,14,25.9,-999.9,60,-999
7,23,2026,11,14,25.9,-999.9,60,-999
7,23,2026,11,14,25.9,-999.9,60,-999
7,23,2026,11,14,25.9,-999.9,60,-999
7,23,2026,11,14,25.9,-999.9,60,-999
7,23,2026,11,15,25.9,-999.9,60,-999
7,23,2026,11,15,25.9,-999.9,60,-999
7,23,2026,11,15,25.9,-999.9,60,-999
7,23,2026,11,15,25.9,-999.9,60,-999
7,23,2026,11,15,25.9,-999.9,60,-999
7,23,2026,11,15,25.9,-999.9,60,-999
7,23,2026,11,16,25.9,-999.9,60,-999
7,23,2026,11,16,25.9,-999.9,60,-999
7,23,2026,11,16,25.9,-999.9,60,-999
7,23,2026,11,16,25.9,-999.9,60,-999
7,23,2026,11,16,25.9,-999.9,60,-999
7,23,2026,11,16,25.9,-999.9,60,-999
7,23,2026,11,17,25.9,-999.9,60,-999
7,23,2026,11,17,25.9,-999.9,60,-999
7,23,2026,11,17,25.9,-999.9,60,-999
7,23,2026,11,17,25.9,-999.9,60,-999
7,23,2026,11,17,25.9,-999.9,60,-999
7,23,2026,11,17,25.9,-999.9,60,-999
7,23,2026,11,18,25.9,-999.9,60,-999
7,23,2026,11,18,25.9,-999.9,60,-999
7,23,2026,11,18,25.9,-999.9,60,-999
7,23,2026,11,18,25.9,-999.9,60,-999
7,23,2026,11,18,25.9,-999.9,60,-999
7,23,2026,11,18,25.9,-999.9,60,-999
7,23,2026,11,19,25.9,-999.9,60,-999
7,23,2026,11,19,25.9,-999.9,60,-999
7,23,2026,11,19,25.9,-999.9,60,-999
7,23,2026,11,19,25.9,-999.9,60,-999
7,23,2026,11,19,25.9,-999.9,60,-999
7,23,2026,11,19,25.9,-999.9,60,-999
7,23,2026,11,20,25.9,-999.9,60,-999
7,23,2026,11,20,25.9,-999.9,60,-999
7,23,2026,11,20,25.9,-999.9,60,-999
7,23,2026,11,20,25.9,-999.9,60,-999
7,23,2026,11,20,25.9,-999.9,60,-999
7,23,2026,11,20,25.9,-999.9,60,-999
7,23,2026,11,21,25.9,-999.9,60,-999
7,23,2026,11,21,25.9,-999.9,60,-999
7,23,2026,11,21,25.9,-999.9,61,-999
7,23,2026,11,21,25.9,-999.9,61,-999
7,23,2026,11,21,25.9,-999.9,60,-999
7,23,2026,11,21,25.9,-999.9,60,-999
7,23,2026,11,22,25.9,-999.9,60,-999
7,23,2026,11,22,25.9,-999.9,60,-999
7,23,2026,11,22,25.9,-999.9,60,-999
7,23,2026,11,22,25.9,-999.9,60,-999
7,23,2026,11,22,25.9,-999.9,61,-999
7,23,2026,11,22,25.9,-999.9,61,-999
7,23,2026,11,23,25.9,-999.9,61,-999
7,23,2026,11,23,25.9,-999.9,61,-999
7,23,2026,11,23,25.9,-999.9,61,-999
7,23,2026,11,23,25.9,-999.9,61,-999
7,23,2026,11,23,25.9,-999.9,61,-999
7,23,2026,11,23,25.9,-999.9,61,-999
7,23,2026,11,24,25.9,-999.9,61,-999
7,23,2026,11,24,25.9,-999.9,61,-999
7,23,2026,11,24,25.8,-999.9,61,-999
7,23,2026,11,24,25.8,-999.9,61,-999
7,23,2026,11,24,25.8,-999.9,61,-999
7,23,2026,11,24,25.8,-999.9,61,-999
7,23,2026,11,25,25.8,-999.9,61,-999
7,23,2026,11,25,25.8,-999.9,61,-999
7,23,2026,11,25,25.8,-999.9,61,-999
7,23,2026,11,25,25.8,-999.9,61,-999
7,23,2026,11,25,25.8,-999.9,61,-999
7,23,2026,11,25,25.8,-999.9,60,-999
7,23,2026,11,26,25.8,-999.9,61,-999
7,23,2026,11,26,25.8,-999.9,61,-999
7,23,2026,11,26,25.8,-999.9,61,-999
7,23,2026,11,26,25.8,-999.9,61,-999
7,23,2026,11,26,25.8,-999.9,61,-999
7,23,2026,11,26,25.8,-999.9,61,-999
7,23,2026,11,27,25.8,-999.9,61,-999
7,23,2026,11,27,25.8,-999.9,61,-999
7,23,2026,11,27,25.8,-999.9,61,-999
7,23,2026,11,27,25.8,-999.9,61,-999
7,23,2026,11,27,25.8,-999.9,61,-999
7,23,2026,11,27,25.8,-999.9,61,-999
7,23,2026,11,28,25.8,-999.9,61,-999
7,23,2026,11,28,25.8,-999.9,61,-999
7,23,2026,11,28,25.8,-999.9,61,-999
7,23,2026,11,28,25.8,-999.9,61,-999
7,23,2026,11,28,25.8,-999.9,61,-999
7,23,2026,11,28,25.8,-999.9,61,-999
7,23,2026,11,29,25.8,-999.9,61,-999
7,23,2026,11,29,25.8,-999.9,61,-999
7,23,2026,11,29,25.8,-999.9,61,-999
7,23,2026,11,29,25.8,-999.9,61,-999
7,23,2026,11,29,25.8,-999.9,61,-999
7,23,2026,11,29,25.8,-999.9,61,-999
7,23,2026,11,30,25.8,-999.9,61,-999
7,23,2026,11,30,25.8,-999.9,61,-999
7,23,2026,11,30,25.8,-999.9,61,-999
7,23,2026,11,30,25.7,-999.9,61,-999
7,23,2026,11,30,25.7,-999.9,61,-999
7,23,2026,11,30,25.7,-999.9,61,-999
7,23,2026,11,31,25.7,-999.9,61,-999
7,23,2026,11,31,25.7,-999.9,61,-999
7,23,2026,11,31,25.8,-999.9,61,-999
7,23,2026,11,31,25.8,-999.9,61,-999
7,23,2026,11,31,25.8,-999.9,61,-999
7,23,2026,11,31,25.8,-999.9,61,-999
7,23,2026,11,32,25.8,-999.9,61,-999
7,23,2026,11,32,25.8,-999.9,61,-999
7,23,2026,11,32,25.8,-999.9,61,-999
7,23,2026,11,32,25.8,-999.9,61,-999
7,23,2026,11,32,25.8,-999.9,61,-999
7,23,2026,11,32,25.8,-999.9,61,-999
7,23,2026,11,33,25.8,-999.9,61,-999
7,23,2026,11,33,25.8,-999.9,61,-999
7,23,2026,11,33,25.8,-999.9,61,-999
7,23,2026,11,33,25.8,-999.9,61,-999
7,23,2026,11,33,25.8,-999.9,61,-999
7,23,2026,11,33,25.8,-999.9,61,-999
7,23,2026,11,34,25.8,-999.9,61,-999
7,23,2026,11,34,25.8,-999.9,61,-999
7,23,2026,11,34,25.8,-999.9,61,-999
7,23,2026,11,34,25.8,-999.9,61,-999
7,23,2026,11,34,25.8,-999.9,61,-999
7,23,2026,11,34,25.8,-999.9,61,-999
7,23,2026,11,35,25.8,-999.9,61,-999
7,23,2026,11,35,25.8,-999.9,61,-999
7,23,2026,11,35,25.8,-999.9,61,-999
7,23,2026,11,35,25.8,-999.9,61,-999
7,23,2026,11,35,25.7,-999.9,61,-999
7,23,2026,11,35,25.7,-999.9,61,-999
7,23,2026,11,36,25.7,-999.9,61,-999
7,23,2026,11,36,25.7,-999.9,61,-999
7,23,2026,11,36,25.7,-999.9,61,-999
7,23,2026,11,36,25.7,-999.9,61,-999
7,23,2026,11,36,25.7,-999.9,61,-999
7,23,2026,11,36,25.7,-999.9,61,-999
7,23,2026,11,37,25.7,-999.9,61,-999
7,23,2026,11,37,25.7,-999.9,61,-999
7,23,2026,11,37,25.7,-999.9,61,-999
7,23,2026,11,37,25.7,-999.9,61,-999
7,23,2026,11,37,25.7,-999.9,61,-999
7,23,2026,11,37,25.7,-999.9,61,-999
7,23,2026,11,38,25.7,-999.9,61,-999
7,23,2026,11,38,25.7,-999.9,61,-999
7,23,2026,11,38,25.7,-999.9,61,-999
7,23,2026,11,38,25.7,-999.9,61,-999
7,23,2026,11,38,25.7,-999.9,61,-999
7,23,2026,11,38,25.7,-999.9,61,-999
7,23,2026,11,39,25.7,-999.9,61,-999
7,23,2026,11,39,25.7,-999.9,62,-999
7,23,2026,11,39,25.7,-999.9,62,-999
7,23,2026,11,39,25.7,-999.9,61,-999
7,23,2026,11,39,25.7,-999.9,61,-999
7,23,2026,11,39,25.7,-999.9,61,-999
7,23,2026,11,40,25.7,-999.9,61,-999
7,23,2026,11,40,25.7,-999.9,61,-999
7,23,2026,11,40,25.7,-999.9,61,-999
7,23,2026,11,40,25.7,-999.9,61,-999
7,23,2026,11,40,25.7,-999.9,61,-999
7,23,2026,11,40,25.7,-999.9,61,-999
7,23,2026,11,41,25.7,-999.9,61,-999
7,23,2026,11,41,25.7,-999.9,61,-999
7,23,2026,11,41,25.7,-999.9,61,-999
7,23,2026,11,41,25.7,-999.9,61,-999
7,23,2026,11,41,25.7,-999.9,61,-999
7,23,2026,11,41,25.7,-999.9,61,-999
7,23,2026,11,42,25.7,-999.9,61,-999
7,23,2026,11,42,25.7,-999.9,61,-999
7,23,2026,11,42,25.7,-999.9,61,-999
7,23,2026,11,42,25.7,-999.9,61,-999
7,23,2026,11,42,25.7,-999.9,61,-999
7,23,2026,11,42,25.7,-999.9,62,-999
7,23,2026,11,43,25.7,-999.9,62,-999
7,23,2026,11,43,25.7,-999.9,62,-999
7,23,2026,11,43,25.6,-999.9,62,-999
7,23,2026,11,43,25.6,-999.9,62,-999
7,23,2026,11,43,25.6,-999.9,62,-999
7,23,2026,11,43,25.6,-999.9,62,-999
7,23,2026,11,44,25.6,-999.9,62,-999
7,23,2026,11,44,25.6,-999.9,62,-999
7,23,2026,11,44,25.6,-999.9,62,-999
7,23,2026,11,44,25.6,-999.9,62,-999
7,23,2026,11,44,25.6,-999.9,62,-999
7,23,2026,11,44,25.6,-999.9,62,-999
7,23,2026,11,45,25.6,-999.9,62,-999
7,23,2026,11,45,25.6,-999.9,62,-999
7,23,2026,11,45,25.6,-999.9,62,-999
7,23,2026,11,45,25.6,-999.9,61,-999
7,23,2026,11,45,25.6,-999.9,61,-999
7,23,2026,11,45,25.6,-999.9,61,-999
7,23,2026,11,46,25.6,-999.9,61,-999
7,23,2026,11,46,25.6,-999.9,61,-999
7,23,2026,11,46,25.6,-999.9,61,-999
7,23,2026,11,46,25.6,-999.9,61,-999
7,23,2026,11,46,25.6,-999.9,61,-999
7,23,2026,11,46,25.6,-999.9,61,-999
7,23,2026,11,47,25.6,-999.9,61,-999
7,23,2026,11,47,25.6,-999.9,61,-999
7,23,2026,11,47,25.6,-999.9,61,-999
7,23,2026,11,47,25.6,-999.9,61,-999
7,23,2026,11,47,25.6,-999.9,61,-999
7,23,2026,11,47,25.6,-999.9,61,-999
7,23,2026,11,48,25.6,-999.9,61,-999
7,23,2026,11,48,25.6,-999.9,61,-999
7,23,2026,11,48,25.6,-999.9,61,-999
7,23,2026,11,48,25.6,-999.9,61,-999
7,23,2026,11,48,25.6,-999.9,61,-999
7,23,2026,11,48,25.6,-999.9,61,-999
7,23,2026,11,49,25.6,-999.9,61,-999
7,23,2026,11,49,25.6,-999.9,61,-999
7,23,2026,11,49,25.6,-999.9,61,-999
7,23,2026,11,49,25.6,-999.9,61,-999
7,23,2026,11,49,25.6,-999.9,61,-999
7,23,2026,11,49,25.6,-999.9,61,-999
7,23,2026,11,50,25.6,-999.9,61,-999
7,23,2026,11,50,25.6,-999.9,61,-999
7,23,2026,11,50,25.6,-999.9,61,-999
7,23,2026,11,50,25.5,-999.9,61,-999
7,23,2026,11,50,25.5,-999.9,61,-999
7,23,2026,11,50,25.5,-999.9,61,-999
7,23,2026,11,51,25.5,-999.9,61,-999
7,23,2026,11,51,25.5,-999.9,61,-999
7,23,2026,11,51,25.5,-999.9,61,-999
7,23,2026,11,51,25.5,-999.9,61,-999
7,23,2026,11,51,25.5,-999.9,61,-999
7,23,2026,11,51,25.5,-999.9,60,-999
7,23,2026,11,52,25.5,-999.9,60,-999
7,23,2026,11,52,25.5,-999.9,61,-999
7,23,2026,11,52,25.5,-999.9,61,-999
7,23,2026,11,52,25.5,-999.9,61,-999
7,23,2026,11,52,25.4,-999.9,61,-999
7,23,2026,11,52,25.4,-999.9,61,-999
7,23,2026,11,53,25.4,-999.9,61,-999
7,23,2026,11,53,25.4,-999.9,61,-999
7,23,2026,11,53,25.4,-999.9,61,-999
7,23,2026,11,53,25.4,-999.9,61,-999
7,23,2026,11,53,25.4,-999.9,61,-999
7,23,2026,11,53,25.4,-999.9,61,-999
7,23,2026,11,54,25.4,-999.9,61,-999
7,23,2026,11,54,25.4,-999.9,61,-999
7,23,2026,11,54,25.4,-999.9,61,-999
7,23,2026,11,54,25.4,-999.9,61,-999
7,23,2026,11,54,25.4,-999.9,61,-999
7,23,2026,11,54,25.4,-999.9,61,-999
7,23,2026,11,55,25.4,-999.9,60,-999
7,23,2026,11,55,25.4,-999.9,60,-999
7,23,2026,11,55,25.4,-999.9,61,-999
7,23,2026,11,55,25.4,-999.9,61,-999
7,23,2026,11,55,25.4,-999.9,60,-999
7,23,2026,11,55,25.4,-999.9,60,-999
7,23,2026,11,56,25.4,-999.9,60,-999
7,23,2026,11,56,25.4,-999.9,60,-999
7,23,2026,11,56,25.4,-999.9,60,-999
7,23,2026,11,56,25.4,-999.9,60,-999
7,23,2026,11,56,25.4,-999.9,60,-999
7,23,2026,11,56,25.4,-999.9,60,-999
7,23,2026,11,57,25.4,-999.9,60,-999
7,23,2026,11,57,25.4,-999.9,60,-999
7,23,2026,11,57,25.3,-999.9,60,-999
7,23,2026,11,57,25.3,-999.9,60,-999
7,23,2026,11,57,25.3,-999.9,60,-999
7,23,2026,11,57,25.3,-999.9,60,-999
7,23,2026,11,58,25.3,-999.9,60,-999
7,23,2026,11,58,25.3,-999.9,60,-999
7,23,2026,11,58,25.3,-999.9,60,-999
7,23,2026,11,58,25.3,-999.9,60,-999
7,23,2026,11,58,25.3,-999.9,60,-999
7,23,2026,11,58,25.3,-999.9,60,-999
7,23,2026,11,59,25.3,-999.9,60,-999
7,23,2026,11,59,25.3,-999.9,60,-999
7,23,2026,11,59,25.3,-999.9,60,-999
7,23,2026,11,59,25.2,-999.9,60,-999
7,23,2026,11,59,25.2,-999.9,60,-999
7,23,2026,11,59,25.2,-999.9,60,-999
7,23,2026,12,00,25.2,-999.9,60,-999
7,23,2026,12,00,25.2,-999.9,60,-999
7,23,2026,12,00,25.2,-999.9,61,-999
7,23,2026,12,00,25.2,-999.9,60,-999
7,23,2026,12,00,25.2,-999.9,60,-999
7,23,2026,12,00,25.2,-999.9,60,-999
7,23,2026,12,01,25.2,-999.9,60,-999
7,23,2026,12,01,25.2,-999.9,60,-999
7,23,2026,12,01,25.2,-999.9,61,-999
7,23,2026,12,01,25.2,-999.9,60,-999
7,23,2026,12,01,25.2,-999.9,60,-999
7,23,2026,12,01,25.2,-999.9,60,-999
7,23,2026,12,02,25.2,-999.9,60,-999
7,23,2026,12,02,25.2,-999.9,60,-999
7,23,2026,12,02,25.2,-999.9,60,-999
7,23,2026,12,02,25.2,-999.9,60,-999
7,23,2026,12,02,25.1,-999.9,60,-999
7,23,2026,12,02,25.1,-999.9,60,-999
7,23,2026,12,03,25.1,-999.9,60,-999
7,23,2026,12,03,25.1,-999.9,60,-999
7,23,2026,12,03,25.1,-999.9,60,-999
7,23,2026,12,03,25.1,-999.9,61,-999
7,23,2026,12,03,25.1,-999.9,60,-999
7,23,2026,12,03,25.1,-999.9,60,-999
7,23,2026,12,04,25.1,-999.9,60,-999
7,23,2026,12,04,25.1,-999.9,60,-999
7,23,2026,12,04,25.1,-999.9,60,-999
7,23,2026,12,04,25.1,-999.9,60,-999
7,23,2026,12,04,25.2,-999.9,60,-999
7,23,2026,12,04,25.2,-999.9,60,-999
7,23,2026,12,05,25.2,-999.9,60,-999
7,23,2026,12,05,25.2,-999.9,60,-999
7,23,2026,12,05,25.2,-999.9,60,-999
7,23,2026,12,05,25.2,-999.9,60,-999
7,23,2026,12,05,25.2,-999.9,60,-999
7,23,2026,12,05,25.2,-999.9,60,-999
7,23,2026,12,06,25.2,-999.9,60,-999
7,23,2026,12,06,25.2,-999.9,60,-999
7,23,2026,12,06,25.2,-999.9,60,-999
7,23,2026,12,06,25.2,-999.9,60,-999
7,23,2026,12,06,25.2,-999.9,60,-999
7,23,2026,12,06,25.2,-999.9,60,-999
7,23,2026,12,07,25.2,-999.9,60,-999
7,23,2026,12,07,25.2,-999.9,60,-999
7,23,2026,12,07,25.2,-999.9,60,-999
7,23,2026,12,07,25.2,-999.9,60,-999
7,23,2026,12,07,25.2,-999.9,60,-999
7,23,2026,12,07,25.2,-999.9,60,-999
7,23,2026,12,08,25.2,-999.9,60,-999
7,23,2026,12,08,25.1,-999.9,60,-999
7,23,2026,12,08,25.2,-999.9,60,-999
7,23,2026,12,08,25.2,-999.9,60,-999
7,23,2026,12,08,25.1,-999.9,60,-999
7,23,2026,12,08,25.1,-999.9,60,-999
7,23,2026,12,09,25.1,-999.9,60,-999
7,23,2026,12,09,25.1,-999.9,60,-999
7,23,2026,12,09,25.1,-999.9,60,-999
7,23,2026,12,09,25.1,-999.9,60,-999
7,23,2026,12,09,25.1,-999.9,60,-999
7,23,2026,12,09,25.1,-999.9,60,-999
7,23,2026,12,10,25.1,-999.9,60,-999
7,23,2026,12,10,25.1,-999.9,60,-999
7,23,2026,12,10,25.1,-999.9,60,-999
7,23,2026,12,10,25.1,-999.9,60,-999
7,23,2026,12,10,25.2,-999.9,60,-999
7,23,2026,12,10,25.1,-999.9,60,-999
7,23,2026,12,11,25.1,-999.9,60,-999
7,23,2026,12,11,25.1,-999.9,60,-999
7,23,2026,12,11,25.1,-999.9,60,-999
7,23,2026,12,11,25.1,-999.9,60,-999
7,23,2026,12,11,25.1,-999.9,60,-999
7,23,2026,12,11,25.2,-999.9,60,-999
7,23,2026,12,12,25.2,-999.9,60,-999
7,23,2026,12,12,25.2,-999.9,60,-999
7,23,2026,12,12,25.2,-999.9,60,-999
7,23,2026,12,12,25.2,-999.9,60,-999
7,23,2026,12,12,25.1,-999.9,60,-999
7,23,2026,12,12,25.2,-999.9,60,-999
7,23,2026,12,13,25.2,-999.9,60,-999
7,23,2026,12,13,25.2,-999.9,60,-999
7,23,2026,12,13,25.2,-999.9,60,-999
7,23,2026,12,13,25.2,-999.9,60,-999
7,23,2026,12,13,25.2,-999.9,60,-999
7,23,2026,12,13,25.2,-999.9,59,-999
7,23,2026,12,14,25.2,-999.9,59,-999
7,23,2026,12,14,25.2,-999.9,59,-999
7,23,2026,12,14,25.2,-999.9,59,-999
7,23,2026,12,14,25.2,-999.9,59,-999
7,23,2026,12,14,25.2,-999.9,59,-999
7,23,2026,12,14,25.2,-999.9,59,-999
7,23,2026,12,15,25.2,-999.9,59,-999
7,23,2026,12,15,25.1,-999.9,59,-999
7,23,2026,12,15,25.1,-999.9,59,-999
7,23,2026,12,15,25.1,-999.9,59,-999
7,23,2026,12,15,25.1,-999.9,59,-999
7,23,2026,12,15,25.1,-999.9,59,-999
7,23,2026,12,16,25.1,-999.9,59,-999
7,23,2026,12,16,25.1,-999.9,60,-999
7,23,2026,12,16,25.1,-999.9,60,-999
7,23,2026,12,16,25.1,-999.9,59,-999
7,23,2026,12,16,25.1,-999.9,60,-999
7,23,2026,12,16,25.1,-999.9,60,-999
7,23,2026,12,17,25.1,-999.9,60,-999
7,23,2026,12,17,25.1,-999.9,60,-999
7,23,2026,12,17,25.1,-999.9,60,-999
7,23,2026,12,17,25.1,-999.9,60,-999
7,23,2026,12,17,25.1,-999.9,60,-999
7,23,2026,12,17,25.1,-999.9,60,-999
7,23,2026,12,18,25.1,-999.9,60,-999
7,23,2026,12,18,25.1,-999.9,60,-999
7,23,2026,12,18,25.1,-999.9,60,-999
7,23,2026,12,18,25.1,-999.9,60,-999
7,23,2026,12,18,25.1,-999.9,60,-999
7,23,2026,12,18,25.1,-999.9,60,-999
7,23,2026,12,19,25.1,-999.9,60,-999
7,23,2026,12,19,25.1,-999.9,60,-999
7,23,2026,12,19,25.1,-999.9,60,-999
7,23,2026,12,19,25.1,-999.9,60,-999
7,23,2026,12,19,25.1,-999.9,60,-999
7,23,2026,12,19,25.1,-999.9,60,-999
7,23,2026,12,20,25.1,-999.9,60,-999
7,23,2026,12,20,25.1,-999.9,60,-999
7,23,2026,12,20,25.1,-999.9,60,-999
7,23,2026,12,20,25.1,-999.9,60,-999
7,23,2026,12,20,25.1,-999.9,60,-999
7,23,2026,12,20,25.1,-999.9,60,-999
7,23,2026,12,21,25.1,-999.9,60,-999
7,23,2026,12,21,25.1,-999.9,60,-999
7,23,2026,12,21,25.1,-999.9,60,-999
7,23,2026,12,21,25.1,-999.9,60,-999
7,23,2026,12,21,25.1,-999.9,60,-999
7,23,2026,12,21,25.1,-999.9,60,-999
7,23,2026,12,22,25.1,-999.9,60,-999
7,23,2026,12,22,25.1,-999.9,60,-999
7,23,2026,12,22,25.1,-999.9,59,-999
7,23,2026,12,22,25.1,-999.9,59,-999
7,23,2026,12,22,25.1,-999.9,59,-999
7,23,2026,12,22,25.1,-999.9,59,-999
7,23,2026,12,23,25.1,-999.9,59,-999
7,23,2026,12,23,25.1,-999.9,59,-999
7,23,2026,12,23,25.1,-999.9,59,-999
7,23,2026,12,23,25.1,-999.9,59,-999
7,23,2026,12,23,25.1,-999.9,59,-999
7,23,2026,12,23,25.1,-999.9,59,-999
7,23,2026,12,24,25.1,-999.9,59,-999
7,23,2026,12,24,25.1,-999.9,59,-999
7,23,2026,12,24,25.1,-999.9,59,-999
7,23,2026,12,24,25.1,-999.9,59,-999
7,23,2026,12,24,25.1,-999.9,59,-999
7,23,2026,12,24,25.1,-999.9,59,-999
7,23,2026,12,25,25.1,-999.9,59,-999
7,23,2026,12,25,25.1,-999.9,60,-999
7,23,2026,12,25,25.1,-999.9,60,-999
7,23,2026,12,25,25.1,-999.9,60,-999
7,23,2026,12,25,25.1,-999.9,60,-999
7,23,2026,12,25,25.1,-999.9,60,-999
7,23,2026,12,26,25.1,-999.9,60,-999
7,23,2026,12,26,25.1,-999.9,60,-999
7,23,2026,12,26,25.1,-999.9,60,-999
7,23,2026,12,26,25.1,-999.9,60,-999
7,23,2026,12,26,25.1,-999.9,60,-999
7,23,2026,12,26,25.1,-999.9,60,-999
7,23,2026,12,27,25.1,-999.9,60,-999
7,23,2026,12,27,25.1,-999.9,60,-999
7,23,2026,12,27,25.1,-999.9,60,-999
7,23,2026,12,27,25.1,-999.9,60,-999
7,23,2026,12,27,25.1,-999.9,60,-999
7,23,2026,12,27,25.1,-999.9,60,-999
7,23,2026,12,28,25.1,-999.9,60,-999
7,23,2026,12,28,25.1,-999.9,60,-999
7,23,2026,12,28,25.1,-999.9,60,-999
7,23,2026,12,28,25.1,-999.9,60,-999
7,23,2026,12,28,25.1,-999.9,60,-999
7,23,2026,12,28,25.1,-999.9,60,-999
7,23,2026,12,29,25.1,-999.9,60,-999
7,23,2026,12,29,25.1,-999.9,60,-999
7,23,2026,12,29,25.1,-999.9,60,-999
7,23,2026,12,29,25.1,-999.9,60,-999
7,23,2026,12,29,25.1,-999.9,60,-999
7,23,2026,12,29,25.1,-999.9,60,-999
7,23,2026,12,30,25.1,-999.9,60,-999
7,23,2026,12,30,25.1,-20,60,50
7,23,2026,12,30,24.2,-20,63,50
7,23,2026,12,30,23.1,-20,66,50
7,23,2026,12,30,22.3,-20,70,50
7,23,2026,12,30,21.6,-20,73,50
7,23,2026,12,31,21,-20,75,50
7,23,2026,12,31,20.5,-20,76,50
7,23,2026,12,31,20,-20,76,50
7,23,2026,12,31,19.6,-20,76,50
7,23,2026,12,31,19.2,-20,75,50
7,23,2026,12,31,18.7,-20,74,50
7,23,2026,12,32,18.3,-20,73,50
7,23,2026,12,32,17.7,-20,71,50
7,23,2026,12,32,16.9,-20,69,50
7,23,2026,12,32,16.1,-20,67,50
7,23,2026,12,32,15.2,-20,64,50
7,23,2026,12,32,14.3,-20,62,50
7,23,2026,12,33,13.4,-20,61,50
7,23,2026,12,33,12.6,-20,60,50
7,23,2026,12,33,11.8,-20,59,50
7,23,2026,12,33,11,-20,58,50
7,23,2026,12,33,10.3,-20,57,50
7,23,2026,12,33,9.7,-20,57,50
7,23,2026,12,34,9.1,-20,57,50
7,23,2026,12,34,8.5,-20,56,50
7,23,2026,12,34,8,-20,56,50
7,23,2026,12,34,7.5,-20,56,50
7,23,2026,12,34,7,-20,56,50
7,23,2026,12,34,6.6,-20,56,50
7,23,2026,12,35,6.1,-20,56,50
7,23,2026,12,35,5.7,-20,56,50
7,23,2026,12,35,5.3,-20,56,50
7,23,2026,12,35,4.9,-20,57,50
7,23,2026,12,35,4.4,-20,57,50
7,23,2026,12,35,4,-20,57,50
7,23,2026,12,36,3.6,-20,57,50
7,23,2026,12,36,3.2,-20,57,50
7,23,2026,12,36,2.8,-20,59,50
7,23,2026,12,36,2.4,-20,62,50
7,23,2026,12,36,2,-20,67,50
7,23,2026,12,36,1.6,-20,73,50
7,23,2026,12,37,1.2,-20,79,50
7,23,2026,12,37,0.9,-20,85,50
7,23,2026,12,37,0.5,-20,92,50
7,23,2026,12,37,0.2,-20,99,50
7,23,2026,12,37,-0.1,-20,-999,50
7,23,2026,12,37,-0.5,-20,-999,50
7,23,2026,12,38,-0.7,-20,-999,50
7,23,2026,12,38,-1,-20,-999,50
7,23,2026,12,38,-1.3,-20,-999,50
7,23,2026,12,38,-1.5,-20,-999,50
7,23,2026,12,38,-1.8,-20,-999,50
7,23,2026,12,38,-2,-20,-999,50
7,23,2026,12,39,-2.3,-20,-999,50
7,23,2026,12,39,-2.5,-20,-999,50
7,23,2026,12,39,-2.8,-20,-999,50
7,23,2026,12,39,-3,-20,-999,50
7,23,2026,12,39,-3.3,-20,-999,50
7,23,2026,12,39,-3.5,-20,-999,50
7,23,2026,12,40,-3.8,-20,-999,50
7,23,2026,12,40,-4,-20,-999,50
7,23,2026,12,40,-4.2,-20,-999,50
7,23,2026,12,40,-4.4,-20,-999,50
7,23,2026,12,40,-4.6,-20,-999,50
7,23,2026,12,40,-4.8,-20,-999,50
7,23,2026,12,41,-5,-20,-999,50
7,23,2026,12,41,-5.2,-20,-999,50
7,23,2026,12,41,-5.4,-20,-999,50
7,23,2026,12,41,-5.6,-20,-999,50
7,23,2026,12,41,-5.7,-20,-999,50
7,23,2026,12,41,-6,-20,-999,50
7,23,2026,12,42,-6.1,-20,-999,50
7,23,2026,12,42,-6.4,-20,-999,50
7,23,2026,12,42,-6.6,-20,-999,50
7,23,2026,12,42,-6.7,-20,-999,50
7,23,2026,12,42,-6.9,-20,-999,50
7,23,2026,12,42,-7.1,-20,-999,50
7,23,2026,12,43,-7.3,-20,-999,50
7,23,2026,12,43,-7.4,-20,-999,50
7,23,2026,12,43,-7.6,-20,-999,50
7,23,2026,12,43,-7.7,-20,-999,50
7,23,2026,12,43,-7.9,-20,-999,50
7,23,2026,12,43,-8.1,-20,-999,50
7,23,2026,12,44,-8.2,-20,-999,50
7,23,2026,12,44,-8.4,-20,-999,50
7,23,2026,12,44,-8.6,-20,-999,50
7,23,2026,12,44,-8.7,-20,-999,50
7,23,2026,12,44,-8.9,-20,-999,50
7,23,2026,12,44,-9,-20,-999,50
7,23,2026,12,45,-9.2,-20,-999,50
7,23,2026,12,45,-9.3,-20,-999,50
7,23,2026,12,45,-9.5,-20,-999,50
7,23,2026,12,45,-9.6,-20,-999,50
7,23,2026,12,45,-9.8,-20,-999,50
7,23,2026,12,45,-9.9,-20,-999,50
7,23,2026,12,46,-10.1,-20,-999,50
7,23,2026,12,46,-10.2,-20,-999,50
7,23,2026,12,46,-10.3,-20,-999,50
7,23,2026,12,46,-10.5,-20,-999,50
7,23,2026,12,46,-10.6,-20,-999,50
7,23,2026,12,46,-10.7,-20,-999,50
7,23,2026,12,47,-10.9,-20,-999,50
7,23,2026,12,47,-11,-20,-999,50
7,23,2026,12,47,-11.1,-20,-999,50
7,23,2026,12,47,-11.2,-20,-999,50
7,23,2026,12,47,-11.4,-20,-999,50
7,23,2026,12,47,-11.5,-20,-999,50
7,23,2026,12,48,-11.6,-20,-999,50
7,23,2026,12,48,-11.7,-20,-999,50
7,23,2026,12,48,-11.8,-20,-999,50
7,23,2026,12,48,-12,-20,-999,50
7,23,2026,12,48,-12.1,-20,-999,50
7,23,2026,12,48,-12.2,-20,-999,50
7,23,2026,12,49,-12.3,-20,-999,50
7,23,2026,12,49,-12.5,-20,-999,50
7,23,2026,12,49,-12.6,-20,-999,50
7,23,2026,12,49,-12.7,-20,-999,50
7,23,2026,12,49,-12.8,-20,-999,50
7,23,2026,12,49,-12.9,-20,-999,50
7,23,2026,12,50,-13.1,-20,-999,50
7,23,2026,12,50,-13.2,-20,-999,50
7,23,2026,12,50,-13.3,-20,-999,50
7,23,2026,12,50,-13.4,-20,-999,50
7,23,2026,12,50,-13.5,-20,-999,50
7,23,2026,12,50,-13.6,-20,-999,50
7,23,2026,12,51,-13.7,-20,-999,50
7,23,2026,12,51,-13.8,-20,-999,50
7,23,2026,12,51,-13.9,-20,-999,50
7,23,2026,12,51,-14,-20,-999,50
7,23,2026,12,51,-14.1,-20,-999,50
7,23,2026,12,51,-14.2,-20,-999,50
7,23,2026,12,52,-14.3,-20,-999,50
7,23,2026,12,52,-14.4,-20,-999,50
7,23,2026,12,52,-14.5,-20,-999,50
7,23,2026,12,52,-14.6,-20,-999,50
7,23,2026,12,52,-14.7,-20,-999,50
7,23,2026,12,52,-14.8,-20,-999,50
7,23,2026,12,53,-14.9,-20,-999,50
7,23,2026,12,53,-15,-20,-999,50
7,23,2026,12,53,-15.1,-20,-999,50
7,23,2026,12,53,-15.2,-20,-999,50
7,23,2026,12,53,-15.3,-20,-999,50
7,23,2026,12,53,-15.4,-20,-999,50
7,23,2026,12,54,-15.5,-20,-999,50
7,23,2026,12,54,-15.6,-20,-999,50
7,23,2026,12,54,-15.7,-20,-999,50
7,23,2026,12,54,-15.8,-20,-999,50
7,23,2026,12,54,-15.9,-20,-999,50
7,23,2026,12,54,-16,-20,-999,50
7,23,2026,12,55,-16.1,-20,-999,50
7,23,2026,12,55,-16.2,-20,-999,50
7,23,2026,12,55,-16.3,-20,-999,50
7,23,2026,12,55,-16.4,-20,-999,50
7,23,2026,12,55,-16.4,-20,-999,50
7,23,2026,12,55,-16.5,-20,-999,50
7,23,2026,12,56,-16.6,-20,-999,50
7,23,2026,12,56,-16.7,-20,-999,50
7,23,2026,12,56,-16.8,-20,-999,50
7,23,2026,12,56,-16.9,-20,-999,50
7,23,2026,12,56,-17,-20,-999,50
7,23,2026,12,56,-17.1,-20,-999,50
7,23,2026,12,57,-17.1,-20,-999,50
7,23,2026,12,57,-17.2,-20,-999,50
7,23,2026,12,57,-17.3,-20,-999,50
7,23,2026,12,57,-17.4,-20,-999,50
7,23,2026,12,57,-17.5,-20,-999,50
7,23,2026,12,57,-17.5,-20,-999,50
7,23,2026,12,58,-17.6,-20,-999,50
7,23,2026,12,58,-17.7,-20,-999,50
7,23,2026,12,58,-17.8,-20,-999,50
7,23,2026,12,58,-17.8,-20,-999,50
7,23,2026,12,58,-17.9,-20,-999,50
7,23,2026,12,58,-18,-20,-999,50
7,23,2026,12,59,-18.1,-20,-999,50
7,23,2026,12,59,-18.2,-20,-999,50
7,23,2026,12,59,-18.3,-20,-999,50
7,23,2026,12,59,-18.3,-20,-999,50
7,23,2026,12,59,-18.4,-20,-999,50
7,23,2026,12,59,-18.5,-20,-999,50
7,23,2026,13,00,-18.6,-20,-999,50
7,23,2026,13,00,-18.6,-20,-999,50
7,23,2026,13,00,-18.7,-20,-999,50
7,23,2026,13,00,-18.8,-20,-999,50
7,23,2026,13,00,-18.9,-20,-999,50
7,23,2026,13,00,-18.9,-20,-999,50
7,23,2026,13,01,-19,-20,-999,50
7,23,2026,13,01,-19.1,-20,-999,50
7,23,2026,13,01,-19.1,-20,-999,50
7,23,2026,13,01,-19.2,-20,-999,50
7,23,2026,13,01,-19.3,-20,-999,50
7,23,2026,13,01,-19.3,-20,-999,50
7,23,2026,13,02,-19.4,-20,-999,50
7,23,2026,13,02,-19.5,-20,-999,50
7,23,2026,13,02,-19.5,-20,-999,50
7,23,2026,13,02,-19.6,-20,-999,50
7,23,2026,13,02,-19.7,-20,-999,50
7,23,2026,13,02,-19.7,-20,-999,50
7,23,2026,13,03,-19.8,-20,-999,50
7,23,2026,13,03,-19.9,-20,-999,50
7,23,2026,13,03,-19.9,-20,-999,50
7,23,2026,13,03,-20,-20,-999,50
7,23,2026,13,03,-20,-20,-999,50
7,23,2026,13,03,-20,-20,-999,50
7,23,2026,13,04,-20.1,-20,-999,50
7,23,2026,13,04,-20,-20,-999,50
7,23,2026,13,04,-20,-20,-999,50
7,23,2026,13,04,-20,-20,-999,50
7,23,2026,13,04,-20,-20,-999,50
7,23,2026,13,04,-20.1,-20,-999,50
7,23,2026,13,05,-20.1,-20,-999,50
7,23,2026,13,05,-20,-20,-999,50
7,23,2026,13,05,-20,-20,-999,50
7,23,2026,13,05,-20,-20,-999,50
7,23,2026,13,05,-20,-20,-999,50
7,23,2026,13,05,-20,-20,-999,50
7,23,2026,13,06,-20,-20,-999,50
7,23,2026,13,06,-20,-20,-999,50
7,23,2026,13,06,-20,-20,-999,50
7,23,2026,13,06,-20,-20,-999,50
7,23,2026,13,06,-20,-20,-999,50
7,23,2026,13,06,-20,-20,-999,50
7,23,2026,13,07,-20,-20,-999,50
7,23,2026,13,07,-20,-20,-999,50
7,23,2026,13,07,-20,-20,-999,50
7,23,2026,13,07,-20,-20,-999,50
7,23,2026,13,07,-20,-20,-999,50
7,23,2026,13,07,-20,-20,-999,50
7,23,2026,13,08,-20,-20,-999,50
7,23,2026,13,08,-20,-20,-999,50
7,23,2026,13,08,-20,-20,-999,50
7,23,2026,13,08,-20,-20,-999,50
7,23,2026,13,08,-20,-20,-999,50
7,23,2026,13,08,-20,-20,-999,50
7,23,2026,13,09,-20,-20,-999,50
7,23,2026,13,09,-20,-20,-999,50
7,23,2026,13,09,-20,-20,-999,50
7,23,2026,13,09,-20,-20,-999,50
7,23,2026,13,09,-20,-20,-999,50
7,23,2026,13,09,-20,-20,-999,50
7,23,2026,13,10,-20,-20,-999,50
7,23,2026,13,10,-20,-20,-999,50
7,23,2026,13,10,-20,-20,-999,50
7,23,2026,13,10,-20,-20,-999,50
7,23,2026,13,10,-20,-20,-999,50
7,23,2026,13,10,-20,-20,-999,50
7,23,2026,13,11,-20,-20,-999,50
7,23,2026,13,11,-20,-20,-999,50
7,23,2026,13,11,-20,-20,-999,50
7,23,2026,13,11,-20,-20,-999,50
7,23,2026,13,11,-20,-20,-999,50
7,23,2026,13,11,-20,-20,-999,50
7,23,2026,13,12,-20,-20,-999,50
7,23,2026,13,12,-20,-20,-999,50
7,23,2026,13,12,-20,-20,-999,50
7,23,2026,13,12,-20,-20,-999,50
7,23,2026,13,12,-20,-20,-999,50
7,23,2026,13,12,-20,-20,-999,50
7,23,2026,13,13,-20,-20,-999,50
7,23,2026,13,13,-20,-20,-999,50
7,23,2026,13,13,-20,-20,-999,50
7,23,2026,13,13,-20,-20,-999,50
7,23,2026,13,13,-20,-20,-999,50
7,23,2026,13,13,-20,-20,-999,50
7,23,2026,13,14,-20,-20,-999,50
7,23,2026,13,14,-20,-20,-999,50
7,23,2026,13,14,-20,-20,-999,50
7,23,2026,13,14,-20,-20,-999,50
7,23,2026,13,14,-20,-20,-999,50
7,23,2026,13,14,-20,-20,-999,50
7,23,2026,13,15,-20,-20,-999,50
7,23,2026,13,15,-20,-20,-999,50
7,23,2026,13,15,-20,-20,-999,50
7,23,2026,13,15,-20,-20,-999,50
7,23,2026,13,15,-20,-20,-999,50
7,23,2026,13,15,-20,-20,-999,50
7,23,2026,13,16,-20,-20,-999,50
7,23,2026,13,16,-20,-20,-999,50
7,23,2026,13,16,-20,-20,-999,50
7,23,2026,13,16,-20,-20,-999,50
7,23,2026,13,16,-20,-20,-999,50
7,23,2026,13,16,-20,-20,-999,50
7,23,2026,13,17,-20,-20,-999,50
7,23,2026,13,17,-20,-20,-999,50
7,23,2026,13,17,-20,-20,-999,50
7,23,2026,13,17,-20,-20,-999,50
7,23,2026,13,17,-20,-20,-999,50
7,23,2026,13,17,-20,-20,-999,50
7,23,2026,13,18,-20,-20,-999,50
7,23,2026,13,18,-20,-20,-999,50
7,23,2026,13,18,-20,-20,-999,50
7,23,2026,13,18,-20,-20,-999,50
7,23,2026,13,18,-20,-20,-999,50
7,23,2026,13,18,-20,-20,-999,50
7,23,2026,13,19,-20,-20,-999,50
7,23,2026,13,19,-20,-20,-999,50
7,23,2026,13,19,-20,-20,-999,50
7,23,2026,13,19,-20,-20,-999,50
7,23,2026,13,19,-20,-20,-999,50
7,23,2026,13,19,-20,-20,-999,50
7,23,2026,13,20,-20,-20,-999,50
7,23,2026,13,20,-20,-20,-999,50
7,23,2026,13,20,-20,-20,-999,50
7,23,2026,13,20,-20,-20,-999,50
7,23,2026,13,20,-20,-20,-999,50
7,23,2026,13,20,-20,-20,-999,50
7,23,2026,13,21,-20,-20,-999,50
7,23,2026,13,21,-20,-20,-999,50
7,23,2026,13,21,-20,-20,-999,50
7,23,2026,13,21,-20,-20,-999,50
7,23,2026,13,21,-20,-20,-999,50
7,23,2026,13,21,-20,-20,-999,50
7,23,2026,13,22,-20,-20,-999,50
7,23,2026,13,22,-20,-20,-999,50
7,23,2026,13,22,-20,-20,-999,50
7,23,2026,13,22,-20,-20,-999,50
7,23,2026,13,22,-20,-20,-999,50
7,23,2026,13,22,-20,-20,-999,50
7,23,2026,13,23,-20,-20,-999,50
7,23,2026,13,23,-20,-20,-999,50
7,23,2026,13,23,-20,-20,-999,50
7,23,2026,13,23,-20,-20,-999,50
7,23,2026,13,23,-20,-20,-999,50
7,23,2026,13,23,-20,-20,-999,50
7,23,2026,13,24,-20,-20,-999,50
7,23,2026,13,24,-20,-20,-999,50
7,23,2026,13,24,-20,-20,-999,50
7,23,2026,13,24,-20,-20,-999,50
7,23,2026,13,24,-20,-20,-999,50
7,23,2026,13,24,-20,-20,-999,50
7,23,2026,13,25,-20,-20,-999,50
7,23,2026,13,25,-20,-20,-999,50
7,23,2026,13,25,-20,-20,-999,50
7,23,2026,13,25,-20,-20,-999,50
7,23,2026,13,25,-20,-20,-999,50
7,23,2026,13,25,-20,-20,-999,50
7,23,2026,13,26,-20,-20,-999,50
7,23,2026,13,26,-20,-20,-999,50
7,23,2026,13,26,-20,-20,-999,50
7,23,2026,13,26,-20,-20,-999,50
7,23,2026,13,26,-20,-20,-999,50
7,23,2026,13,26,-20,-20,-999,50
7,23,2026,13,27,-20,-20,-999,50
7,23,2026,13,27,-20,-20,-999,50
7,23,2026,13,27,-20,-20,-999,50
7,23,2026,13,27,-20,-20,-999,50
7,23,2026,13,27,-20,-20,-999,50
7,23,2026,13,27,-20,-20,-999,50
7,23,2026,13,28,-20,-20,-999,50
7,23,2026,13,28,-20,-20,-999,50
7,23,2026,13,28,-20,-20,-999,50
7,23,2026,13,28,-20,-20,-999,50
7,23,2026,13,28,-20,-20,-999,50
7,23,2026,13,28,-20,-20,-999,50
7,23,2026,13,29,-20,-20,-999,50
7,23,2026,13,29,-20,-20,-999,50
7,23,2026,13,29,-20,-20,-999,50
7,23,2026,13,29,-20,-20,-999,50
7,23,2026,13,29,-20,-20,-999,50
7,23,2026,13,29,-20,-20,-999,50
7,23,2026,13,30,-20,-20,-999,50
7,23,2026,13,30,-20,-20,-999,50
7,23,2026,13,30,-20,-20,-999,50
7,23,2026,13,30,-20,-20,-999,50
7,23,2026,13,30,-20,-20,-999,50
7,23,2026,13,30,-20,-20,-999,50
7,23,2026,13,31,-20,-20,-999,50
7,23,2026,13,31,-20,-20,-999,50
7,23,2026,13,31,-20,-20,-999,50
7,23,2026,13,31,-20,-20,-999,50
7,23,2026,13,31,-20,-20,-999,50
7,23,2026,13,31,-20,-20,-999,50
7,23,2026,13,32,-20,-20,-999,50
7,23,2026,13,32,-20,-20,-999,50
7,23,2026,13,32,-20,-20,-999,50
7,23,2026,13,32,-20,-20,-999,50
7,23,2026,13,32,-20,-20,-999,50
7,23,2026,13,32,-20,-20,-999,50
7,23,2026,13,33,-20,-20,-999,50
7,23,2026,13,33,-20,-20,-999,50
7,23,2026,13,33,-20,-20,-999,50
7,23,2026,13,33,-20,-20,-999,50
7,23,2026,13,33,-20,-20,-999,50
7,23,2026,13,33,-20,-20,-999,50
7,23,2026,13,34,-20,-20,-999,50
7,23,2026,13,34,-20,-20,-999,50
7,23,2026,13,34,-20,-20,-999,50
7,23,2026,13,34,-20,-20,-999,50
7,23,2026,13,34,-20,-20,-999,50
7,23,2026,13,34,-20,-20,-999,50
7,23,2026,13,35,-20,-20,-999,50
7,23,2026,13,35,-20,-20,-999,50
7,23,2026,13,35,-20,-20,-999,50
7,23,2026,13,35,-20,-20,-999,50
7,23,2026,13,35,-20,-20,-999,50
7,23,2026,13,35,-20,-20,-999,50
7,23,2026,13,36,-20,-20,-999,50
7,23,2026,13,36,-20,-20,-999,50
7,23,2026,13,36,-20,-20,-999,50
7,23,2026,13,36,-20,-20,-999,50
7,23,2026,13,36,-20,-20,-999,50
7,23,2026,13,36,-20,-20,-999,50
7,23,2026,13,37,-20,-20,-999,50
7,23,2026,13,37,-20,-20,-999,50
7,23,2026,13,37,-20,-20,-999,50
7,23,2026,13,37,-20,-20,-999,50
7,23,2026,13,37,-20,-20,-999,50
7,23,2026,13,37,-20,-20,-999,50
7,23,2026,13,38,-20,-20,-999,50
7,23,2026,13,38,-20,-20,-999,50
7,23,2026,13,38,-20,-20,-999,50
7,23,2026,13,38,-20,-20,-999,50
7,23,2026,13,38,-20,-20,-999,50
7,23,2026,13,38,-20,-20,-999,50
7,23,2026,13,39,-20,-20,-999,50
7,23,2026,13,39,-20,-20,-999,50
7,23,2026,13,39,-20,-20,-999,50
7,23,2026,13,39,-20,-20,-999,50
7,23,2026,13,39,-20,-20,-999,50
7,23,2026,13,39,-20,-20,-999,50
7,23,2026,13,40,-20,-20,-999,50
7,23,2026,13,40,-20,-20,-999,50
7,23,2026,13,40,-20,-20,-999,50
7,23,2026,13,40,-20,-20,-999,50
7,23,2026,13,40,-20,-20,-999,50
7,23,2026,13,40,-20,-20,-999,50
7,23,2026,13,41,-20,-20,-999,50
7,23,2026,13,41,-20,-20,-999,50
7,23,2026,13,41,-20,-20,-999,50
7,23,2026,13,41,-20,-20,-999,50
7,23,2026,13,41,-20,-20,-999,50
7,23,2026,13,41,-20,-20,-999,50
7,23,2026,13,42,-20,-20,-999,50
7,23,2026,13,42,-20,-20,-999,50
7,23,2026,13,42,-20,-20,-999,50
7,23,2026,13,42,-20,-20,-999,50
7,23,2026,13,42,-20,-20,-999,50
7,23,2026,13,42,-20,-20,-999,50
7,23,2026,13,43,-20,-20,-999,50
7,23,2026,13,43,-20,-20,-999,50
7,23,2026,13,43,-20,-20,-999,50
7,23,2026,13,43,-20,-20,-999,50
7,23,2026,13,43,-20,-20,-999,50
7,23,2026,13,43,-20,-20,-999,50
7,23,2026,13,44,-20,-20,-999,50
7,23,2026,13,44,-20,-20,-999,50
7,23,2026,13,44,-20,-20,-999,50
7,23,2026,13,44,-20,-20,-999,50
7,23,2026,13,44,-20,-20,-999,50
7,23,2026,13,44,-20,-20,-999,50
7,23,2026,13,45,-20,-20,-999,50
7,23,2026,13,45,-20,-20,-999,50
7,23,2026,13,45,-20,-20,-999,50
7,23,2026,13,45,-20,-20,-999,50
7,23,2026,13,45,-20,-20,-999,50
7,23,2026,13,45,-20,-20,-999,50
7,23,2026,13,46,-20,-20,-999,50
7,23,2026,13,46,-20,-20,-999,50
7,23,2026,13,46,-20,-20,-999,50
7,23,2026,13,46,-20,-20,-999,50
7,23,2026,13,46,-20,-20,-999,50
7,23,2026,13,46,-20,-20,-999,50
7,23,2026,13,47,-20,-20,-999,50
7,23,2026,13,47,-20,-20,-999,50
7,23,2026,13,47,-20,-20,-999,50
7,23,2026,13,47,-20,-20,-999,50
7,23,2026,13,47,-20,-20,-999,50
7,23,2026,13,47,-20,-20,-999,50
7,23,2026,13,48,-20,-20,-999,50
7,23,2026,13,48,-20,-20,-999,50
7,23,2026,13,48,-20,-20,-999,50
7,23,2026,13,48,-20,-20,-999,50
7,23,2026,13,48,-20,-20,-999,50
7,23,2026,13,48,-20,-20,-999,50
7,23,2026,13,49,-20,-20,-999,50
7,23,2026,13,49,-20,-20,-999,50
7,23,2026,13,49,-20,-20,-999,50
7,23,2026,13,49,-20,-20,-999,50
7,23,2026,13,49,-20,-20,-999,50
7,23,2026,13,49,-20,-20,-999,50
7,23,2026,13,50,-20,-20,-999,50
7,23,2026,13,50,-20,-20,-999,50
7,23,2026,13,50,-20,-20,-999,50
7,23,2026,13,50,-20,-20,-999,50
7,23,2026,13,50,-20,-20,-999,50
7,23,2026,13,50,-20,-20,-999,50
7,23,2026,13,51,-20,-20,-999,50
7,23,2026,13,51,-20,-20,-999,50
7,23,2026,13,51,-20,-20,-999,50
7,23,2026,13,51,-20,-20,-999,50
7,23,2026,13,51,-20,-20,-999,50
7,23,2026,13,51,-20,-20,-999,50
7,23,2026,13,52,-20,-20,-999,50
7,23,2026,13,52,-20,-20,-999,50
7,23,2026,13,52,-20,-20,-999,50
7,23,2026,13,52,-20,-20,-999,50
7,23,2026,13,52,-20,-20,-999,50
7,23,2026,13,52,-20,-20,-999,50
7,23,2026,13,53,-20,-20,-999,50
7,23,2026,13,53,-20,-20,-999,50
7,23,2026,13,53,-20,-20,-999,50
7,23,2026,13,53,-20,-20,-999,50
7,23,2026,13,53,-20,-20,-999,50
7,23,2026,13,53,-20,-20,-999,50
7,23,2026,13,54,-20,-20,-999,50
7,23,2026,13,54,-20,-20,-999,50
7,23,2026,13,54,-20,-20,-999,50
7,23,2026,13,54,-20,-20,-999,50
7,23,2026,13,54,-20,-20,-999,50
7,23,2026,13,54,-20,-20,-999,50
7,23,2026,13,55,-20,-20,-999,50
7,23,2026,13,55,-20,-20,-999,50
7,23,2026,13,55,-20,-20,-999,50
7,23,2026,13,55,-20,-20,-999,50
7,23,2026,13,55,-20,-20,-999,50
7,23,2026,13,55,-20,-20,-999,50
7,23,2026,13,56,-20,-20,-999,50
7,23,2026,13,56,-20,-20,-999,50
7,23,2026,13,56,-20,-20,-999,50
7,23,2026,13,56,-20,-20,-999,50
7,23,2026,13,56,-20,-20,-999,50
7,23,2026,13,56,-20,-20,-999,50
7,23,2026,13,57,-20,-20,-999,50
7,23,2026,13,57,-20,-20,-999,50
7,23,2026,13,57,-20,-20,-999,50
7,23,2026,13,57,-20,-20,-999,50
7,23,2026,13,57,-20,-20,-999,50
7,23,2026,13,57,-20,-20,-999,50
7,23,2026,13,58,-20,-20,-999,50
7,23,2026,13,58,-20,-20,-999,50
7,23,2026,13,58,-20,-20,-999,50
7,23,2026,13,58,-20,-20,-999,50
7,23,2026,13,58,-20,-20,-999,50
7,23,2026,13,58,-20,-20,-999,50
7,23,2026,13,59,-20,-20,-999,50
7,23,2026,13,59,-20,-20,-999,50
7,23,2026,13,59,-20,-20,-999,50
7,23,2026,13,59,-20,-20,-999,50
7,23,2026,13,59,-20,-20,-999,50
7,23,2026,13,59,-20,-20,-999,50
7,23,2026,14,00,-20,-20,-999,50
7,23,2026,14,00,-20,-20,-999,50
7,23,2026,14,00,-20,-20,-999,50
7,23,2026,14,00,-20,-20,-999,50
7,23,2026,14,00,-20,-20,-999,50
7,23,2026,14,00,-20,-20,-999,50
7,23,2026,14,01,-20,-20,-999,50
7,23,2026,14,01,-20,-20,-999,50
7,23,2026,14,01,-20,-20,-999,50
7,23,2026,14,01,-20,-20,-999,50
7,23,2026,14,01,-20,-20,-999,50
7,23,2026,14,01,-20,-20,-999,50
7,23,2026,14,02,-20,-20,-999,50
7,23,2026,14,02,-20,-20,-999,50
7,23,2026,14,02,-20,-20,-999,50
7,23,2026,14,02,-20,-20,-999,50
7,23,2026,14,02,-20,-20,-999,50
7,23,2026,14,02,-20,-20,-999,50
7,23,2026,14,03,-20,-20,-999,50
7,23,2026,14,03,-20,-20,-999,50
7,23,2026,14,03,-20,-20,-999,50
7,23,2026,14,03,-20,-20,-999,50
7,23,2026,14,03,-20,-20,-999,50
7,23,2026,14,03,-20,-20,-999,50
7,23,2026,14,04,-20,-20,-999,50
7,23,2026,14,04,-20,-20,-999,50
7,23,2026,14,04,-20,-20,-999,50
7,23,2026,14,04,-20,-20,-999,50
7,23,2026,14,04,-20,-20,-999,50
7,23,2026,14,04,-20,-20,-999,50
7,23,2026,14,05,-20,-20,-999,50
7,23,2026,14,05,-20,-20,-999,50
7,23,2026,14,05,-20,-20,-999,50
7,23,2026,14,05,-20,-20,-999,50
7,23,2026,14,05,-20,-20,-999,50
7,23,2026,14,05,-20,-20,-999,50
7,23,2026,14,06,-20,-20,-999,50
7,23,2026,14,06,-20,-20,-999,50
7,23,2026,14,06,-20,-20,-999,50
7,23,2026,14,06,-20,-20,-999,50
7,23,2026,14,06,-20,-20,-999,50
7,23,2026,14,06,-20,-20,-999,50
7,23,2026,14,07,-20,-20,-999,50
7,23,2026,14,07,-20,-20,-999,50
7,23,2026,14,07,-20,-20,-999,50
7,23,2026,14,07,-20,-20,-999,50
7,23,2026,14,07,-20,-20,-999,50
7,23,2026,14,07,-20,-20,-999,50
7,23,2026,14,08,-20,-20,-999,50
7,23,2026,14,08,-20,-20,-999,50
7,23,2026,14,08,-20,-20,-999,50
7,23,2026,14,08,-20,-20,-999,50
7,23,2026,14,08,-20,-20,-999,50
7,23,2026,14,08,-20,-20,-999,50
7,23,2026,14,09,-20,-20,-999,50
7,23,2026,14,09,-20,-20,-999,50
7,23,2026,14,09,-20,-20,-999,50
7,23,2026,14,09,-20,-20,-999,50
7,23,2026,14,09,-20,-20,-999,50
7,23,2026,14,09,-20,-20,-999,50
7,23,2026,14,10,-20,-20,-999,50
7,23,2026,14,10,-20,-20,-999,50
7,23,2026,14,10,-20,-20,-999,50
7,23,2026,14,10,-20,-20,-999,50
7,23,2026,14,10,-20,-20,-999,50
7,23,2026,14,10,-20,-20,-999,50
7,23,2026,14,11,-20,-20,-999,50
7,23,2026,14,11,-20,-20,-999,50
7,23,2026,14,11,-20,-20,-999,50
7,23,2026,14,11,-20,-20,-999,50
7,23,2026,14,11,-20,-20,-999,50
7,23,2026,14,11,-20,-20,-999,50
7,23,2026,14,12,-20,-20,-999,50
7,23,2026,14,12,-20,-20,-999,50
7,23,2026,14,12,-20,-20,-999,50
7,23,2026,14,12,-20,-20,-999,50
7,23,2026,14,12,-20,-20,-999,50
7,23,2026,14,12,-20,-20,-999,50
7,23,2026,14,13,-20,-20,-999,50
7,23,2026,14,13,-20,-20,-999,50
7,23,2026,14,13,-20,-20,-999,50
7,23,2026,14,13,-20,-20,-999,50
7,23,2026,14,13,-20,-20,-999,50
7,23,2026,14,13,-20,-20,-999,50
7,23,2026,14,14,-20,-20,-999,50
7,23,2026,14,14,-20,-20,-999,50
7,23,2026,14,14,-20,-20,-999,50
7,23,2026,14,14,-20,-20,-999,50
7,23,2026,14,14,-20,-20,-999,50
7,23,2026,14,14,-20,-20,-999,50
7,23,2026,14,15,-20,-20,-999,50
7,23,2026,14,15,-20,-20,-999,50
7,23,2026,14,15,-20,-20,-999,50
7,23,2026,14,15,-20,-20,-999,50
7,23,2026,14,15,-20,-20,-999,50
7,23,2026,14,15,-20,-20,-999,50
7,23,2026,14,16,-20,-20,-999,50
7,23,2026,14,16,-20,-20,-999,50
7,23,2026,14,16,-20,-20,-999,50
7,23,2026,14,16,-20,-20,-999,50
7,23,2026,14,16,-20,-20,-999,50
7,23,2026,14,16,-20,-20,-999,50
7,23,2026,14,17,-20,-20,-999,50
7,23,2026,14,17,-20,-20,-999,50
7,23,2026,14,17,-20,-20,-999,50
7,23,2026,14,17,-20,-20,-999,50
7,23,2026,14,17,-20,-20,-999,50
7,23,2026,14,17,-20,-20,-999,50
7,23,2026,14,18,-20,-20,-999,50
7,23,2026,14,18,-20,-20,-999,50
7,23,2026,14,18,-20,-20,-999,50
7,23,2026,14,18,-20,-20,-999,50
7,23,2026,14,18,-20,-20,-999,50
7,23,2026,14,18,-20,-20,-999,50
7,23,2026,14,19,-20,-20,-999,50
7,23,2026,14,19,-20,-20,-999,50
7,23,2026,14,19,-20,-20,-999,50
7,23,2026,14,19,-20,-20,-999,50
7,23,2026,14,19,-20,-20,-999,50
7,23,2026,14,19,-20,-20,-999,50
7,23,2026,14,20,-20,-20,-999,50
7,23,2026,14,20,-20,-20,-999,50
7,23,2026,14,20,-20,-20,-999,50
7,23,2026,14,20,-20,-20,-999,50
7,23,2026,14,20,-20,-20,-999,50
7,23,2026,14,20,-20,-20,-999,50
7,23,2026,14,21,-20,-20,-999,50
7,23,2026,14,21,-20,-20,-999,50
7,23,2026,14,21,-20,-20,-999,50
7,23,2026,14,21,-20,-20,-999,50
7,23,2026,14,21,-20,-20,-999,50
7,23,2026,14,21,-20,-20,-999,50
7,23,2026,14,22,-20,-20,-999,50
7,23,2026,14,22,-20,-20,-999,50
7,23,2026,14,22,-20,-20,-999,50
7,23,2026,14,22,-20,-20,-999,50
7,23,2026,14,22,-20,-20,-999,50
7,23,2026,14,22,-20,-20,-999,50
7,23,2026,14,23,-20,-20,-999,50
7,23,2026,14,23,-20,-20,-999,50
7,23,2026,14,23,-20,-20,-999,50
7,23,2026,14,23,-20,-20,-999,50
7,23,2026,14,23,-20,-20,-999,50
7,23,2026,14,23,-20,-20,-999,50
7,23,2026,14,24,-20,-20,-999,50
7,23,2026,14,24,-20,-20,-999,50
7,23,2026,14,24,-20,-20,-999,50
7,23,2026,14,24,-20,-20,-999,50
7,23,2026,14,24,-20,-20,-999,50
7,23,2026,14,24,-20,-20,-999,50
7,23,2026,14,25,-20,-20,-999,50
7,23,2026,14,25,-20,-20,-999,50
7,23,2026,14,25,-20,-20,-999,50
7,23,2026,14,25,-20,-20,-999,50
7,23,2026,14,25,-20,-20,-999,50
7,23,2026,14,25,-20,-20,-999,50
7,23,2026,14,26,-20,-20,-999,50
7,23,2026,14,26,-20,-20,-999,50
7,23,2026,14,26,-20,-20,-999,50
7,23,2026,14,26,-20,-20,-999,50
7,23,2026,14,26,-20,-20,-999,50
7,23,2026,14,26,-20,-20,-999,50
7,23,2026,14,27,-20,-20,-999,50
7,23,2026,14,27,-20,-20,-999,50
7,23,2026,14,27,-20,-20,-999,50
7,23,2026,14,27,-20,-20,-999,50
7,23,2026,14,27,-20,-20,-999,50
7,23,2026,14,27,-20,-20,-999,50
7,23,2026,14,28,-20,-20,-999,50
7,23,2026,14,28,-20,-20,-999,50
7,23,2026,14,28,-20,-20,-999,50
7,23,2026,14,28,-20,-20,-999,50
7,23,2026,14,28,-20,-20,-999,50
7,23,2026,14,28,-20,-20,-999,50
7,23,2026,14,29,-20,-20,-999,50
7,23,2026,14,29,-20,-20,-999,50
7,23,2026,14,29,-20,-20,-999,50
7,23,2026,14,29,-20,-20,-999,50
7,23,2026,14,29,-20,-20,-999,50
7,23,2026,14,29,-20,-20,-999,50
7,23,2026,14,30,-20,-20,-999,50
7,23,2026,14,30,-20,-20,-999,50
7,23,2026,14,30,-20,-20,-999,50
7,23,2026,14,30,-20,-20,-999,50
7,23,2026,14,30,-20,-20,-999,50
7,23,2026,14,30,-20,-20,-999,50
7,23,2026,14,31,-20,-20,-999,50
7,23,2026,14,31,-20,-20,-999,50
7,23,2026,14,31,-20,-20,-999,50
7,23,2026,14,31,-20,-20,-999,50
7,23,2026,14,31,-20,-20,-999,50
7,23,2026,14,31,-20,-20,-999,50
7,23,2026,14,32,-20,-20,-999,50
7,23,2026,14,32,-20,-20,-999,50
7,23,2026,14,32,-20,-20,-999,50
7,23,2026,14,32,-20,85,-999,50
7,23,2026,14,32,-18.9,85,-999,50
7,23,2026,14,32,-16.4,85,-999,50
7,23,2026,14,33,-13.5,85,-999,50
7,23,2026,14,33,-10.7,85,-999,50
7,23,2026,14,33,-8.1,85,-999,50
7,23,2026,14,33,-5.7,85,-999,50
7,23,2026,14,33,-3.5,85,-999,50
7,23,2026,14,33,-1.4,85,-999,50
7,23,2026,14,34,0.6,85,-999,50
7,23,2026,14,34,2.3,85,-999,50
7,23,2026,14,34,4,85,-999,50
7,23,2026,14,34,5.6,85,-999,50
7,23,2026,14,34,7.2,85,-999,50
7,23,2026,14,34,8.7,85,4,50
7,23,2026,14,35,10.1,85,0,50
7,23,2026,14,35,11.4,85,0,50
7,23,2026,14,35,12.6,85,0,50
7,23,2026,14,35,13.8,85,0,50
7,23,2026,14,35,14.9,85,0,50
7,23,2026,14,35,16,85,0,50
7,23,2026,14,36,17.2,85,0,50
7,23,2026,14,36,18.3,85,0,50
7,23,2026,14,36,19.3,85,6,50
7,23,2026,14,36,20.3,85,12,50
7,23,2026,14,36,21.4,85,16,50
7,23,2026,14,36,22.4,85,18,50
7,23,2026,14,37,23.5,85,20,50
7,23,2026,14,37,24.6,85,21,50
7,23,2026,14,37,25.7,85,23,50
7,23,2026,14,37,26.8,85,25,50
7,23,2026,14,37,28,85,26,50
7,23,2026,14,37,29.1,85,28,50
7,23,2026,14,38,30.1,85,29,50
7,23,2026,14,38,30.9,85,30,50
7,23,2026,14,38,31.6,85,30,50
7,23,2026,14,38,32.4,85,30,50
7,23,2026,14,38,33.1,85,31,50
7,23,2026,14,38,33.8,85,32,50
7,23,2026,14,39,34.6,85,32,50
7,23,2026,14,39,35.3,85,33,50
7,23,2026,14,39,36.1,85,34,50
7,23,2026,14,39,37,85,35,50
7,23,2026,14,39,38,85,35,50
7,23,2026,14,39,39,85,36,50
7,23,2026,14,40,40.1,85,37,50
7,23,2026,14,40,41.2,85,37,50
7,23,2026,14,40,42.3,85,38,50
7,23,2026,14,40,43.3,85,38,50
7,23,2026,14,40,44.4,85,38,50
7,23,2026,14,40,45.4,85,39,50
7,23,2026,14,41,46.5,85,39,50
7,23,2026,14,41,47.5,85,39,50
7,23,2026,14,41,48.5,85,40,50
7,23,2026,14,41,49.5,85,40,50
7,23,2026,14,41,50.5,85,40,50
7,23,2026,14,41,51.5,85,40,50
7,23,2026,14,42,52.5,85,41,50
7,23,2026,14,42,53.5,85,41,50
7,23,2026,14,42,54.5,85,41,50
7,23,2026,14,42,55.5,85,41,50
7,23,2026,14,42,56.5,85,42,50
7,23,2026,14,42,57.5,85,42,50
7,23,2026,14,43,58.5,85,42,50
7,23,2026,14,43,59.5,85,42,50
7,23,2026,14,43,60.6,85,42,50
7,23,2026,14,43,61.6,85,43,50
7,23,2026,14,43,62.6,85,43,50
7,23,2026,14,43,63.6,85,43,50
7,23,2026,14,44,64.6,85,43,50
7,23,2026,14,44,65.6,85,43,50
7,23,2026,14,44,66.5,85,43,50
7,23,2026,14,44,67.5,85,42,50
7,23,2026,14,44,68.5,85,42,50
7,23,2026,14,44,69.4,85,42,50
7,23,2026,14,45,70.3,85,42,50
7,23,2026,14,45,71.3,85,42,50
7,23,2026,14,45,72.2,85,42,50
7,23,2026,14,45,73.1,85,42,50
7,23,2026,14,45,74,85,41,50
7,23,2026,14,45,74.9,85,41,50
7,23,2026,14,46,75.8,85,41,50
7,23,2026,14,46,76.7,85,41,50
7,23,2026,14,46,77.5,85,41,50
7,23,2026,14,46,78.4,85,40,50
7,23,2026,14,46,79.2,85,40,50
7,23,2026,14,46,80,85,40,50
7,23,2026,14,47,80.8,85,39,50
7,23,2026,14,47,81.6,85,39,50
7,23,2026,14,47,82.3,85,39,50
7,23,2026,14,47,83,85,38,50
7,23,2026,14,47,83.7,85,38,50
7,23,2026,14,47,84.3,85,38,50
7,23,2026,14,48,84.8,85,38,50
7,23,2026,14,48,85.1,85,39,50
7,23,2026,14,48,85.3,85,39,50
7,23,2026,14,48,85.4,85,40,50
7,23,2026,14,48,85.4,85,41,50
7,23,2026,14,48,85.5,85,42,50
7,23,2026,14,49,85.4,85,42,50
7,23,2026,14,49,85.4,85,43,50
7,23,2026,14,49,85.4,85,43,50
7,23,2026,14,49,85.4,85,44,50
7,23,2026,14,49,85.3,85,44,50
7,23,2026,14,49,85.3,85,44,50
7,23,2026,14,50,85.3,85,45,50
7,23,2026,14,50,85.2,85,45,50
7,23,2026,14,50,85.2,85,46,50
7,23,2026,14,50,85.3,85,46,50
7,23,2026,14,50,85.2,85,46,50
7,23,2026,14,50,85.2,85,47,50
7,23,2026,14,51,85.2,85,47,50
7,23,2026,14,51,85.2,85,47,50
7,23,2026,14,51,85.2,85,47,50
7,23,2026,14,51,85.1,85,47,50
7,23,2026,14,51,85.1,85,48,50
7,23,2026,14,51,85.1,85,48,50
7,23,2026,14,52,85.1,85,48,50
7,23,2026,14,52,85.1,85,48,50
7,23,2026,14,52,85.1,85,49,50
7,23,2026,14,52,85.1,85,49,50
7,23,2026,14,52,85.1,85,49,50
7,23,2026,14,52,85.1,85,49,50
7,23,2026,14,53,85.1,85,49,50
7,23,2026,14,53,85.1,85,50,50
7,23,2026,14,53,85.1,85,50,50
7,23,2026,14,53,85.1,85,50,50
7,23,2026,14,53,85.1,85,50,50
7,23,2026,14,53,85.1,85,50,50
7,23,2026,14,54,85.1,85,50,50
7,23,2026,14,54,85.1,85,51,50
7,23,2026,14,54,85.1,85,51,50
7,23,2026,14,54,85.1,85,51,50
7,23,2026,14,54,85.1,85,51,50
7,23,2026,14,54,85.1,85,51,50
7,23,2026,14,55,85.1,85,51,50
7,23,2026,14,55,85.1,85,51,50
7,23,2026,14,55,85.1,85,51,50
7,23,2026,14,55,85,85,51,50
7,23,2026,14,55,85.1,85,52,50
7,23,2026,14,55,85.1,85,52,50
7,23,2026,14,56,85.1,85,52,50
7,23,2026,14,56,85.1,85,52,50
7,23,2026,14,56,85.1,85,52,50
7,23,2026,14,56,85,85,52,50
7,23,2026,14,56,85,85,52,50
7,23,2026,14,56,85,85,52,50
7,23,2026,14,57,85.1,85,52,50
7,23,2026,14,57,85.1,85,52,50
7,23,2026,14,57,85.1,85,52,50
7,23,2026,14,57,85.1,85,52,50
7,23,2026,14,57,85,85,52,50
7,23,2026,14,57,85,85,52,50
7,23,2026,14,58,85,85,52,50
7,23,2026,14,58,85,85,52,50
7,23,2026,14,58,85,85,52,50
7,23,2026,14,58,85,85,52,50
7,23,2026,14,58,85,85,52,50
7,23,2026,14,58,85,85,52,50
7,23,2026,14,59,85,85,52,50
7,23,2026,14,59,85,85,52,50
7,23,2026,14,59,85,85,52,50
7,23,2026,14,59,85,85,52,50
7,23,2026,14,59,85,85,52,50
7,23,2026,14,59,85,85,52,50
7,23,2026,15,00,85,85,52,50
7,23,2026,15,00,85,85,52,50
7,23,2026,15,00,85,85,52,50
7,23,2026,15,00,85,85,52,50
7,23,2026,15,00,85,85,52,50
7,23,2026,15,00,85,85,52,50
7,23,2026,15,01,85,85,52,50
7,23,2026,15,01,85,85,52,50
7,23,2026,15,01,85,85,52,50
7,23,2026,15,01,85,85,52,50
7,23,2026,15,01,85,85,52,50
7,23,2026,15,01,85,85,52,50
7,23,2026,15,02,85,85,52,50
7,23,2026,15,02,85,85,52,50
7,23,2026,15,02,85,85,52,50
7,23,2026,15,02,85,85,52,50
7,23,2026,15,02,85,85,52,50
7,23,2026,15,02,85,85,52,50
7,23,2026,15,03,85,85,52,50
7,23,2026,15,03,85,85,52,50
7,23,2026,15,03,85,85,52,50
7,23,2026,15,03,85,85,52,50
7,23,2026,15,03,85,85,52,50
7,23,2026,15,03,85,85,52,50
7,23,2026,15,04,85,85,52,50
7,23,2026,15,04,85,85,52,50
7,23,2026,15,04,85,85,52,50
7,23,2026,15,04,85,85,52,50
7,23,2026,15,04,85,85,51,50
7,23,2026,15,04,85,85,51,50
7,23,2026,15,05,85,85,51,50
7,23,2026,15,05,85,85,51,50
7,23,2026,15,05,85,85,51,50
7,23,2026,15,05,85,85,51,50
7,23,2026,15,05,85,85,51,50
7,23,2026,15,05,85,85,51,50
7,23,2026,15,06,85,85,51,50
7,23,2026,15,06,85,85,51,50
7,23,2026,15,06,85,85,51,50
7,23,2026,15,06,85,85,51,50
7,23,2026,15,06,85,85,51,50
7,23,2026,15,06,85,85,51,50
7,23,2026,15,07,85,85,51,50
7,23,2026,15,07,85,85,51,50
7,23,2026,15,07,85,85,51,50
7,23,2026,15,07,85,85,51,50
7,23,2026,15,07,85,85,51,50
7,23,2026,15,07,85,85,51,50
7,23,2026,15,08,85,85,51,50
7,23,2026,15,08,85,85,51,50
7,23,2026,15,08,85,85,51,50
7,23,2026,15,08,85,85,51,50
7,23,2026,15,08,85,85,51,50
7,23,2026,15,08,85,85,51,50
7,23,2026,15,09,85,85,51,50
7,23,2026,15,09,85,85,51,50
7,23,2026,15,09,85,85,51,50
7,23,2026,15,09,85,85,51,50
7,23,2026,15,09,85,85,51,50
7,23,2026,15,09,85,85,51,50
7,23,2026,15,10,85,85,51,50
7,23,2026,15,10,85,85,51,50
7,23,2026,15,10,85,85,51,50
7,23,2026,15,10,85,85,51,50
7,23,2026,15,10,85,85,51,50
7,23,2026,15,10,85,85,51,50
7,23,2026,15,11,85,85,50,50
7,23,2026,15,11,85,85,51,50
7,23,2026,15,11,85,85,50,50
7,23,2026,15,11,85,85,50,50
7,23,2026,15,11,85,85,50,50
7,23,2026,15,11,85,85,50,50
7,23,2026,15,12,85,85,50,50
7,23,2026,15,12,85,85,50,50
7,23,2026,15,12,85,85,50,50
7,23,2026,15,12,85,85,50,50
7,23,2026,15,12,85,85,50,50
7,23,2026,15,12,85,85,50,50
7,23,2026,15,13,85,85,50,50
7,23,2026,15,13,85,85,50,50
7,23,2026,15,13,85,85,50,50
7,23,2026,15,13,85,85,50,50
7,23,2026,15,13,85,85,50,50
7,23,2026,15,13,85,85,50,50
7,23,2026,15,14,85,85,50,50
7,23,2026,15,14,85,85,50,50
7,23,2026,15,14,85,85,50,50
7,23,2026,15,14,85,85,50,50
7,23,2026,15,14,85,85,50,50
7,23,2026,15,14,85,85,50,50
7,23,2026,15,15,85,85,50,50
7,23,2026,15,15,85,85,50,50
7,23,2026,15,15,85,85,50,50
7,23,2026,15,15,85,85,50,50
7,23,2026,15,15,85,85,50,50
7,23,2026,15,15,85,85,50,50
7,23,2026,15,16,85,85,50,50
7,23,2026,15,16,85,85,50,50
7,23,2026,15,16,85,85,50,50
7,23,2026,15,16,85,85,50,50
7,23,2026,15,16,85,85,50,50
7,23,2026,15,16,85,85,50,50
7,23,2026,15,17,85,85,50,50
7,23,2026,15,17,85,85,50,50
7,23,2026,15,17,85,85,50,50
7,23,2026,15,17,85,85,50,50
7,23,2026,15,17,85,85,50,50
7,23,2026,15,17,85,85,50,50
7,23,2026,15,18,85,85,50,50
7,23,2026,15,18,85,85,50,50
7,23,2026,15,18,85,85,50,50
7,23,2026,15,18,85,85,50,50
7,23,2026,15,18,85,85,50,50
7,23,2026,15,18,85,85,50,50
7,23,2026,15,19,85,85,50,50
7,23,2026,15,19,85,85,50,50
7,23,2026,15,19,85,85,50,50
7,23,2026,15,19,85,85,50,50
7,23,2026,15,19,85,85,50,50
7,23,2026,15,19,85,85,50,50
7,23,2026,15,20,85,85,50,50
7,23,2026,15,20,85,85,50,50
7,23,2026,15,20,85,85,50,50
7,23,2026,15,20,85,85,50,50
7,23,2026,15,20,85,85,50,50
7,23,2026,15,20,85,85,50,50
7,23,2026,15,21,85,85,50,50
7,23,2026,15,21,85,85,50,50
7,23,2026,15,21,85,85,50,50
7,23,2026,15,21,85,85,50,50
7,23,2026,15,21,85,85,50,50
7,23,2026,15,21,85,85,50,50
7,23,2026,15,22,85,85,50,50
7,23,2026,15,22,85,85,50,50
7,23,2026,15,22,85,85,50,50
7,23,2026,15,22,85,85,50,50
7,23,2026,15,22,85,85,50,50
7,23,2026,15,22,85,85,50,50
7,23,2026,15,23,85,85,50,50
7,23,2026,15,23,85,85,50,50
7,23,2026,15,23,85,85,50,50
7,23,2026,15,23,85,85,50,50
7,23,2026,15,23,85,85,50,50
7,23,2026,15,23,85,85,50,50
7,23,2026,15,24,85,85,50,50
7,23,2026,15,24,85,85,50,50
7,23,2026,15,24,85,85,50,50
7,23,2026,15,24,85,85,50,50
7,23,2026,15,24,85,85,50,50
7,23,2026,15,24,85,85,50,50
7,23,2026,15,25,85,85,50,50
7,23,2026,15,25,85,85,50,50
7,23,2026,15,25,85,85,50,50
7,23,2026,15,25,85,85,50,50
7,23,2026,15,25,85,85,50,50
7,23,2026,15,25,85,85,50,50
7,23,2026,15,26,85,85,50,50
7,23,2026,15,26,85,85,50,50
7,23,2026,15,26,85,85,50,50
7,23,2026,15,26,85,85,50,50
7,23,2026,15,26,85,85,50,50
7,23,2026,15,26,85,85,50,50
7,23,2026,15,27,85,85,50,50
7,23,2026,15,27,85,85,50,50
7,23,2026,15,27,85,85,50,50
7,23,2026,15,27,85,85,50,50
7,23,2026,15,27,85,85,50,50
7,23,2026,15,27,85,85,50,50
7,23,2026,15,28,85,85,50,50
7,23,2026,15,28,85,85,50,50
7,23,2026,15,28,85,85,50,50
7,23,2026,15,28,85,85,50,50
7,23,2026,15,28,85,85,50,50
7,23,2026,15,28,85,85,50,50
7,23,2026,15,29,85,85,50,50
7,23,2026,15,29,85,85,50,50
7,23,2026,15,29,85,85,50,50
7,23,2026,15,29,85,85,50,50
7,23,2026,15,29,85,85,50,50
7,23,2026,15,29,85,85,50,50
7,23,2026,15,30,85,85,50,50
7,23,2026,15,30,85,85,50,50
7,23,2026,15,30,85,85,50,50
7,23,2026,15,30,85,85,50,50
7,23,2026,15,30,85,85,50,50
7,23,2026,15,30,85,85,50,50
7,23,2026,15,31,85,85,50,50
7,23,2026,15,31,85,85,50,50
7,23,2026,15,31,85,85,50,50
7,23,2026,15,31,85,85,50,50
7,23,2026,15,31,85,85,50,50
7,23,2026,15,31,85,85,50,50
7,23,2026,15,32,85,85,50,50
7,23,2026,15,32,85,85,50,50
7,23,2026,15,32,85,85,50,50
7,23,2026,15,32,85,85,50,50
7,23,2026,15,32,85,85,50,50
7,23,2026,15,32,85,85,50,50
7,23,2026,15,33,85,85,50,50
7,23,2026,15,33,85,85,50,50
7,23,2026,15,33,85,85,50,50
7,23,2026,15,33,85,85,50,50
7,23,2026,15,33,85,85,50,50
7,23,2026,15,33,85,85,50,50
7,23,2026,15,34,85,85,50,50
7,23,2026,15,34,85,85,50,50
7,23,2026,15,34,85,85,50,50
7,23,2026,15,34,85,85,50,50
7,23,2026,15,34,85,85,50,50
7,23,2026,15,34,85,85,50,50
7,23,2026,15,35,85,85,50,50
7,23,2026,15,35,85,85,50,50
7,23,2026,15,35,85,85,50,50
7,23,2026,15,35,85,85,50,50
7,23,2026,15,35,85,85,50,50
7,23,2026,15,35,85,85,50,50
7,23,2026,15,36,85,85,50,50
7,23,2026,15,36,85,85,50,50
7,23,2026,15,36,85,85,50,50
7,23,2026,15,36,85,85,50,50
7,23,2026,15,36,85,85,50,50
7,23,2026,15,36,85,85,50,50
7,23,2026,15,37,85,85,50,50
7,23,2026,15,37,85,85,50,50
7,23,2026,15,37,85,85,50,50
7,23,2026,15,37,85,85,50,50
7,23,2026,15,37,85,85,50,50
7,23,2026,15,37,85,85,50,50
7,23,2026,15,38,85,85,50,50
7,23,2026,15,38,85,85,50,50
7,23,2026,15,38,85,85,50,50
7,23,2026,15,38,85,85,50,50
7,23,2026,15,38,85,85,50,50
7,23,2026,15,38,85,85,50,50
7,23,2026,15,39,85,85,50,50
7,23,2026,15,39,85,85,50,50
7,23,2026,15,39,85,85,50,50
7,23,2026,15,39,85,85,50,50
7,23,2026,15,39,85,85,50,50
7,23,2026,15,39,85,85,50,50
7,23,2026,15,40,85,85,50,50
7,23,2026,15,40,85,85,50,50
7,23,2026,15,40,85,85,50,50
7,23,2026,15,40,85,85,50,50
7,23,2026,15,40,85,85,50,50
7,23,2026,15,40,85,85,50,50
7,23,2026,15,41,85,85,50,50
7,23,2026,15,41,85,85,50,50
7,23,2026,15,41,85,85,50,50
7,23,2026,15,41,85,85,50,50
7,23,2026,15,41,85,85,50,50
7,23,2026,15,41,85,85,50,50
7,23,2026,15,42,85,85,50,50
7,23,2026,15,42,85,85,50,50
7,23,2026,15,42,85,85,50,50
7,23,2026,15,42,85,85,50,50
7,23,2026,15,42,85,85,50,50
7,23,2026,15,42,85,85,50,50
7,23,2026,15,43,85,85,50,50
7,23,2026,15,43,85,85,50,50
7,23,2026,15,43,85,85,50,50
7,23,2026,15,43,85,85,50,50
7,23,2026,15,43,85,85,50,50
7,23,2026,15,43,85,85,50,50
7,23,2026,15,44,85,85,50,50
7,23,2026,15,44,85,85,50,50
7,23,2026,15,44,85,85,50,50
7,23,2026,15,44,85,85,50,50
7,23,2026,15,44,85,85,50,50
7,23,2026,15,44,85,85,50,50
7,23,2026,15,45,85,85,50,50
7,23,2026,15,45,85,85,50,50
7,23,2026,15,45,85,85,50,50
7,23,2026,15,45,85,85,50,50
7,23,2026,15,45,85,85,50,50
7,23,2026,15,45,85,85,50,50
7,23,2026,15,46,85,85,50,50
7,23,2026,15,46,85,85,50,50
7,23,2026,15,46,85,85,50,50
7,23,2026,15,46,85,85,50,50
7,23,2026,15,46,85,85,50,50
7,23,2026,15,46,85,85,50,50
7,23,2026,15,47,85,85,50,50
7,23,2026,15,47,85,85,50,50
7,23,2026,15,47,85,85,50,50
7,23,2026,15,47,85,85,50,50
7,23,2026,15,47,85,85,50,50
7,23,2026,15,47,85,85,50,50
7,23,2026,15,48,85,85,50,50
7,23,2026,15,48,85,85,50,50
7,23,2026,15,48,85,85,50,50
7,23,2026,15,48,85,85,50,50
7,23,2026,15,48,85,85,50,50
7,23,2026,15,48,85,85,50,50
7,23,2026,15,49,85,85,50,50
7,23,2026,15,49,85,85,50,50
7,23,2026,15,49,85,85,50,50
7,23,2026,15,49,85,85,50,50
7,23,2026,15,49,85,85,50,50
7,23,2026,15,49,85,85,50,50
7,23,2026,15,50,85,85,50,50
7,23,2026,15,50,85,85,50,50
7,23,2026,15,50,85,85,50,50
7,23,2026,15,50,85,85,50,50
7,23,2026,15,50,85,85,50,50
7,23,2026,15,50,85,85,50,50
7,23,2026,15,51,85,85,50,50
7,23,2026,15,51,85,85,50,50
7,23,2026,15,51,85,85,50,50
7,23,2026,15,51,85,85,50,50
7,23,2026,15,51,85,85,50,50
7,23,2026,15,51,85,85,50,50
7,23,2026,15,52,85,85,50,50
7,23,2026,15,52,85,85,50,50
7,23,2026,15,52,85,85,50,50
7,23,2026,15,52,85,85,50,50
7,23,2026,15,52,85,85,50,50
7,23,2026,15,52,85,85,50,50
7,23,2026,15,53,85,85,50,50
7,23,2026,15,53,85,85,50,50
7,23,2026,15,53,85,85,50,50
7,23,2026,15,53,85,85,50,50
7,23,2026,15,53,85,85,50,50
7,23,2026,15,53,85,85,50,50
7,23,2026,15,54,85,85,50,50
7,23,2026,15,54,85,85,50,50
7,23,2026,15,54,85,85,50,50
7,23,2026,15,54,85,85,50,50
7,23,2026,15,54,85,85,50,50
7,23,2026,15,54,85,85,50,50
7,23,2026,15,55,85,85,50,50
7,23,2026,15,55,85,85,50,50
7,23,2026,15,55,85,85,50,50
7,23,2026,15,55,85,85,50,50
7,23,2026,15,55,85,85,50,50
7,23,2026,15,55,85,85,50,50
7,23,2026,15,56,85,85,50,50
7,23,2026,15,56,85,85,50,50
7,23,2026,15,56,85,85,50,50
7,23,2026,15,56,85,85,50,50
7,23,2026,15,56,85,85,50,50
7,23,2026,15,56,85,85,50,50
7,23,2026,15,57,85,85,50,50
7,23,2026,15,57,85,85,50,50
7,23,2026,15,57,85,85,50,50
7,23,2026,15,57,85,85,50,50
7,23,2026,15,57,85,85,50,50
7,23,2026,15,57,85,85,50,50
7,23,2026,15,58,85,85,50,50
7,23,2026,15,58,85,85,50,50
7,23,2026,15,58,85,85,50,50
7,23,2026,15,58,85,85,50,50
7,23,2026,15,58,85,85,50,50
7,23,2026,15,58,85,85,50,50
7,23,2026,15,59,85,85,50,50
7,23,2026,15,59,85,85,50,50
7,23,2026,15,59,85,85,50,50
7,23,2026,15,59,85,85,50,50
7,23,2026,15,59,85,85,50,50
7,23,2026,15,59,85,85,50,50
7,23,2026,16,00,85,85,50,50
7,23,2026,16,00,85,85,50,50
7,23,2026,16,00,85,85,50,50
7,23,2026,16,00,85,85,50,50
7,23,2026,16,00,85,85,50,50
7,23,2026,16,00,85,85,50,50
7,23,2026,16,01,85,85,50,50
7,23,2026,16,01,85,85,50,50
7,23,2026,16,01,85,85,50,50
7,23,2026,16,01,85,85,50,50
7,23,2026,16,01,85,85,50,50
7,23,2026,16,01,85,85,50,50
7,23,2026,16,02,85,85,50,50
7,23,2026,16,02,85,85,50,50
7,23,2026,16,02,85,85,50,50
7,23,2026,16,02,85,85,50,50
7,23,2026,16,02,85,85,50,50
7,23,2026,16,02,85,85,50,50
7,23,2026,16,03,85,85,50,50
7,23,2026,16,03,85,85,50,50
7,23,2026,16,03,85,85,50,50
7,23,2026,16,03,85,85,50,50
7,23,2026,16,03,85,85,50,50
7,23,2026,16,03,85,85,50,50
7,23,2026,16,04,85,85,50,50
7,23,2026,16,04,85,85,50,50
7,23,2026,16,04,85,85,50,50
7,23,2026,16,04,85,85,50,50
7,23,2026,16,04,85,85,50,50
7,23,2026,16,04,85,85,50,50
7,23,2026,16,05,85,85,50,50
7,23,2026,16,05,85,85,50,50
7,23,2026,16,05,85,85,50,50
7,23,2026,16,05,85,85,50,50
7,23,2026,16,05,85,85,50,50
7,23,2026,16,05,85,85,50,50
7,23,2026,16,06,85,85,50,50
7,23,2026,16,06,85,85,50,50
7,23,2026,16,06,85,85,50,50
7,23,2026,16,06,85,85,50,50
7,23,2026,16,06,85,85,50,50
7,23,2026,16,06,85,85,50,50
7,23,2026,16,07,85,85,50,50
7,23,2026,16,07,85,85,50,50
7,23,2026,16,07,85,85,50,50
7,23,2026,16,07,85,85,50,50
7,23,2026,16,07,85,85,50,50
7,23,2026,16,07,85,85,50,50
7,23,2026,16,08,85,85,50,50
7,23,2026,16,08,85,85,50,50
7,23,2026,16,08,85,85,50,50
7,23,2026,16,08,85,85,50,50
7,23,2026,16,08,85,85,50,50
7,23,2026,16,08,85,85,50,50
7,23,2026,16,09,85,85,50,50
7,23,2026,16,09,85,85,50,50
7,23,2026,16,09,85,85,50,50
7,23,2026,16,09,85,85,50,50
7,23,2026,16,09,85,85,50,50
7,23,2026,16,09,85,85,50,50
7,23,2026,16,10,85,85,50,50
7,23,2026,16,10,85,85,50,50
7,23,2026,16,10,85,85,50,50
7,23,2026,16,10,85,85,50,50
7,23,2026,16,10,85,85,50,50
7,23,2026,16,10,85,85,50,50
7,23,2026,16,11,85,85,50,50
7,23,2026,16,11,85,85,50,50
7,23,2026,16,11,85,85,50,50
7,23,2026,16,11,85,85,50,50
7,23,2026,16,11,85,85,50,50
7,23,2026,16,11,85,85,50,50
7,23,2026,16,12,85,85,50,50
7,23,2026,16,12,85,85,50,50
7,23,2026,16,12,85,85,50,50
7,23,2026,16,12,85,85,50,50
7,23,2026,16,12,85,85,50,50
7,23,2026,16,12,85,85,50,50
7,23,2026,16,13,85,85,50,50
7,23,2026,16,13,85,85,50,50
7,23,2026,16,13,85,85,50,50
7,23,2026,16,13,85,85,50,50
7,23,2026,16,13,85,85,50,50
7,23,2026,16,13,85,85,50,50
7,23,2026,16,14,85,85,50,50
7,23,2026,16,14,85,85,50,50
7,23,2026,16,14,85,85,50,50
7,23,2026,16,14,85,85,50,50
7,23,2026,16,14,85,85,50,50
7,23,2026,16,14,85,85,50,50
7,23,2026,16,15,85,85,50,50
7,23,2026,16,15,85,85,50,50
7,23,2026,16,15,85,85,50,50
7,23,2026,16,15,85,85,50,50
7,23,2026,16,15,85,85,50,50
7,23,2026,16,15,85,85,50,50
7,23,2026,16,16,85,85,50,50
7,23,2026,16,16,85,85,50,50
7,23,2026,16,16,85,85,50,50
7,23,2026,16,16,85,85,50,50
7,23,2026,16,16,85,85,50,50
7,23,2026,16,16,85,85,50,50
7,23,2026,16,17,85,85,50,50
7,23,2026,16,17,85,85,50,50
7,23,2026,16,17,85,85,50,50
7,23,2026,16,17,85,85,50,50
7,23,2026,16,17,85,85,50,50
7,23,2026,16,17,85,85,50,50
7,23,2026,16,18,85,85,50,50
7,23,2026,16,18,85,85,50,50
7,23,2026,16,18,85,85,50,50
7,23,2026,16,18,85,85,50,50
7,23,2026,16,18,85,85,50,50
7,23,2026,16,18,85,85,50,50
7,23,2026,16,19,85,85,50,50
7,23,2026,16,19,85,85,50,50
7,23,2026,16,19,85,85,50,50
7,23,2026,16,19,85,85,50,50
7,23,2026,16,19,85,85,50,50
7,23,2026,16,19,85,85,50,50
7,23,2026,16,20,85,85,50,50
7,23,2026,16,20,85,85,50,50
7,23,2026,16,20,85,85,50,50
7,23,2026,16,20,85,85,50,50
7,23,2026,16,20,85,85,50,50
7,23,2026,16,20,85,85,50,50
7,23,2026,16,21,85,85,50,50
7,23,2026,16,21,85,85,50,50
7,23,2026,16,21,85,85,50,50
7,23,2026,16,21,85,85,50,50
7,23,2026,16,21,85,85,50,50
7,23,2026,16,21,85,85,50,50
7,23,2026,16,22,85,85,50,50
7,23,2026,16,22,85,85,50,50
7,23,2026,16,22,85,85,50,50
7,23,2026,16,22,85,85,50,50
7,23,2026,16,22,85,85,50,50
7,23,2026,16,22,85,85,50,50
7,23,2026,16,23,85,85,50,50
7,23,2026,16,23,85,85,50,50
7,23,2026,16,23,85,85,50,50
7,23,2026,16,23,85,85,50,50
7,23,2026,16,23,85,85,50,50
7,23,2026,16,23,85,85,50,50
7,23,2026,16,24,85,85,50,50
7,23,2026,16,24,85,85,50,50
7,23,2026,16,24,85,85,50,50
7,23,2026,16,24,85,85,50,50
7,23,2026,16,24,85,85,50,50
7,23,2026,16,24,85,85,50,50
7,23,2026,16,25,85,85,50,50
7,23,2026,16,25,85,85,50,50
7,23,2026,16,25,85,85,50,50
7,23,2026,16,25,85,85,50,50
7,23,2026,16,25,85,85,50,50
7,23,2026,16,25,85,85,50,50
7,23,2026,16,26,85,85,50,50
7,23,2026,16,26,85,85,50,50
7,23,2026,16,26,85,85,50,50
7,23,2026,16,26,85,85,50,50
7,23,2026,16,26,85,85,50,50
7,23,2026,16,26,85,85,50,50
7,23,2026,16,27,85,85,50,50
7,23,2026,16,27,85,85,50,50
7,23,2026,16,27,85,85,50,50
7,23,2026,16,27,85,85,50,50
7,23,2026,16,27,85,85,50,50
7,23,2026,16,27,85,85,50,50
7,23,2026,16,28,85,85,50,50
7,23,2026,16,28,85,85,50,50
7,23,2026,16,28,85,85,50,50
7,23,2026,16,28,85,85,50,50
7,23,2026,16,28,85,85,50,50
7,23,2026,16,28,85,85,50,50
7,23,2026,16,29,85,85,50,50
7,23,2026,16,29,85,85,50,50
7,23,2026,16,29,85,85,50,50
7,23,2026,16,29,85,85,50,50
7,23,2026,16,29,85,85,50,50
7,23,2026,16,29,85,85,50,50
7,23,2026,16,30,85,85,50,50
7,23,2026,16,30,85,85,50,50
7,23,2026,16,30,85,85,50,50
7,23,2026,16,30,85,85,50,50
7,23,2026,16,30,85,85,50,50
7,23,2026,16,30,85,85,50,50
7,23,2026,16,31,85,85,50,50
7,23,2026,16,31,85,85,50,50
7,23,2026,16,31,85,85,50,50
7,23,2026,16,31,85,25,50,50
7,23,2026,16,31,84.7,25,50,50
7,23,2026,16,31,84.1,25,52,50
